"filename", "language", "JSON", "YAML", "censitive", "JSON with Comments", "XML", "PowerShell", "TypeScript", "Markdown", "Mermaid Radar", "C#", "PostCSS", "ASP.NET Razor", "XAML", "JavaScript", "HTML", "comment", "blank", "total"
"d:\workshops\eShop\.aspire\settings.json", "JSON with Comments", 0, 0, 0, 3, 0, 0, 0, 0, 0, 0, 0, 0, 0, 0, 0, 0, 0, 3
"d:\workshops\eShop\.bmad-viewer\integrations.json", "JSON", 15, 0, 0, 0, 0, 0, 0, 0, 0, 0, 0, 0, 0, 0, 0, 0, 0, 15
"d:\workshops\eShop\.censitive", "censitive", 0, 0, 1, 0, 0, 0, 0, 0, 0, 0, 0, 0, 0, 0, 0, 0, 1, 2
"d:\workshops\eShop\.config\CredScanSuppressions.json", "JSON", 13, 0, 0, 0, 0, 0, 0, 0, 0, 0, 0, 0, 0, 0, 0, 0, 1, 14
"d:\workshops\eShop\.config\configuration.vs.winget", "YAML", 0, 80, 0, 0, 0, 0, 0, 0, 0, 0, 0, 0, 0, 0, 0, 36, 1, 117
"d:\workshops\eShop\.config\configuration.vsCode.winget", "YAML", 0, 134, 0, 0, 0, 0, 0, 0, 0, 0, 0, 0, 0, 0, 0, 47, 1, 182
"d:\workshops\eShop\.config\tsaoptions.json", "JSON", 12, 0, 0, 0, 0, 0, 0, 0, 0, 0, 0, 0, 0, 0, 0, 0, 0, 12
"d:\workshops\eShop\.devcenter\catalog\definitions\imagedefinition.yaml", "YAML", 0, 1, 0, 0, 0, 0, 0, 0, 0, 0, 0, 0, 0, 0, 0, 0, 1, 2
"d:\workshops\eShop\.github\dependabot.yml", "YAML", 0, 61, 0, 0, 0, 0, 0, 0, 0, 0, 0, 0, 0, 0, 0, 0, 2, 63
"d:\workshops\eShop\.github\instructions\dotnet-api.instructions.md", "Markdown", 0, 0, 0, 0, 0, 0, 0, 20, 0, 0, 0, 0, 0, 0, 0, 0, 3, 23
"d:\workshops\eShop\.github\instructions\prompt-workflow.instructions.md", "Markdown", 0, 0, 0, 0, 0, 0, 0, 13, 0, 0, 0, 0, 0, 0, 0, 0, 3, 16
"d:\workshops\eShop\.github\instructions\review-severity.instructions.md", "Markdown", 0, 0, 0, 0, 0, 0, 0, 17, 0, 0, 0, 0, 0, 0, 0, 0, 3, 20
"d:\workshops\eShop\.github\instructions\test-validation.instructions.md", "Markdown", 0, 0, 0, 0, 0, 0, 0, 18, 0, 0, 0, 0, 0, 0, 0, 0, 3, 21
"d:\workshops\eShop\.github\workflows\markdownlint-problem-matcher.json", "JSON", 17, 0, 0, 0, 0, 0, 0, 0, 0, 0, 0, 0, 0, 0, 0, 0, 1, 18
"d:\workshops\eShop\.github\workflows\markdownlint.yml", "YAML", 0, 19, 0, 0, 0, 0, 0, 0, 0, 0, 0, 0, 0, 0, 0, 2, 6, 27
"d:\workshops\eShop\.github\workflows\playwright.yml", "YAML", 0, 45, 0, 0, 0, 0, 0, 0, 0, 0, 0, 0, 0, 0, 0, 2, 1, 48
"d:\workshops\eShop\.github\workflows\pr-validation-maui.yml", "YAML", 0, 36, 0, 0, 0, 0, 0, 0, 0, 0, 0, 0, 0, 0, 0, 0, 6, 42
"d:\workshops\eShop\.github\workflows\pr-validation.yml", "YAML", 0, 27, 0, 0, 0, 0, 0, 0, 0, 0, 0, 0, 0, 0, 0, 0, 2, 29
"d:\workshops\eShop\.markdownlint.json", "JSON", 16, 0, 0, 0, 0, 0, 0, 0, 0, 0, 0, 0, 0, 0, 0, 3, 2, 21
"d:\workshops\eShop\.spectral.yml", "YAML", 0, 36, 0, 0, 0, 0, 0, 0, 0, 0, 0, 0, 0, 0, 0, 0, 4, 40
"d:\workshops\eShop\CODE-OF-CONDUCT.md", "Markdown", 0, 0, 0, 0, 0, 0, 0, 4, 0, 0, 0, 0, 0, 0, 0, 0, 3, 7
"d:\workshops\eShop\CONTRIBUTING.md", "Markdown", 0, 0, 0, 0, 0, 0, 0, 21, 0, 0, 0, 0, 0, 0, 0, 0, 18, 39
"d:\workshops\eShop\Directory.Build.props", "XML", 0, 0, 0, 0, 16, 0, 0, 0, 0, 0, 0, 0, 0, 0, 0, 2, 4, 22
"d:\workshops\eShop\Directory.Build.targets", "XML", 0, 0, 0, 0, 6, 0, 0, 0, 0, 0, 0, 0, 0, 0, 0, 2, 3, 11
"d:\workshops\eShop\Directory.Packages.props", "XML", 0, 0, 0, 0, 82, 0, 0, 0, 0, 0, 0, 0, 0, 0, 0, 14, 0, 96
"d:\workshops\eShop\IMPROVEMENTS.md", "Markdown", 0, 0, 0, 0, 0, 0, 0, 467, 0, 0, 0, 0, 0, 0, 0, 0, 153, 620
"d:\workshops\eShop\README.md", "Markdown", 0, 0, 0, 0, 0, 0, 0, 113, 0, 0, 0, 0, 0, 0, 0, 0, 49, 162
"d:\workshops\eShop\bootcamp-eShop\ARCHITECTURE.md", "Markdown", 0, 0, 0, 0, 0, 0, 0, 133, 0, 0, 0, 0, 0, 0, 0, 0, 64, 197
"d:\workshops\eShop\bootcamp-eShop\BOOTCAMP.md", "Markdown", 0, 0, 0, 0, 0, 0, 0, 57, 0, 0, 0, 0, 0, 0, 0, 0, 24, 81
"d:\workshops\eShop\bootcamp-eShop\CODEMAP.md", "Markdown", 0, 0, 0, 0, 0, 0, 0, 69, 0, 0, 0, 0, 0, 0, 0, 0, 55, 124
"d:\workshops\eShop\bootcamp-eShop\DEPENDENCIES.md", "Markdown", 0, 0, 0, 0, 0, 0, 0, 36, 0, 0, 0, 0, 0, 0, 0, 0, 18, 54
"d:\workshops\eShop\bootcamp-eShop\FIRST_TASKS.md", "Markdown", 0, 0, 0, 0, 0, 0, 0, 81, 0, 0, 0, 0, 0, 0, 0, 0, 58, 139
"d:\workshops\eShop\bootcamp-eShop\ONBOARDING.md", "Markdown", 0, 0, 0, 0, 0, 0, 0, 84, 0, 0, 0, 0, 0, 0, 0, 0, 38, 122
"d:\workshops\eShop\bootcamp-eShop\RADAR.md", "Markdown", 0, 0, 0, 0, 0, 0, 0, 31, 0, 0, 0, 0, 0, 0, 0, 0, 15, 46
"d:\workshops\eShop\bootcamp-eShop\SECURITY.md", "Markdown", 0, 0, 0, 0, 0, 0, 0, 19, 0, 0, 0, 0, 0, 0, 0, 0, 13, 32
"d:\workshops\eShop\bootcamp-eShop\diagrams.mmd", "Mermaid Radar", 0, 0, 0, 0, 0, 0, 0, 0, 47, 0, 0, 0, 0, 0, 0, 0, 7, 54
"d:\workshops\eShop\bootcamp-eShop\repo_facts.json", "JSON", 540, 0, 0, 0, 0, 0, 0, 0, 0, 0, 0, 0, 0, 0, 0, 0, 0, 540
"d:\workshops\eShop\build\acr-build\queue-all.ps1", "PowerShell", 0, 0, 0, 0, 0, 30, 0, 0, 0, 0, 0, 0, 0, 0, 0, 0, 4, 34
"d:\workshops\eShop\build\local\open-aspire-dashboard.ps1", "PowerShell", 0, 0, 0, 0, 0, 66, 0, 0, 0, 0, 0, 0, 0, 0, 0, 0, 16, 82
"d:\workshops\eShop\build\local\run-local.ps1", "PowerShell", 0, 0, 0, 0, 0, 43, 0, 0, 0, 0, 0, 0, 0, 0, 0, 1, 9, 53
"d:\workshops\eShop\build\multiarch-manifests\create-manifests.ps1", "PowerShell", 0, 0, 0, 0, 0, 21, 0, 0, 0, 0, 0, 0, 0, 0, 0, 0, 5, 26
"d:\workshops\eShop\ci.yml", "YAML", 0, 41, 0, 0, 0, 0, 0, 0, 0, 0, 0, 0, 0, 0, 0, 2, 3, 46
"d:\workshops\eShop\e2e\AddItemTest.spec.ts", "TypeScript", 0, 0, 0, 0, 0, 0, 12, 0, 0, 0, 0, 0, 0, 0, 0, 0, 4, 16
"d:\workshops\eShop\e2e\BrowseItemTest.spec.ts", "TypeScript", 0, 0, 0, 0, 0, 0, 8, 0, 0, 0, 0, 0, 0, 0, 0, 1, 4, 13
"d:\workshops\eShop\e2e\RemoveItemTest.spec.ts", "TypeScript", 0, 0, 0, 0, 0, 0, 14, 0, 0, 0, 0, 0, 0, 0, 0, 0, 7, 21
"d:\workshops\eShop\e2e\login.setup.ts", "TypeScript", 0, 0, 0, 0, 0, 0, 16, 0, 0, 0, 0, 0, 0, 0, 0, 0, 5, 21
"d:\workshops\eShop\eShop.slnx", "XML", 0, 0, 0, 0, 36, 0, 0, 0, 0, 0, 0, 0, 0, 0, 0, 0, 0, 36
"d:\workshops\eShop\es-metadata.yml", "YAML", 0, 8, 0, 0, 0, 0, 0, 0, 0, 0, 0, 0, 0, 0, 0, 0, 1, 9
"d:\workshops\eShop\global.json", "JSON", 13, 0, 0, 0, 0, 0, 0, 0, 0, 0, 0, 0, 0, 0, 0, 0, 1, 14
"d:\workshops\eShop\package-lock.json", "JSON", 104, 0, 0, 0, 0, 0, 0, 0, 0, 0, 0, 0, 0, 0, 0, 0, 1, 105
"d:\workshops\eShop\package.json", "JSON", 17, 0, 0, 0, 0, 0, 0, 0, 0, 0, 0, 0, 0, 0, 0, 0, 1, 18
"d:\workshops\eShop\playwright.config.ts", "TypeScript", 0, 0, 0, 0, 0, 0, 43, 0, 0, 0, 0, 0, 0, 0, 0, 43, 10, 96
"d:\workshops\eShop\src\Basket.API\Basket.API.csproj", "XML", 0, 0, 0, 0, 21, 0, 0, 0, 0, 0, 0, 0, 0, 0, 0, 0, 4, 25
"d:\workshops\eShop\src\Basket.API\Extensions\Extensions.cs", "C#", 0, 0, 0, 0, 0, 0, 0, 0, 0, 21, 0, 0, 0, 0, 0, 0, 8, 29
"d:\workshops\eShop\src\Basket.API\Extensions\ServerCallContextIdentityExtensions.cs", "C#", 0, 0, 0, 0, 0, 0, 0, 0, 0, 7, 0, 0, 0, 0, 0, 0, 3, 10
"d:\workshops\eShop\src\Basket.API\GlobalUsings.cs", "C#", 0, 0, 0, 0, 0, 0, 0, 0, 0, 11, 0, 0, 0, 0, 0, 0, 1, 12
"d:\workshops\eShop\src\Basket.API\Grpc\BasketService.cs", "C#", 0, 0, 0, 0, 0, 0, 0, 0, 0, 91, 0, 0, 0, 0, 0, 0, 21, 112
"d:\workshops\eShop\src\Basket.API\IntegrationEvents\EventHandling\OrderStartedIntegrationEventHandler.cs", "C#", 0, 0, 0, 0, 0, 0, 0, 0, 0, 13, 0, 0, 0, 0, 0, 0, 4, 17
"d:\workshops\eShop\src\Basket.API\IntegrationEvents\Events\OrderStartedIntegrationEvent.cs", "C#", 0, 0, 0, 0, 0, 0, 0, 0, 0, 2, 0, 0, 0, 0, 0, 3, 2, 7
"d:\workshops\eShop\src\Basket.API\Model\BasketItem.cs", "C#", 0, 0, 0, 0, 0, 0, 0, 0, 0, 20, 0, 0, 0, 0, 0, 0, 5, 25
"d:\workshops\eShop\src\Basket.API\Model\CustomerBasket.cs", "C#", 0, 0, 0, 0, 0, 0, 0, 0, 0, 11, 0, 0, 0, 0, 0, 0, 5, 16
"d:\workshops\eShop\src\Basket.API\Program.cs", "C#", 0, 0, 0, 0, 0, 0, 0, 0, 0, 8, 0, 0, 0, 0, 0, 0, 7, 15
"d:\workshops\eShop\src\Basket.API\Properties\launchSettings.json", "JSON", 13, 0, 0, 0, 0, 0, 0, 0, 0, 0, 0, 0, 0, 0, 0, 0, 0, 13
"d:\workshops\eShop\src\Basket.API\Repositories\IBasketRepository.cs", "C#", 0, 0, 0, 0, 0, 0, 0, 0, 0, 8, 0, 0, 0, 0, 0, 0, 3, 11
"d:\workshops\eShop\src\Basket.API\Repositories\RedisBasketRepository.cs", "C#", 0, 0, 0, 0, 0, 0, 0, 0, 0, 39, 0, 0, 0, 0, 0, 3, 15, 57
"d:\workshops\eShop\src\Basket.API\appsettings.Development.json", "JSON", 2, 0, 0, 0, 0, 0, 0, 0, 0, 0, 0, 0, 0, 0, 0, 0, 1, 3
"d:\workshops\eShop\src\Basket.API\appsettings.json", "JSON", 23, 0, 0, 0, 0, 0, 0, 0, 0, 0, 0, 0, 0, 0, 0, 0, 1, 24
"d:\workshops\eShop\src\Catalog.API\Apis\CatalogApi.cs", "C#", 0, 0, 0, 0, 0, 0, 0, 0, 0, 353, 0, 0, 0, 0, 0, 13, 57, 423
"d:\workshops\eShop\src\Catalog.API\Catalog.API.csproj", "XML", 0, 0, 0, 0, 43, 0, 0, 0, 0, 0, 0, 0, 0, 0, 0, 1, 10, 54
"d:\workshops\eShop\src\Catalog.API\Catalog.API.json", "JSON", 1130, 0, 0, 0, 0, 0, 0, 0, 0, 0, 0, 0, 0, 0, 0, 0, 0, 1130
"d:\workshops\eShop\src\Catalog.API\Catalog.API_v2.json", "JSON", 907, 0, 0, 0, 0, 0, 0, 0, 0, 0, 0, 0, 0, 0, 0, 0, 0, 907
"d:\workshops\eShop\src\Catalog.API\CatalogOptions.cs", "C#", 0, 0, 0, 0, 0, 0, 0, 0, 0, 6, 0, 0, 0, 0, 0, 0, 2, 8
"d:\workshops\eShop\src\Catalog.API\Extensions\Extensions.cs", "C#", 0, 0, 0, 0, 0, 0, 0, 0, 0, 38, 0, 0, 0, 0, 0, 4, 10, 52
"d:\workshops\eShop\src\Catalog.API\Extensions\HostEnvironmentExtensions.cs", "C#", 0, 0, 0, 0, 0, 0, 0, 0, 0, 9, 0, 0, 0, 0, 0, 3, 3, 15
"d:\workshops\eShop\src\Catalog.API\GlobalUsings.cs", "C#", 0, 0, 0, 0, 0, 0, 0, 0, 0, 20, 0, 0, 0, 0, 0, 0, 1, 21
"d:\workshops\eShop\src\Catalog.API\Infrastructure\CatalogContext.cs", "C#", 0, 0, 0, 0, 0, 0, 0, 0, 0, 18, 0, 0, 0, 0, 0, 6, 5, 29
"d:\workshops\eShop\src\Catalog.API\Infrastructure\CatalogContextSeed.cs", "C#", 0, 0, 0, 0, 0, 0, 0, 0, 0, 73, 0, 0, 0, 0, 0, 1, 13, 87
"d:\workshops\eShop\src\Catalog.API\Infrastructure\EntityConfigurations\CatalogBrandEntityTypeConfiguration.cs", "C#", 0, 0, 0, 0, 0, 0, 0, 0, 0, 11, 0, 0, 0, 0, 0, 0, 3, 14
"d:\workshops\eShop\src\Catalog.API\Infrastructure\EntityConfigurations\CatalogItemEntityTypeConfiguration.cs", "C#", 0, 0, 0, 0, 0, 0, 0, 0, 0, 18, 0, 0, 0, 0, 0, 0, 7, 25
"d:\workshops\eShop\src\Catalog.API\Infrastructure\EntityConfigurations\CatalogTypeEntityTypeConfiguration.cs", "C#", 0, 0, 0, 0, 0, 0, 0, 0, 0, 11, 0, 0, 0, 0, 0, 0, 3, 14
"d:\workshops\eShop\src\Catalog.API\Infrastructure\Exceptions\CatalogDomainException.cs", "C#", 0, 0, 0, 0, 0, 0, 0, 0, 0, 12, 0, 0, 0, 0, 0, 3, 4, 19
"d:\workshops\eShop\src\Catalog.API\Infrastructure\Migrations\20231009153249_Initial.Designer.cs", "C#", 0, 0, 0, 0, 0, 0, 0, 0, 0, 108, 0, 0, 0, 0, 0, 2, 38, 148
"d:\workshops\eShop\src\Catalog.API\Infrastructure\Migrations\20231009153249_Initial.cs", "C#", 0, 0, 0, 0, 0, 0, 0, 0, 0, 101, 0, 0, 0, 0, 0, 3, 17, 121
"d:\workshops\eShop\src\Catalog.API\Infrastructure\Migrations\20231018163051_RemoveHiLoAndIndexCatalogName.Designer.cs", "C#", 0, 0, 0, 0, 0, 0, 0, 0, 0, 103, 0, 0, 0, 0, 0, 2, 36, 141
"d:\workshops\eShop\src\Catalog.API\Infrastructure\Migrations\20231018163051_RemoveHiLoAndIndexCatalogName.cs", "C#", 0, 0, 0, 0, 0, 0, 0, 0, 0, 85, 0, 0, 0, 0, 0, 3, 16, 104
"d:\workshops\eShop\src\Catalog.API\Infrastructure\Migrations\20231026091140_Outbox.Designer.cs", "C#", 0, 0, 0, 0, 0, 0, 0, 0, 0, 126, 0, 0, 0, 0, 0, 2, 45, 173
"d:\workshops\eShop\src\Catalog.API\Infrastructure\Migrations\20231026091140_Outbox.cs", "C#", 0, 0, 0, 0, 0, 0, 0, 0, 0, 33, 0, 0, 0, 0, 0, 3, 4, 40
"d:\workshops\eShop\src\Catalog.API\Infrastructure\Migrations\CatalogContextModelSnapshot.cs", "C#", 0, 0, 0, 0, 0, 0, 0, 0, 0, 124, 0, 0, 0, 0, 0, 1, 45, 170
"d:\workshops\eShop\src\Catalog.API\IntegrationEvents\CatalogIntegrationEventService.cs", "C#", 0, 0, 0, 0, 0, 0, 0, 0, 0, 49, 0, 0, 0, 0, 0, 3, 9, 61
"d:\workshops\eShop\src\Catalog.API\IntegrationEvents\EventHandling\OrderStatusChangedToAwaitingValidationIntegrationEventHandler.cs", "C#", 0, 0, 0, 0, 0, 0, 0, 0, 0, 28, 0, 0, 0, 0, 0, 0, 7, 35
"d:\workshops\eShop\src\Catalog.API\IntegrationEvents\EventHandling\OrderStatusChangedToPaidIntegrationEventHandler.cs", "C#", 0, 0, 0, 0, 0, 0, 0, 0, 0, 17, 0, 0, 0, 0, 0, 1, 5, 23
"d:\workshops\eShop\src\Catalog.API\IntegrationEvents\Events\ConfirmedOrderStockItem.cs", "C#", 0, 0, 0, 0, 0, 0, 0, 0, 0, 2, 0, 0, 0, 0, 0, 0, 2, 4
"d:\workshops\eShop\src\Catalog.API\IntegrationEvents\Events\OrderStatusChangedToAwaitingValidationIntegrationEvent.cs", "C#", 0, 0, 0, 0, 0, 0, 0, 0, 0, 2, 0, 0, 0, 0, 0, 0, 2, 4
"d:\workshops\eShop\src\Catalog.API\IntegrationEvents\Events\OrderStatusChangedToPaidIntegrationEvent.cs", "C#", 0, 0, 0, 0, 0, 0, 0, 0, 0, 2, 0, 0, 0, 0, 0, 0, 2, 4
"d:\workshops\eShop\src\Catalog.API\IntegrationEvents\Events\OrderStockConfirmedIntegrationEvent.cs", "C#", 0, 0, 0, 0, 0, 0, 0, 0, 0, 2, 0, 0, 0, 0, 0, 0, 2, 4
"d:\workshops\eShop\src\Catalog.API\IntegrationEvents\Events\OrderStockItem.cs", "C#", 0, 0, 0, 0, 0, 0, 0, 0, 0, 2, 0, 0, 0, 0, 0, 0, 2, 4
"d:\workshops\eShop\src\Catalog.API\IntegrationEvents\Events\OrderStockRejectedIntegrationEvent.cs", "C#", 0, 0, 0, 0, 0, 0, 0, 0, 0, 2, 0, 0, 0, 0, 0, 0, 2, 4
"d:\workshops\eShop\src\Catalog.API\IntegrationEvents\Events\ProductPriceChangedIntegrationEvent.cs", "C#", 0, 0, 0, 0, 0, 0, 0, 0, 0, 2, 0, 0, 0, 0, 0, 3, 2, 7
"d:\workshops\eShop\src\Catalog.API\IntegrationEvents\ICatalogIntegrationEventService.cs", "C#", 0, 0, 0, 0, 0, 0, 0, 0, 0, 6, 0, 0, 0, 0, 0, 0, 2, 8
"d:\workshops\eShop\src\Catalog.API\Model\CatalogBrand.cs", "C#", 0, 0, 0, 0, 0, 0, 0, 0, 0, 11, 0, 0, 0, 0, 0, 0, 5, 16
"d:\workshops\eShop\src\Catalog.API\Model\CatalogItem.cs", "C#", 0, 0, 0, 0, 0, 0, 0, 0, 0, 52, 0, 0, 0, 0, 0, 27, 28, 107
"d:\workshops\eShop\src\Catalog.API\Model\CatalogServices.cs", "C#", 0, 0, 0, 0, 0, 0, 0, 0, 0, 15, 0, 0, 0, 0, 0, 0, 2, 17
"d:\workshops\eShop\src\Catalog.API\Model\CatalogType.cs", "C#", 0, 0, 0, 0, 0, 0, 0, 0, 0, 11, 0, 0, 0, 0, 0, 0, 5, 16
"d:\workshops\eShop\src\Catalog.API\Model\PaginatedItems.cs", "C#", 0, 0, 0, 0, 0, 0, 0, 0, 0, 9, 0, 0, 0, 0, 0, 0, 6, 15
"d:\workshops\eShop\src\Catalog.API\Model\PaginationRequest.cs", "C#", 0, 0, 0, 0, 0, 0, 0, 0, 0, 10, 0, 0, 0, 0, 0, 0, 4, 14
"d:\workshops\eShop\src\Catalog.API\Program.Testing.cs", "C#", 0, 0, 0, 0, 0, 0, 0, 0, 0, 1, 0, 0, 0, 0, 0, 5, 1, 7
"d:\workshops\eShop\src\Catalog.API\Program.cs", "C#", 0, 0, 0, 0, 0, 0, 0, 0, 0, 14, 0, 0, 0, 0, 0, 0, 10, 24
"d:\workshops\eShop\src\Catalog.API\Properties\launchSettings.json", "JSON", 12, 0, 0, 0, 0, 0, 0, 0, 0, 0, 0, 0, 0, 0, 0, 0, 0, 12
"d:\workshops\eShop\src\Catalog.API\Services\CatalogAI.cs", "C#", 0, 0, 0, 0, 0, 0, 0, 0, 0, 53, 0, 0, 0, 0, 0, 6, 18, 77
"d:\workshops\eShop\src\Catalog.API\Services\ICatalogAI.cs", "C#", 0, 0, 0, 0, 0, 0, 0, 0, 0, 9, 0, 0, 0, 0, 0, 4, 6, 19
"d:\workshops\eShop\src\Catalog.API\Setup\catalog.json", "JSON", 810, 0, 0, 0, 0, 0, 0, 0, 0, 0, 0, 0, 0, 0, 0, 0, 1, 811
"d:\workshops\eShop\src\Catalog.API\appsettings.Development.json", "JSON", 5, 0, 0, 0, 0, 0, 0, 0, 0, 0, 0, 0, 0, 0, 0, 0, 0, 5
"d:\workshops\eShop\src\Catalog.API\appsettings.json", "JSON", 27, 0, 0, 0, 0, 0, 0, 0, 0, 0, 0, 0, 0, 0, 0, 0, 1, 28
"d:\workshops\eShop\src\ClientApp\Animations\Base\AnimationBase.cs", "C#", 0, 0, 0, 0, 0, 0, 0, 0, 0, 92, 0, 0, 0, 0, 0, 0, 20, 112
"d:\workshops\eShop\src\ClientApp\Animations\Base\EasingType.cs", "C#", 0, 0, 0, 0, 0, 0, 0, 0, 0, 15, 0, 0, 0, 0, 0, 0, 2, 17
"d:\workshops\eShop\src\ClientApp\Animations\FadeToAnimation.cs", "C#", 0, 0, 0, 0, 0, 0, 0, 0, 0, 122, 0, 0, 0, 0, 0, 0, 34, 156
"d:\workshops\eShop\src\ClientApp\Animations\StoryBoard.cs", "C#", 0, 0, 0, 0, 0, 0, 0, 0, 0, 37, 0, 0, 0, 0, 0, 0, 9, 46
"d:\workshops\eShop\src\ClientApp\App.xaml", "XAML", 0, 0, 0, 0, 0, 0, 0, 0, 0, 0, 0, 0, 14, 0, 0, 0, 1, 15
"d:\workshops\eShop\src\ClientApp\App.xaml.cs", "C#", 0, 0, 0, 0, 0, 0, 0, 0, 0, 140, 0, 0, 0, 0, 0, 1, 27, 168
"d:\workshops\eShop\src\ClientApp\AppActions.cs", "C#", 0, 0, 0, 0, 0, 0, 0, 0, 0, 6, 0, 0, 0, 0, 0, 0, 2, 8
"d:\workshops\eShop\src\ClientApp\AppShell.xaml", "XAML", 0, 0, 0, 0, 0, 0, 0, 0, 0, 0, 0, 0, 55, 0, 0, 0, 5, 60
"d:\workshops\eShop\src\ClientApp\AppShell.xaml.cs", "C#", 0, 0, 0, 0, 0, 0, 0, 0, 0, 30, 0, 0, 0, 0, 0, 1, 8, 39
"d:\workshops\eShop\src\ClientApp\ClientApp.csproj", "XML", 0, 0, 0, 0, 72, 0, 0, 0, 0, 0, 0, 0, 0, 0, 0, 20, 18, 110
"d:\workshops\eShop\src\ClientApp\Controls\AddBasketButton.xaml", "XAML", 0, 0, 0, 0, 0, 0, 0, 0, 0, 0, 0, 0, 20, 0, 0, 0, 1, 21
"d:\workshops\eShop\src\ClientApp\Controls\AddBasketButton.xaml.cs", "C#", 0, 0, 0, 0, 0, 0, 0, 0, 0, 8, 0, 0, 0, 0, 0, 0, 2, 10
"d:\workshops\eShop\src\ClientApp\Controls\CustomTabbedPage.cs", "C#", 0, 0, 0, 0, 0, 0, 0, 0, 0, 24, 0, 0, 0, 0, 0, 0, 7, 31
"d:\workshops\eShop\src\ClientApp\Controls\ToggleButton.cs", "C#", 0, 0, 0, 0, 0, 0, 0, 0, 0, 95, 0, 0, 0, 0, 0, 0, 28, 123
"d:\workshops\eShop\src\ClientApp\Converters\DoesNotHaveCountConverter.cs", "C#", 0, 0, 0, 0, 0, 0, 0, 0, 0, 11, 0, 0, 0, 0, 0, 0, 4, 15
"d:\workshops\eShop\src\ClientApp\Converters\DoubleConverter.cs", "C#", 0, 0, 0, 0, 0, 0, 0, 0, 0, 16, 0, 0, 0, 0, 0, 0, 5, 21
"d:\workshops\eShop\src\ClientApp\Converters\FirstValidationErrorConverter.cs", "C#", 0, 0, 0, 0, 0, 0, 0, 0, 0, 11, 0, 0, 0, 0, 0, 0, 4, 15
"d:\workshops\eShop\src\ClientApp\Converters\HasCountConverter.cs", "C#", 0, 0, 0, 0, 0, 0, 0, 0, 0, 11, 0, 0, 0, 0, 0, 0, 4, 15
"d:\workshops\eShop\src\ClientApp\Converters\ItemsToHeightConverter.cs", "C#", 0, 0, 0, 0, 0, 0, 0, 0, 0, 12, 0, 0, 0, 0, 0, 0, 5, 17
"d:\workshops\eShop\src\ClientApp\Converters\WebNavigatedEventArgsConverter.cs", "C#", 0, 0, 0, 0, 0, 0, 0, 0, 0, 11, 0, 0, 0, 0, 0, 0, 4, 15
"d:\workshops\eShop\src\ClientApp\Converters\WebNavigatingEventArgsConverter.cs", "C#", 0, 0, 0, 0, 0, 0, 0, 0, 0, 18, 0, 0, 0, 0, 0, 0, 5, 23
"d:\workshops\eShop\src\ClientApp\Effects\EntryLineColorEffect.cs", "C#", 0, 0, 0, 0, 0, 0, 0, 0, 0, 8, 0, 0, 0, 0, 0, 0, 2, 10
"d:\workshops\eShop\src\ClientApp\Effects\ThemeEffects.cs", "C#", 0, 0, 0, 0, 0, 0, 0, 0, 0, 42, 0, 0, 0, 0, 0, 0, 8, 50
"d:\workshops\eShop\src\ClientApp\Exceptions\ServiceAuthenticationException.cs", "C#", 0, 0, 0, 0, 0, 0, 0, 0, 0, 12, 0, 0, 0, 0, 0, 0, 4, 16
"d:\workshops\eShop\src\ClientApp\Extensions\DictionaryExtensions.cs", "C#", 0, 0, 0, 0, 0, 0, 0, 0, 0, 22, 0, 0, 0, 0, 0, 0, 4, 26
"d:\workshops\eShop\src\ClientApp\Extensions\ICommandExtensions.cs", "C#", 0, 0, 0, 0, 0, 0, 0, 0, 0, 13, 0, 0, 0, 0, 0, 0, 3, 16
"d:\workshops\eShop\src\ClientApp\Extensions\VisualElementExtensions.cs", "C#", 0, 0, 0, 0, 0, 0, 0, 0, 0, 255, 0, 0, 0, 0, 0, 59, 86, 400
"d:\workshops\eShop\src\ClientApp\GlobalSuppressions.cs", "C#", 0, 0, 0, 0, 0, 0, 0, 0, 0, 6, 0, 0, 0, 0, 0, 4, 3, 13
"d:\workshops\eShop\src\ClientApp\GlobalUsings.cs", "C#", 0, 0, 0, 0, 0, 0, 0, 0, 0, 3, 0, 0, 0, 0, 0, 0, 1, 4
"d:\workshops\eShop\src\ClientApp\Helpers\EasingHelper.cs", "C#", 0, 0, 0, 0, 0, 0, 0, 0, 0, 23, 0, 0, 0, 0, 0, 0, 3, 26
"d:\workshops\eShop\src\ClientApp\Helpers\UriHelper.cs", "C#", 0, 0, 0, 0, 0, 0, 0, 0, 0, 18, 0, 0, 0, 0, 0, 0, 4, 22
"d:\workshops\eShop\src\ClientApp\MauiProgram.cs", "C#", 0, 0, 0, 0, 0, 0, 0, 0, 0, 165, 0, 0, 0, 0, 0, 0, 21, 186
"d:\workshops\eShop\src\ClientApp\Messages\ProductCountChangedMessage.cs", "C#", 0, 0, 0, 0, 0, 0, 0, 0, 0, 3, 0, 0, 0, 0, 0, 0, 3, 6
"d:\workshops\eShop\src\ClientApp\Models\Basket\BasketItem.cs", "C#", 0, 0, 0, 0, 0, 0, 0, 0, 0, 26, 0, 0, 0, 0, 0, 0, 12, 38
"d:\workshops\eShop\src\ClientApp\Models\Basket\CustomerBasket.cs", "C#", 0, 0, 0, 0, 0, 0, 0, 0, 0, 35, 0, 0, 0, 0, 0, 0, 7, 42
"d:\workshops\eShop\src\ClientApp\Models\Catalog\CatalogBrand.cs", "C#", 0, 0, 0, 0, 0, 0, 0, 0, 0, 10, 0, 0, 0, 0, 0, 0, 3, 13
"d:\workshops\eShop\src\ClientApp\Models\Catalog\CatalogItem.cs", "C#", 0, 0, 0, 0, 0, 0, 0, 0, 0, 13, 0, 0, 0, 0, 0, 0, 3, 16
"d:\workshops\eShop\src\ClientApp\Models\Catalog\CatalogRoot.cs", "C#", 0, 0, 0, 0, 0, 0, 0, 0, 0, 8, 0, 0, 0, 0, 0, 0, 2, 10
"d:\workshops\eShop\src\ClientApp\Models\Catalog\CatalogType.cs", "C#", 0, 0, 0, 0, 0, 0, 0, 0, 0, 10, 0, 0, 0, 0, 0, 0, 3, 13
"d:\workshops\eShop\src\ClientApp\Models\Location\GeolocationError.cs", "C#", 0, 0, 0, 0, 0, 0, 0, 0, 0, 6, 0, 0, 0, 0, 0, 0, 2, 8
"d:\workshops\eShop\src\ClientApp\Models\Location\GeolocationException.cs", "C#", 0, 0, 0, 0, 0, 0, 0, 0, 0, 23, 0, 0, 0, 0, 0, 0, 6, 29
"d:\workshops\eShop\src\ClientApp\Models\Location\Location.cs", "C#", 0, 0, 0, 0, 0, 0, 0, 0, 0, 6, 0, 0, 0, 0, 0, 0, 2, 8
"d:\workshops\eShop\src\ClientApp\Models\Location\Position.cs", "C#", 0, 0, 0, 0, 0, 0, 0, 0, 0, 36, 0, 0, 0, 0, 0, 0, 6, 42
"d:\workshops\eShop\src\ClientApp\Models\Marketing\Campaign.cs", "C#", 0, 0, 0, 0, 0, 0, 0, 0, 0, 10, 0, 0, 0, 0, 0, 0, 7, 17
"d:\workshops\eShop\src\ClientApp\Models\Marketing\CampaignItem.cs", "C#", 0, 0, 0, 0, 0, 0, 0, 0, 0, 11, 0, 0, 0, 0, 0, 0, 8, 19
"d:\workshops\eShop\src\ClientApp\Models\Marketing\CampaignRoot.cs", "C#", 0, 0, 0, 0, 0, 0, 0, 0, 0, 8, 0, 0, 0, 0, 0, 0, 2, 10
"d:\workshops\eShop\src\ClientApp\Models\Navigation\TabParameter.cs", "C#", 0, 0, 0, 0, 0, 0, 0, 0, 0, 5, 0, 0, 0, 0, 0, 0, 2, 7
"d:\workshops\eShop\src\ClientApp\Models\Orders\CancelOrderCommand.cs", "C#", 0, 0, 0, 0, 0, 0, 0, 0, 0, 9, 0, 0, 0, 0, 0, 0, 3, 12
"d:\workshops\eShop\src\ClientApp\Models\Orders\CardType.cs", "C#", 0, 0, 0, 0, 0, 0, 0, 0, 0, 6, 0, 0, 0, 0, 0, 0, 2, 8
"d:\workshops\eShop\src\ClientApp\Models\Orders\Order.cs", "C#", 0, 0, 0, 0, 0, 0, 0, 0, 0, 31, 0, 0, 0, 0, 0, 0, 21, 52
"d:\workshops\eShop\src\ClientApp\Models\Orders\OrderCheckout.cs", "C#", 0, 0, 0, 0, 0, 0, 0, 0, 0, 28, 0, 0, 0, 0, 0, 0, 10, 38
"d:\workshops\eShop\src\ClientApp\Models\Orders\OrderItem.cs", "C#", 0, 0, 0, 0, 0, 0, 0, 0, 0, 21, 0, 0, 0, 0, 0, 0, 10, 31
"d:\workshops\eShop\src\ClientApp\Models\Permissions\Permission.cs", "C#", 0, 0, 0, 0, 0, 0, 0, 0, 0, 8, 0, 0, 0, 0, 0, 0, 2, 10
"d:\workshops\eShop\src\ClientApp\Models\Permissions\PermissionStatus.cs", "C#", 0, 0, 0, 0, 0, 0, 0, 0, 0, 9, 0, 0, 0, 0, 0, 0, 2, 11
"d:\workshops\eShop\src\ClientApp\Models\Token\UserToken.cs", "C#", 0, 0, 0, 0, 0, 0, 0, 0, 0, 11, 0, 0, 0, 0, 0, 0, 6, 17
"d:\workshops\eShop\src\ClientApp\Models\User\Address.cs", "C#", 0, 0, 0, 0, 0, 0, 0, 0, 0, 14, 0, 0, 0, 0, 0, 0, 2, 16
"d:\workshops\eShop\src\ClientApp\Models\User\LogoutParameter.cs", "C#", 0, 0, 0, 0, 0, 0, 0, 0, 0, 5, 0, 0, 0, 0, 0, 0, 2, 7
"d:\workshops\eShop\src\ClientApp\Models\User\PaymentInfo.cs", "C#", 0, 0, 0, 0, 0, 0, 0, 0, 0, 13, 0, 0, 0, 0, 0, 0, 3, 16
"d:\workshops\eShop\src\ClientApp\Models\User\UserInfo.cs", "C#", 0, 0, 0, 0, 0, 0, 0, 0, 0, 25, 0, 0, 0, 0, 0, 0, 19, 44
"d:\workshops\eShop\src\ClientApp\Platforms\Android\AndroidManifest.xml", "XML", 0, 0, 0, 0, 15, 0, 0, 0, 0, 0, 0, 0, 0, 0, 0, 0, 0, 15
"d:\workshops\eShop\src\ClientApp\Platforms\Android\MainActivity.cs", "C#", 0, 0, 0, 0, 0, 0, 0, 0, 0, 21, 0, 0, 0, 0, 0, 0, 6, 27
"d:\workshops\eShop\src\ClientApp\Platforms\Android\MainApplication.cs", "C#", 0, 0, 0, 0, 0, 0, 0, 0, 0, 12, 0, 0, 0, 0, 0, 0, 4, 16
"d:\workshops\eShop\src\ClientApp\Platforms\Android\Resources\values\colors.xml", "XML", 0, 0, 0, 0, 6, 0, 0, 0, 0, 0, 0, 0, 0, 0, 0, 0, 0, 6
"d:\workshops\eShop\src\ClientApp\Platforms\Android\Resources\xml\network_security_config.xml", "XML", 0, 0, 0, 0, 6, 0, 0, 0, 0, 0, 0, 0, 0, 0, 0, 0, 0, 6
"d:\workshops\eShop\src\ClientApp\Platforms\Android\WebAuthenticationCallbackActivity.cs", "C#", 0, 0, 0, 0, 0, 0, 0, 0, 0, 11, 0, 0, 0, 0, 0, 0, 4, 15
"d:\workshops\eShop\src\ClientApp\Platforms\MacCatalyst\AppDelegate.cs", "C#", 0, 0, 0, 0, 0, 0, 0, 0, 0, 7, 0, 0, 0, 0, 0, 0, 3, 10
"d:\workshops\eShop\src\ClientApp\Platforms\MacCatalyst\Program.cs", "C#", 0, 0, 0, 0, 0, 0, 0, 0, 0, 9, 0, 0, 0, 0, 0, 3, 3, 15
"d:\workshops\eShop\src\ClientApp\Platforms\Windows\App.xaml", "XAML", 0, 0, 0, 0, 0, 0, 0, 0, 0, 0, 0, 0, 7, 0, 0, 0, 2, 9
"d:\workshops\eShop\src\ClientApp\Platforms\Windows\App.xaml.cs", "C#", 0, 0, 0, 0, 0, 0, 0, 0, 0, 6, 0, 0, 0, 0, 0, 9, 5, 20
"d:\workshops\eShop\src\ClientApp\Platforms\iOS\AppDelegate.cs", "C#", 0, 0, 0, 0, 0, 0, 0, 0, 0, 7, 0, 0, 0, 0, 0, 0, 3, 10
"d:\workshops\eShop\src\ClientApp\Platforms\iOS\Program.cs", "C#", 0, 0, 0, 0, 0, 0, 0, 0, 0, 9, 0, 0, 0, 0, 0, 3, 3, 15
"d:\workshops\eShop\src\ClientApp\Properties\launchSettings.json", "JSON", 8, 0, 0, 0, 0, 0, 0, 0, 0, 0, 0, 0, 0, 0, 0, 0, 0, 8
"d:\workshops\eShop\src\ClientApp\Resources\AppIcon\appicon.svg", "XML", 0, 0, 0, 0, 4, 0, 0, 0, 0, 0, 0, 0, 0, 0, 0, 0, 0, 4
"d:\workshops\eShop\src\ClientApp\Resources\AppIcon\appiconfg.svg", "XML", 0, 0, 0, 0, 41, 0, 0, 0, 0, 0, 0, 0, 0, 0, 0, 1, 2, 44
"d:\workshops\eShop\src\ClientApp\Resources\Images\arrow_left.svg", "XML", 0, 0, 0, 0, 7, 0, 0, 0, 0, 0, 0, 0, 0, 0, 0, 0, 1, 8
"d:\workshops\eShop\src\ClientApp\Resources\Images\cart.svg", "XML", 0, 0, 0, 0, 12, 0, 0, 0, 0, 0, 0, 0, 0, 0, 0, 0, 1, 13
"d:\workshops\eShop\src\ClientApp\Resources\Images\close.svg", "XML", 0, 0, 0, 0, 8, 0, 0, 0, 0, 0, 0, 0, 0, 0, 0, 0, 1, 9
"d:\workshops\eShop\src\ClientApp\Resources\Images\filters.svg", "XML", 0, 0, 0, 0, 7, 0, 0, 0, 0, 0, 0, 0, 0, 0, 0, 0, 1, 8
"d:\workshops\eShop\src\ClientApp\Resources\Images\logo_footer.svg", "XML", 0, 0, 0, 0, 41, 0, 0, 0, 0, 0, 0, 0, 0, 0, 0, 1, 2, 44
"d:\workshops\eShop\src\ClientApp\Resources\Images\logo_header.svg", "XML", 0, 0, 0, 0, 38, 0, 0, 0, 0, 0, 0, 0, 0, 0, 0, 1, 2, 41
"d:\workshops\eShop\src\ClientApp\Resources\Images\trash.svg", "XML", 0, 0, 0, 0, 9, 0, 0, 0, 0, 0, 0, 0, 0, 0, 0, 0, 1, 10
"d:\workshops\eShop\src\ClientApp\Resources\Images\user.svg", "XML", 0, 0, 0, 0, 6, 0, 0, 0, 0, 0, 0, 0, 0, 0, 0, 0, 1, 7
"d:\workshops\eShop\src\ClientApp\Resources\Splash\splash.svg", "XML", 0, 0, 0, 0, 41, 0, 0, 0, 0, 0, 0, 0, 0, 0, 0, 1, 2, 44
"d:\workshops\eShop\src\ClientApp\Resources\Styles\Colors.xaml", "XAML", 0, 0, 0, 0, 0, 0, 0, 0, 0, 0, 0, 0, 37, 0, 0, 2, 6, 45
"d:\workshops\eShop\src\ClientApp\Resources\Styles\Styles.xaml", "XAML", 0, 0, 0, 0, 0, 0, 0, 0, 0, 0, 0, 0, 301, 0, 0, 4, 37, 342
"d:\workshops\eShop\src\ClientApp\Services\AppEnvironment\AppEnvironmentService.cs", "C#", 0, 0, 0, 0, 0, 0, 0, 0, 0, 52, 0, 0, 0, 0, 0, 0, 15, 67
"d:\workshops\eShop\src\ClientApp\Services\AppEnvironment\IAppEnvironmentService.cs", "C#", 0, 0, 0, 0, 0, 0, 0, 0, 0, 13, 0, 0, 0, 0, 0, 0, 7, 20
"d:\workshops\eShop\src\ClientApp\Services\Basket\BasketMockService.cs", "C#", 0, 0, 0, 0, 0, 0, 0, 0, 0, 46, 0, 0, 0, 0, 0, 0, 14, 60
"d:\workshops\eShop\src\ClientApp\Services\Basket\BasketService.cs", "C#", 0, 0, 0, 0, 0, 0, 0, 0, 0, 121, 0, 0, 0, 0, 0, 0, 31, 152
"d:\workshops\eShop\src\ClientApp\Services\Basket\IBasketService.cs", "C#", 0, 0, 0, 0, 0, 0, 0, 0, 0, 9, 0, 0, 0, 0, 0, 0, 3, 12
"d:\workshops\eShop\src\ClientApp\Services\Basket\Protos\Basket.cs", "C#", 0, 0, 0, 0, 0, 0, 0, 0, 0, 1011, 0, 0, 0, 0, 0, 22, 120, 1153
"d:\workshops\eShop\src\ClientApp\Services\Basket\Protos\BasketGrpc.cs", "C#", 0, 0, 0, 0, 0, 0, 0, 0, 0, 159, 0, 0, 0, 0, 0, 14, 14, 187
"d:\workshops\eShop\src\ClientApp\Services\Catalog\CatalogMockService.cs", "C#", 0, 0, 0, 0, 0, 0, 0, 0, 0, 102, 0, 0, 0, 0, 0, 0, 15, 117
"d:\workshops\eShop\src\ClientApp\Services\Catalog\CatalogService.cs", "C#", 0, 0, 0, 0, 0, 0, 0, 0, 0, 63, 0, 0, 0, 0, 0, 0, 22, 85
"d:\workshops\eShop\src\ClientApp\Services\Catalog\ICatalogService.cs", "C#", 0, 0, 0, 0, 0, 0, 0, 0, 0, 10, 0, 0, 0, 0, 0, 0, 4, 14
"d:\workshops\eShop\src\ClientApp\Services\Common\Common.cs", "C#", 0, 0, 0, 0, 0, 0, 0, 0, 0, 11, 0, 0, 0, 0, 0, 0, 3, 14
"d:\workshops\eShop\src\ClientApp\Services\Dialog\DialogService.cs", "C#", 0, 0, 0, 0, 0, 0, 0, 0, 0, 8, 0, 0, 0, 0, 0, 0, 2, 10
"d:\workshops\eShop\src\ClientApp\Services\Dialog\IDialogService.cs", "C#", 0, 0, 0, 0, 0, 0, 0, 0, 0, 5, 0, 0, 0, 0, 0, 0, 2, 7
"d:\workshops\eShop\src\ClientApp\Services\EShopJsonSerializerContext.cs", "C#", 0, 0, 0, 0, 0, 0, 0, 0, 0, 19, 0, 0, 0, 0, 0, 0, 3, 22
"d:\workshops\eShop\src\ClientApp\Services\FixUri\FixUriService.cs", "C#", 0, 0, 0, 0, 0, 0, 0, 0, 0, 94, 0, 0, 0, 0, 0, 0, 15, 109
"d:\workshops\eShop\src\ClientApp\Services\FixUri\IFixUriService.cs", "C#", 0, 0, 0, 0, 0, 0, 0, 0, 0, 10, 0, 0, 0, 0, 0, 0, 3, 13
"d:\workshops\eShop\src\ClientApp\Services\Identity\AuthorizeRequest.cs", "C#", 0, 0, 0, 0, 0, 0, 0, 0, 0, 17, 0, 0, 0, 0, 0, 0, 5, 22
"d:\workshops\eShop\src\ClientApp\Services\Identity\IIdentityService.cs", "C#", 0, 0, 0, 0, 0, 0, 0, 0, 0, 9, 0, 0, 0, 0, 0, 0, 6, 15
"d:\workshops\eShop\src\ClientApp\Services\Identity\IdentityMockService.cs", "C#", 0, 0, 0, 0, 0, 0, 0, 0, 0, 50, 0, 0, 0, 0, 0, 0, 9, 59
"d:\workshops\eShop\src\ClientApp\Services\Identity\IdentityService.cs", "C#", 0, 0, 0, 0, 0, 0, 0, 0, 0, 128, 0, 0, 0, 0, 0, 0, 26, 154
"d:\workshops\eShop\src\ClientApp\Services\Location\ILocationService.cs", "C#", 0, 0, 0, 0, 0, 0, 0, 0, 0, 5, 0, 0, 0, 0, 0, 0, 2, 7
"d:\workshops\eShop\src\ClientApp\Services\Location\LocationService.cs", "C#", 0, 0, 0, 0, 0, 0, 0, 0, 0, 22, 0, 0, 0, 0, 0, 2, 7, 31
"d:\workshops\eShop\src\ClientApp\Services\Navigation\INavigationService.cs", "C#", 0, 0, 0, 0, 0, 0, 0, 0, 0, 7, 0, 0, 0, 0, 0, 0, 4, 11
"d:\workshops\eShop\src\ClientApp\Services\Navigation\MauiNavigationService.cs", "C#", 0, 0, 0, 0, 0, 0, 0, 0, 0, 27, 0, 0, 0, 0, 0, 0, 9, 36
"d:\workshops\eShop\src\ClientApp\Services\OpenUrl\IOpenUrlService.cs", "C#", 0, 0, 0, 0, 0, 0, 0, 0, 0, 5, 0, 0, 0, 0, 0, 0, 2, 7
"d:\workshops\eShop\src\ClientApp\Services\OpenUrl\OpenUrlService.cs", "C#", 0, 0, 0, 0, 0, 0, 0, 0, 0, 11, 0, 0, 0, 0, 0, 0, 2, 13
"d:\workshops\eShop\src\ClientApp\Services\Order\IOrderService.cs", "C#", 0, 0, 0, 0, 0, 0, 0, 0, 0, 10, 0, 0, 0, 0, 0, 0, 7, 17
"d:\workshops\eShop\src\ClientApp\Services\Order\OrderMockService.cs", "C#", 0, 0, 0, 0, 0, 0, 0, 0, 0, 172, 0, 0, 0, 0, 0, 0, 16, 188
"d:\workshops\eShop\src\ClientApp\Services\Order\OrderService.cs", "C#", 0, 0, 0, 0, 0, 0, 0, 0, 0, 100, 0, 0, 0, 0, 0, 2, 27, 129
"d:\workshops\eShop\src\ClientApp\Services\RequestProvider\HttpRequestExceptionEx.cs", "C#", 0, 0, 0, 0, 0, 0, 0, 0, 0, 16, 0, 0, 0, 0, 0, 0, 6, 22
"d:\workshops\eShop\src\ClientApp\Services\RequestProvider\IRequestProvider.cs", "C#", 0, 0, 0, 0, 0, 0, 0, 0, 0, 10, 0, 0, 0, 0, 0, 0, 7, 17
"d:\workshops\eShop\src\ClientApp\Services\RequestProvider\RequestProvider.cs", "C#", 0, 0, 0, 0, 0, 0, 0, 0, 0, 139, 0, 0, 0, 0, 0, 0, 43, 182
"d:\workshops\eShop\src\ClientApp\Services\Settings\ISettingsService.cs", "C#", 0, 0, 0, 0, 0, 0, 0, 0, 0, 22, 0, 0, 0, 0, 0, 0, 17, 39
"d:\workshops\eShop\src\ClientApp\Services\Settings\SettingsService.cs", "C#", 0, 0, 0, 0, 0, 0, 0, 0, 0, 126, 0, 0, 0, 0, 0, 0, 27, 153
"d:\workshops\eShop\src\ClientApp\Services\Theme\ITheme.cs", "C#", 0, 0, 0, 0, 0, 0, 0, 0, 0, 5, 0, 0, 0, 0, 0, 0, 2, 7
"d:\workshops\eShop\src\ClientApp\Services\Theme\Theme.shared.cs", "C#", 0, 0, 0, 0, 0, 0, 0, 0, 0, 7, 0, 0, 0, 0, 0, 0, 2, 9
"d:\workshops\eShop\src\ClientApp\Triggers\BeginAnimation.cs", "C#", 0, 0, 0, 0, 0, 0, 0, 0, 0, 13, 0, 0, 0, 0, 0, 0, 4, 17
"d:\workshops\eShop\src\ClientApp\Validations\IValidationRule.cs", "C#", 0, 0, 0, 0, 0, 0, 0, 0, 0, 6, 0, 0, 0, 0, 0, 0, 3, 9
"d:\workshops\eShop\src\ClientApp\Validations\IValidity.cs", "C#", 0, 0, 0, 0, 0, 0, 0, 0, 0, 5, 0, 0, 0, 0, 0, 0, 2, 7
"d:\workshops\eShop\src\ClientApp\Validations\IsNotNullOrEmptyRule.cs", "C#", 0, 0, 0, 0, 0, 0, 0, 0, 0, 10, 0, 0, 0, 0, 0, 0, 3, 13
"d:\workshops\eShop\src\ClientApp\Validations\ValidatableObject.cs", "C#", 0, 0, 0, 0, 0, 0, 0, 0, 0, 38, 0, 0, 0, 0, 0, 0, 10, 48
"d:\workshops\eShop\src\ClientApp\ViewModels\Base\IViewModelBase.cs", "C#", 0, 0, 0, 0, 0, 0, 0, 0, 0, 10, 0, 0, 0, 0, 0, 0, 7, 17
"d:\workshops\eShop\src\ClientApp\ViewModels\Base\ViewModelBase.cs", "C#", 0, 0, 0, 0, 0, 0, 0, 0, 0, 43, 0, 0, 0, 0, 0, 0, 13, 56
"d:\workshops\eShop\src\ClientApp\ViewModels\BasketViewModel.cs", "C#", 0, 0, 0, 0, 0, 0, 0, 0, 0, 91, 0, 0, 0, 0, 0, 1, 22, 114
"d:\workshops\eShop\src\ClientApp\ViewModels\CatalogItemViewModel.cs", "C#", 0, 0, 0, 0, 0, 0, 0, 0, 0, 53, 0, 0, 0, 0, 0, 0, 13, 66
"d:\workshops\eShop\src\ClientApp\ViewModels\CatalogViewModel.cs", "C#", 0, 0, 0, 0, 0, 0, 0, 0, 0, 166, 0, 0, 0, 0, 0, 1, 39, 206
"d:\workshops\eShop\src\ClientApp\ViewModels\CheckoutViewModel.cs", "C#", 0, 0, 0, 0, 0, 0, 0, 0, 0, 132, 0, 0, 0, 0, 0, 10, 29, 171
"d:\workshops\eShop\src\ClientApp\ViewModels\LoginViewModel.cs", "C#", 0, 0, 0, 0, 0, 0, 0, 0, 0, 110, 0, 0, 0, 0, 0, 0, 28, 138
"d:\workshops\eShop\src\ClientApp\ViewModels\MainViewModel.cs", "C#", 0, 0, 0, 0, 0, 0, 0, 0, 0, 15, 0, 0, 0, 0, 0, 0, 4, 19
"d:\workshops\eShop\src\ClientApp\ViewModels\MapViewModel.cs", "C#", 0, 0, 0, 0, 0, 0, 0, 0, 0, 31, 0, 0, 0, 0, 0, 0, 7, 38
"d:\workshops\eShop\src\ClientApp\ViewModels\ObservableCollectionEx.cs", "C#", 0, 0, 0, 0, 0, 0, 0, 0, 0, 43, 0, 0, 0, 0, 0, 0, 12, 55
"d:\workshops\eShop\src\ClientApp\ViewModels\OrderDetailViewModel.cs", "C#", 0, 0, 0, 0, 0, 0, 0, 0, 0, 62, 0, 0, 0, 0, 0, 1, 13, 76
"d:\workshops\eShop\src\ClientApp\ViewModels\ProfileViewModel.cs", "C#", 0, 0, 0, 0, 0, 0, 0, 0, 0, 63, 0, 0, 0, 0, 0, 2, 14, 79
"d:\workshops\eShop\src\ClientApp\ViewModels\SelectionViewModel.cs", "C#", 0, 0, 0, 0, 0, 0, 0, 0, 0, 6, 0, 0, 0, 0, 0, 0, 2, 8
"d:\workshops\eShop\src\ClientApp\ViewModels\SettingsViewModel.cs", "C#", 0, 0, 0, 0, 0, 0, 0, 0, 0, 283, 0, 0, 0, 0, 0, 5, 57, 345
"d:\workshops\eShop\src\ClientApp\Views\BadgeView.cs", "C#", 0, 0, 0, 0, 0, 0, 0, 0, 0, 112, 0, 0, 0, 0, 0, 0, 29, 141
"d:\workshops\eShop\src\ClientApp\Views\BasketView.xaml", "XAML", 0, 0, 0, 0, 0, 0, 0, 0, 0, 0, 0, 0, 95, 0, 0, 3, 0, 98
"d:\workshops\eShop\src\ClientApp\Views\BasketView.xaml.cs", "C#", 0, 0, 0, 0, 0, 0, 0, 0, 0, 9, 0, 0, 0, 0, 0, 0, 2, 11
"d:\workshops\eShop\src\ClientApp\Views\CatalogItemView.xaml", "XAML", 0, 0, 0, 0, 0, 0, 0, 0, 0, 0, 0, 0, 101, 0, 0, 0, 3, 104
"d:\workshops\eShop\src\ClientApp\Views\CatalogItemView.xaml.cs", "C#", 0, 0, 0, 0, 0, 0, 0, 0, 0, 9, 0, 0, 0, 0, 0, 0, 2, 11
"d:\workshops\eShop\src\ClientApp\Views\CatalogView.xaml", "XAML", 0, 0, 0, 0, 0, 0, 0, 0, 0, 0, 0, 0, 230, 0, 0, 2, 7, 239
"d:\workshops\eShop\src\ClientApp\Views\CatalogView.xaml.cs", "C#", 0, 0, 0, 0, 0, 0, 0, 0, 0, 47, 0, 0, 0, 0, 0, 0, 11, 58
"d:\workshops\eShop\src\ClientApp\Views\CheckoutView.xaml", "XAML", 0, 0, 0, 0, 0, 0, 0, 0, 0, 0, 0, 0, 153, 0, 0, 5, 12, 170
"d:\workshops\eShop\src\ClientApp\Views\CheckoutView.xaml.cs", "C#", 0, 0, 0, 0, 0, 0, 0, 0, 0, 9, 0, 0, 0, 0, 0, 0, 2, 11
"d:\workshops\eShop\src\ClientApp\Views\ContentPageBase.cs", "C#", 0, 0, 0, 0, 0, 0, 0, 0, 0, 18, 0, 0, 0, 0, 0, 0, 6, 24
"d:\workshops\eShop\src\ClientApp\Views\CustomNavigationView.xaml", "XAML", 0, 0, 0, 0, 0, 0, 0, 0, 0, 0, 0, 0, 8, 0, 0, 0, 1, 9
"d:\workshops\eShop\src\ClientApp\Views\CustomNavigationView.xaml.cs", "C#", 0, 0, 0, 0, 0, 0, 0, 0, 0, 12, 0, 0, 0, 0, 0, 0, 3, 15
"d:\workshops\eShop\src\ClientApp\Views\FiltersView.xaml", "XAML", 0, 0, 0, 0, 0, 0, 0, 0, 0, 0, 0, 0, 72, 0, 0, 2, 2, 76
"d:\workshops\eShop\src\ClientApp\Views\FiltersView.xaml.cs", "C#", 0, 0, 0, 0, 0, 0, 0, 0, 0, 9, 0, 0, 0, 0, 0, 0, 3, 12
"d:\workshops\eShop\src\ClientApp\Views\LoginView.xaml", "XAML", 0, 0, 0, 0, 0, 0, 0, 0, 0, 0, 0, 0, 77, 0, 0, 0, 8, 85
"d:\workshops\eShop\src\ClientApp\Views\LoginView.xaml.cs", "C#", 0, 0, 0, 0, 0, 0, 0, 0, 0, 17, 0, 0, 0, 0, 0, 1, 5, 23
"d:\workshops\eShop\src\ClientApp\Views\MapView.xaml", "XAML", 0, 0, 0, 0, 0, 0, 0, 0, 0, 0, 0, 0, 41, 0, 0, 0, 1, 42
"d:\workshops\eShop\src\ClientApp\Views\MapView.xaml.cs", "C#", 0, 0, 0, 0, 0, 0, 0, 0, 0, 21, 0, 0, 0, 0, 0, 0, 6, 27
"d:\workshops\eShop\src\ClientApp\Views\MauiAuthenticationBrowser.cs", "C#", 0, 0, 0, 0, 0, 0, 0, 0, 0, 23, 0, 0, 0, 0, 0, 0, 5, 28
"d:\workshops\eShop\src\ClientApp\Views\OrderDetailView.xaml", "XAML", 0, 0, 0, 0, 0, 0, 0, 0, 0, 0, 0, 0, 187, 0, 0, 4, 15, 206
"d:\workshops\eShop\src\ClientApp\Views\OrderDetailView.xaml.cs", "C#", 0, 0, 0, 0, 0, 0, 0, 0, 0, 9, 0, 0, 0, 0, 0, 0, 2, 11
"d:\workshops\eShop\src\ClientApp\Views\ProfileView.xaml", "XAML", 0, 0, 0, 0, 0, 0, 0, 0, 0, 0, 0, 0, 47, 0, 0, 1, 4, 52
"d:\workshops\eShop\src\ClientApp\Views\ProfileView.xaml.cs", "C#", 0, 0, 0, 0, 0, 0, 0, 0, 0, 19, 0, 0, 0, 0, 0, 0, 5, 24
"d:\workshops\eShop\src\ClientApp\Views\SettingsView.xaml", "XAML", 0, 0, 0, 0, 0, 0, 0, 0, 0, 0, 0, 0, 148, 0, 0, 96, 14, 258
"d:\workshops\eShop\src\ClientApp\Views\SettingsView.xaml.cs", "C#", 0, 0, 0, 0, 0, 0, 0, 0, 0, 9, 0, 0, 0, 0, 0, 0, 2, 11
"d:\workshops\eShop\src\ClientApp\Views\Templates\BasketItemTemplate.xaml", "XAML", 0, 0, 0, 0, 0, 0, 0, 0, 0, 0, 0, 0, 122, 0, 0, 6, 3, 131
"d:\workshops\eShop\src\ClientApp\Views\Templates\BasketItemTemplate.xaml.cs", "C#", 0, 0, 0, 0, 0, 0, 0, 0, 0, 8, 0, 0, 0, 0, 0, 0, 2, 10
"d:\workshops\eShop\src\ClientApp\Views\Templates\CampaignTemplate.xaml", "XAML", 0, 0, 0, 0, 0, 0, 0, 0, 0, 0, 0, 0, 34, 0, 0, 2, 3, 39
"d:\workshops\eShop\src\ClientApp\Views\Templates\CampaignTemplate.xaml.cs", "C#", 0, 0, 0, 0, 0, 0, 0, 0, 0, 8, 0, 0, 0, 0, 0, 0, 2, 10
"d:\workshops\eShop\src\ClientApp\Views\Templates\OrderItemTemplate.xaml", "XAML", 0, 0, 0, 0, 0, 0, 0, 0, 0, 0, 0, 0, 92, 0, 0, 4, 6, 102
"d:\workshops\eShop\src\ClientApp\Views\Templates\OrderItemTemplate.xaml.cs", "C#", 0, 0, 0, 0, 0, 0, 0, 0, 0, 8, 0, 0, 0, 0, 0, 0, 2, 10
"d:\workshops\eShop\src\ClientApp\Views\Templates\OrderTemplate.xaml", "XAML", 0, 0, 0, 0, 0, 0, 0, 0, 0, 0, 0, 0, 64, 0, 0, 0, 3, 67
"d:\workshops\eShop\src\ClientApp\Views\Templates\OrderTemplate.xaml.cs", "C#", 0, 0, 0, 0, 0, 0, 0, 0, 0, 8, 0, 0, 0, 0, 0, 0, 2, 10
"d:\workshops\eShop\src\ClientApp\Views\Templates\ProductTemplate.xaml", "XAML", 0, 0, 0, 0, 0, 0, 0, 0, 0, 0, 0, 0, 69, 0, 0, 3, 5, 77
"d:\workshops\eShop\src\ClientApp\Views\Templates\ProductTemplate.xaml.cs", "C#", 0, 0, 0, 0, 0, 0, 0, 0, 0, 8, 0, 0, 0, 0, 0, 0, 2, 10
"d:\workshops\eShop\src\EventBusRabbitMQ\EventBusOptions.cs", "C#", 0, 0, 0, 0, 0, 0, 0, 0, 0, 6, 0, 0, 0, 0, 0, 0, 2, 8
"d:\workshops\eShop\src\EventBusRabbitMQ\EventBusRabbitMQ.csproj", "XML", 0, 0, 0, 0, 17, 0, 0, 0, 0, 0, 0, 0, 0, 0, 0, 0, 5, 22
"d:\workshops\eShop\src\EventBusRabbitMQ\GlobalUsings.cs", "C#", 0, 0, 0, 0, 0, 0, 0, 0, 0, 10, 0, 0, 0, 0, 0, 0, 1, 11
"d:\workshops\eShop\src\EventBusRabbitMQ\RabbitMQEventBus.cs", "C#", 0, 0, 0, 0, 0, 0, 0, 0, 0, 244, 0, 0, 0, 0, 0, 17, 61, 322
"d:\workshops\eShop\src\EventBusRabbitMQ\RabbitMQTelemetry.cs", "C#", 0, 0, 0, 0, 0, 0, 0, 0, 0, 9, 0, 0, 0, 0, 0, 0, 4, 13
"d:\workshops\eShop\src\EventBusRabbitMQ\RabbitMqDependencyInjectionExtensions.cs", "C#", 0, 0, 0, 0, 0, 0, 0, 0, 0, 26, 0, 0, 0, 0, 0, 10, 11, 47
"d:\workshops\eShop\src\EventBus\Abstractions\EventBusSubscriptionInfo.cs", "C#", 0, 0, 0, 0, 0, 0, 0, 0, 0, 18, 0, 0, 0, 0, 0, 0, 6, 24
"d:\workshops\eShop\src\EventBus\Abstractions\IEventBus.cs", "C#", 0, 0, 0, 0, 0, 0, 0, 0, 0, 5, 0, 0, 0, 0, 0, 0, 2, 7
"d:\workshops\eShop\src\EventBus\Abstractions\IEventBusBuilder.cs", "C#", 0, 0, 0, 0, 0, 0, 0, 0, 0, 5, 0, 0, 0, 0, 0, 0, 2, 7
"d:\workshops\eShop\src\EventBus\Abstractions\IIntegrationEventHandler.cs", "C#", 0, 0, 0, 0, 0, 0, 0, 0, 0, 11, 0, 0, 0, 0, 0, 0, 4, 15
"d:\workshops\eShop\src\EventBus\EventBus.csproj", "XML", 0, 0, 0, 0, 10, 0, 0, 0, 0, 0, 0, 0, 0, 0, 0, 0, 3, 13
"d:\workshops\eShop\src\EventBus\Events\IntegrationEvent.cs", "C#", 0, 0, 0, 0, 0, 0, 0, 0, 0, 13, 0, 0, 0, 0, 0, 0, 4, 17
"d:\workshops\eShop\src\EventBus\Extensions\EventBusBuilderExtensions.cs", "C#", 0, 0, 0, 0, 0, 0, 0, 0, 0, 27, 0, 0, 0, 0, 0, 6, 8, 41
"d:\workshops\eShop\src\EventBus\Extensions\GenericTypeExtensions.cs", "C#", 0, 0, 0, 0, 0, 0, 0, 0, 0, 22, 0, 0, 0, 0, 0, 0, 5, 27
"d:\workshops\eShop\src\EventBus\GlobalUsings.cs", "C#", 0, 0, 0, 0, 0, 0, 0, 0, 0, 2, 0, 0, 0, 0, 0, 0, 1, 3
"d:\workshops\eShop\src\HybridApp\App.xaml", "XAML", 0, 0, 0, 0, 0, 0, 0, 0, 0, 0, 0, 0, 22, 0, 0, 0, 4, 26
"d:\workshops\eShop\src\HybridApp\App.xaml.cs", "C#", 0, 0, 0, 0, 0, 0, 0, 0, 0, 12, 0, 0, 0, 0, 0, 0, 3, 15
"d:\workshops\eShop\src\HybridApp\Components\Layout\FooterBar.razor", "ASP.NET Razor", 0, 0, 0, 0, 0, 0, 0, 0, 0, 0, 0, 8, 0, 0, 0, 0, 0, 8
"d:\workshops\eShop\src\HybridApp\Components\Layout\FooterBar.razor.css", "PostCSS", 0, 0, 0, 0, 0, 0, 0, 0, 0, 0, 20, 0, 0, 0, 0, 0, 3, 23
"d:\workshops\eShop\src\HybridApp\Components\Layout\HeaderBar.razor", "ASP.NET Razor", 0, 0, 0, 0, 0, 0, 0, 0, 0, 0, 0, 27, 0, 0, 0, 3, 5, 35
"d:\workshops\eShop\src\HybridApp\Components\Layout\HeaderBar.razor.css", "PostCSS", 0, 0, 0, 0, 0, 0, 0, 0, 0, 0, 59, 0, 0, 0, 0, 0, 10, 69
"d:\workshops\eShop\src\HybridApp\Components\Layout\MainLayout.razor", "ASP.NET Razor", 0, 0, 0, 0, 0, 0, 0, 0, 0, 0, 0, 9, 0, 0, 0, 2, 3, 14
"d:\workshops\eShop\src\HybridApp\Components\Layout\MainLayout.razor.css", "PostCSS", 0, 0, 0, 0, 0, 0, 0, 0, 0, 0, 17, 0, 0, 0, 0, 0, 2, 19
"d:\workshops\eShop\src\HybridApp\Components\Pages\Catalog\Catalog.razor", "ASP.NET Razor", 0, 0, 0, 0, 0, 0, 0, 0, 0, 0, 0, 50, 0, 0, 0, 0, 12, 62
"d:\workshops\eShop\src\HybridApp\Components\Pages\Catalog\Catalog.razor.css", "PostCSS", 0, 0, 0, 0, 0, 0, 0, 0, 0, 0, 102, 0, 0, 0, 0, 0, 15, 117
"d:\workshops\eShop\src\HybridApp\Components\Pages\Catalog\CatalogSearch.razor", "ASP.NET Razor", 0, 0, 0, 0, 0, 0, 0, 0, 0, 0, 0, 69, 0, 0, 0, 0, 7, 76
"d:\workshops\eShop\src\HybridApp\Components\Pages\Catalog\CatalogSearch.razor.css", "PostCSS", 0, 0, 0, 0, 0, 0, 0, 0, 0, 0, 93, 0, 0, 0, 0, 0, 15, 108
"d:\workshops\eShop\src\HybridApp\Components\Pages\Item\ItemPage.razor", "ASP.NET Razor", 0, 0, 0, 0, 0, 0, 0, 0, 0, 0, 0, 72, 0, 0, 0, 5, 11, 88
"d:\workshops\eShop\src\HybridApp\Components\Pages\Item\ItemPage.razor.css", "PostCSS", 0, 0, 0, 0, 0, 0, 0, 0, 0, 0, 45, 0, 0, 0, 0, 0, 9, 54
"d:\workshops\eShop\src\HybridApp\Components\Routes.razor", "ASP.NET Razor", 0, 0, 0, 0, 0, 0, 0, 0, 0, 0, 0, 12, 0, 0, 0, 0, 1, 13
"d:\workshops\eShop\src\HybridApp\Components\_Imports.razor", "ASP.NET Razor", 0, 0, 0, 0, 0, 0, 0, 0, 0, 0, 0, 13, 0, 0, 0, 0, 1, 14
"d:\workshops\eShop\src\HybridApp\GlobalSuppressions.cs", "C#", 0, 0, 0, 0, 0, 0, 0, 0, 0, 8, 0, 0, 0, 0, 0, 22, 2, 32
"d:\workshops\eShop\src\HybridApp\HybridApp.csproj", "XML", 0, 0, 0, 0, 50, 0, 0, 0, 0, 0, 0, 0, 0, 0, 0, 19, 19, 88
"d:\workshops\eShop\src\HybridApp\MainPage.xaml", "XAML", 0, 0, 0, 0, 0, 0, 0, 0, 0, 0, 0, 0, 12, 0, 0, 0, 3, 15
"d:\workshops\eShop\src\HybridApp\MainPage.xaml.cs", "C#", 0, 0, 0, 0, 0, 0, 0, 0, 0, 8, 0, 0, 0, 0, 0, 0, 2, 10
"d:\workshops\eShop\src\HybridApp\MauiProgram.cs", "C#", 0, 0, 0, 0, 0, 0, 0, 0, 0, 25, 0, 0, 0, 0, 0, 1, 10, 36
"d:\workshops\eShop\src\HybridApp\Platforms\Android\AndroidManifest.xml", "XML", 0, 0, 0, 0, 7, 0, 0, 0, 0, 0, 0, 0, 0, 0, 0, 0, 1, 8
"d:\workshops\eShop\src\HybridApp\Platforms\Android\MainActivity.cs", "C#", 0, 0, 0, 0, 0, 0, 0, 0, 0, 8, 0, 0, 0, 0, 0, 0, 3, 11
"d:\workshops\eShop\src\HybridApp\Platforms\Android\MainApplication.cs", "C#", 0, 0, 0, 0, 0, 0, 0, 0, 0, 12, 0, 0, 0, 0, 0, 0, 4, 16
"d:\workshops\eShop\src\HybridApp\Platforms\Android\Resources\values\colors.xml", "XML", 0, 0, 0, 0, 6, 0, 0, 0, 0, 0, 0, 0, 0, 0, 0, 0, 0, 6
"d:\workshops\eShop\src\HybridApp\Platforms\Android\Resources\xml\network_security_config.xml", "XML", 0, 0, 0, 0, 6, 0, 0, 0, 0, 0, 0, 0, 0, 0, 0, 0, 0, 6
"d:\workshops\eShop\src\HybridApp\Platforms\MacCatalyst\AppDelegate.cs", "C#", 0, 0, 0, 0, 0, 0, 0, 0, 0, 7, 0, 0, 0, 0, 0, 0, 3, 10
"d:\workshops\eShop\src\HybridApp\Platforms\MacCatalyst\Program.cs", "C#", 0, 0, 0, 0, 0, 0, 0, 0, 0, 10, 0, 0, 0, 0, 0, 3, 3, 16
"d:\workshops\eShop\src\HybridApp\Platforms\Tizen\Main.cs", "C#", 0, 0, 0, 0, 0, 0, 0, 0, 0, 13, 0, 0, 0, 0, 0, 0, 4, 17
"d:\workshops\eShop\src\HybridApp\Platforms\Tizen\tizen-manifest.xml", "XML", 0, 0, 0, 0, 15, 0, 0, 0, 0, 0, 0, 0, 0, 0, 0, 0, 0, 15
"d:\workshops\eShop\src\HybridApp\Platforms\Windows\App.xaml", "XAML", 0, 0, 0, 0, 0, 0, 0, 0, 0, 0, 0, 0, 7, 0, 0, 0, 2, 9
"d:\workshops\eShop\src\HybridApp\Platforms\Windows\App.xaml.cs", "C#", 0, 0, 0, 0, 0, 0, 0, 0, 0, 10, 0, 0, 0, 0, 0, 9, 5, 24
"d:\workshops\eShop\src\HybridApp\Platforms\iOS\AppDelegate.cs", "C#", 0, 0, 0, 0, 0, 0, 0, 0, 0, 7, 0, 0, 0, 0, 0, 0, 3, 10
"d:\workshops\eShop\src\HybridApp\Platforms\iOS\Program.cs", "C#", 0, 0, 0, 0, 0, 0, 0, 0, 0, 10, 0, 0, 0, 0, 0, 3, 3, 16
"d:\workshops\eShop\src\HybridApp\Properties\launchSettings.json", "JSON", 8, 0, 0, 0, 0, 0, 0, 0, 0, 0, 0, 0, 0, 0, 0, 0, 0, 8
"d:\workshops\eShop\src\HybridApp\Resources\AppIcon\appicon.svg", "XML", 0, 0, 0, 0, 4, 0, 0, 0, 0, 0, 0, 0, 0, 0, 0, 0, 0, 4
"d:\workshops\eShop\src\HybridApp\Resources\AppIcon\appiconfg.svg", "XML", 0, 0, 0, 0, 41, 0, 0, 0, 0, 0, 0, 0, 0, 0, 0, 1, 2, 44
"d:\workshops\eShop\src\HybridApp\Resources\Images\dotnet_bot.svg", "XML", 0, 0, 0, 0, 93, 0, 0, 0, 0, 0, 0, 0, 0, 0, 0, 0, 1, 94
"d:\workshops\eShop\src\HybridApp\Resources\Splash\splash.svg", "XML", 0, 0, 0, 0, 41, 0, 0, 0, 0, 0, 0, 0, 0, 0, 0, 1, 2, 44
"d:\workshops\eShop\src\HybridApp\Services\CatalogJsonContext.cs", "C#", 0, 0, 0, 0, 0, 0, 0, 0, 0, 14, 0, 0, 0, 0, 0, 0, 2, 16
"d:\workshops\eShop\src\HybridApp\Services\CatalogService.cs", "C#", 0, 0, 0, 0, 0, 0, 0, 0, 0, 57, 0, 0, 0, 0, 0, 0, 13, 70
"d:\workshops\eShop\src\HybridApp\Services\ProductImageUrlProvider.cs", "C#", 0, 0, 0, 0, 0, 0, 0, 0, 0, 7, 0, 0, 0, 0, 0, 0, 3, 10
"d:\workshops\eShop\src\HybridApp\wwwroot\css\app.css", "PostCSS", 0, 0, 0, 0, 0, 0, 0, 0, 0, 0, 145, 0, 0, 0, 0, 14, 25, 184
"d:\workshops\eShop\src\HybridApp\wwwroot\css\normalize.css", "PostCSS", 0, 0, 0, 0, 0, 0, 0, 0, 0, 0, 146, 0, 0, 0, 0, 126, 72, 344
"d:\workshops\eShop\src\HybridApp\wwwroot\icons\arrow-left.svg", "XML", 0, 0, 0, 0, 5, 0, 0, 0, 0, 0, 0, 0, 0, 0, 0, 0, 1, 6
"d:\workshops\eShop\src\HybridApp\wwwroot\icons\cart.svg", "XML", 0, 0, 0, 0, 7, 0, 0, 0, 0, 0, 0, 0, 0, 0, 0, 0, 1, 8
"d:\workshops\eShop\src\HybridApp\wwwroot\icons\close.svg", "XML", 0, 0, 0, 0, 6, 0, 0, 0, 0, 0, 0, 0, 0, 0, 0, 0, 1, 7
"d:\workshops\eShop\src\HybridApp\wwwroot\icons\filters.svg", "XML", 0, 0, 0, 0, 5, 0, 0, 0, 0, 0, 0, 0, 0, 0, 0, 0, 1, 6
"d:\workshops\eShop\src\HybridApp\wwwroot\icons\trash.svg", "XML", 0, 0, 0, 0, 6, 0, 0, 0, 0, 0, 0, 0, 0, 0, 0, 0, 1, 7
"d:\workshops\eShop\src\HybridApp\wwwroot\icons\user.svg", "XML", 0, 0, 0, 0, 4, 0, 0, 0, 0, 0, 0, 0, 0, 0, 0, 0, 1, 5
"d:\workshops\eShop\src\HybridApp\wwwroot\images\apple-pay.svg", "XML", 0, 0, 0, 0, 7, 0, 0, 0, 0, 0, 0, 0, 0, 0, 0, 0, 1, 8
"d:\workshops\eShop\src\HybridApp\wwwroot\images\google-pay.svg", "XML", 0, 0, 0, 0, 17, 0, 0, 0, 0, 0, 0, 0, 0, 0, 0, 0, 1, 18
"d:\workshops\eShop\src\HybridApp\wwwroot\images\logo-footer.svg", "XML", 0, 0, 0, 0, 31, 0, 0, 0, 0, 0, 0, 0, 0, 0, 0, 0, 1, 32
"d:\workshops\eShop\src\HybridApp\wwwroot\images\logo-header.svg", "XML", 0, 0, 0, 0, 18, 0, 0, 0, 0, 0, 0, 0, 0, 0, 0, 0, 0, 18
"d:\workshops\eShop\src\HybridApp\wwwroot\index.html", "HTML", 0, 0, 0, 0, 0, 0, 0, 0, 0, 0, 0, 0, 0, 0, 18, 0, 6, 24
"d:\workshops\eShop\src\Identity.API\Configuration\Config.cs", "C#", 0, 0, 0, 0, 0, 0, 0, 0, 0, 174, 0, 0, 0, 0, 0, 9, 10, 193
"d:\workshops\eShop\src\Identity.API\Data\ApplicationDbContext.cs", "C#", 0, 0, 0, 0, 0, 0, 0, 0, 0, 12, 0, 0, 0, 0, 0, 8, 3, 23
"d:\workshops\eShop\src\Identity.API\Data\Migrations\20230925223402_InitialMigration.Designer.cs", "C#", 0, 0, 0, 0, 0, 0, 0, 0, 0, 241, 0, 0, 0, 0, 0, 2, 82, 325
"d:\workshops\eShop\src\Identity.API\Data\Migrations\20230925223402_InitialMigration.cs", "C#", 0, 0, 0, 0, 0, 0, 0, 0, 0, 210, 0, 0, 0, 0, 0, 3, 23, 236
"d:\workshops\eShop\src\Identity.API\Data\Migrations\ApplicationDbContextModelSnapshot.cs", "C#", 0, 0, 0, 0, 0, 0, 0, 0, 0, 239, 0, 0, 0, 0, 0, 1, 82, 322
"d:\workshops\eShop\src\Identity.API\GlobalUsings.cs", "C#", 0, 0, 0, 0, 0, 0, 0, 0, 0, 43, 0, 0, 0, 0, 0, 0, 114, 157
"d:\workshops\eShop\src\Identity.API\Identity.API.csproj", "XML", 0, 0, 0, 0, 50, 0, 0, 0, 0, 0, 0, 0, 0, 0, 0, 1, 7, 58
"d:\workshops\eShop\src\Identity.API\Models\AccountViewModels\ForgotPasswordViewModel.cs", "C#", 0, 0, 0, 0, 0, 0, 0, 0, 0, 9, 0, 0, 0, 0, 0, 0, 1, 10
"d:\workshops\eShop\src\Identity.API\Models\AccountViewModels\LoggedOutViewModel.cs", "C#", 0, 0, 0, 0, 0, 0, 0, 0, 0, 9, 0, 0, 0, 0, 0, 0, 1, 10
"d:\workshops\eShop\src\Identity.API\Models\AccountViewModels\LoginViewModel.cs", "C#", 0, 0, 0, 0, 0, 0, 0, 0, 0, 15, 0, 0, 0, 0, 0, 0, 3, 18
"d:\workshops\eShop\src\Identity.API\Models\AccountViewModels\LogoutViewModel.cs", "C#", 0, 0, 0, 0, 0, 0, 0, 0, 0, 7, 0, 0, 0, 0, 0, 0, 1, 8
"d:\workshops\eShop\src\Identity.API\Models\AccountViewModels\RedirectViewModel.cs", "C#", 0, 0, 0, 0, 0, 0, 0, 0, 0, 7, 0, 0, 0, 0, 0, 0, 1, 8
"d:\workshops\eShop\src\Identity.API\Models\AccountViewModels\RegisterViewModel.cs", "C#", 0, 0, 0, 0, 0, 0, 0, 0, 0, 20, 0, 0, 0, 0, 0, 0, 4, 24
"d:\workshops\eShop\src\Identity.API\Models\AccountViewModels\ResetPasswordViewModel.cs", "C#", 0, 0, 0, 0, 0, 0, 0, 0, 0, 18, 0, 0, 0, 0, 0, 0, 4, 22
"d:\workshops\eShop\src\Identity.API\Models\AccountViewModels\SendCodeViewModel.cs", "C#", 0, 0, 0, 0, 0, 0, 0, 0, 0, 10, 0, 0, 0, 0, 0, 0, 4, 14
"d:\workshops\eShop\src\Identity.API\Models\AccountViewModels\VerifyCodeViewModel.cs", "C#", 0, 0, 0, 0, 0, 0, 0, 0, 0, 15, 0, 0, 0, 0, 0, 0, 5, 20
"d:\workshops\eShop\src\Identity.API\Models\ApplicationUser.cs", "C#", 0, 0, 0, 0, 0, 0, 0, 0, 0, 30, 0, 0, 0, 0, 0, 1, 1, 32
"d:\workshops\eShop\src\Identity.API\Models\ConsentViewModels\ConsentInputModel.cs", "C#", 0, 0, 0, 0, 0, 0, 0, 0, 0, 11, 0, 0, 0, 0, 0, 0, 1, 12
"d:\workshops\eShop\src\Identity.API\Models\ConsentViewModels\ConsentOptions.cs", "C#", 0, 0, 0, 0, 0, 0, 0, 0, 0, 11, 0, 0, 0, 0, 0, 0, 2, 13
"d:\workshops\eShop\src\Identity.API\Models\ConsentViewModels\ConsentViewModel.cs", "C#", 0, 0, 0, 0, 0, 0, 0, 0, 0, 12, 0, 0, 0, 0, 0, 0, 2, 14
"d:\workshops\eShop\src\Identity.API\Models\ConsentViewModels\ProcessConsentResult.cs", "C#", 0, 0, 0, 0, 0, 0, 0, 0, 0, 13, 0, 0, 0, 0, 0, 0, 3, 16
"d:\workshops\eShop\src\Identity.API\Models\ConsentViewModels\ScopeViewModel.cs", "C#", 0, 0, 0, 0, 0, 0, 0, 0, 0, 12, 0, 0, 0, 0, 0, 0, 1, 13
"d:\workshops\eShop\src\Identity.API\Models\ErrorViewModel.cs", "C#", 0, 0, 0, 0, 0, 0, 0, 0, 0, 7, 0, 0, 0, 0, 0, 2, 1, 10
"d:\workshops\eShop\src\Identity.API\Models\ManageViewModels\AddPhoneNumberViewModel.cs", "C#", 0, 0, 0, 0, 0, 0, 0, 0, 0, 10, 0, 0, 0, 0, 0, 0, 1, 11
"d:\workshops\eShop\src\Identity.API\Models\ManageViewModels\ChangePasswordViewModel.cs", "C#", 0, 0, 0, 0, 0, 0, 0, 0, 0, 19, 0, 0, 0, 0, 0, 0, 3, 22
"d:\workshops\eShop\src\Identity.API\Models\ManageViewModels\ConfigureTwoFactorViewModel.cs", "C#", 0, 0, 0, 0, 0, 0, 0, 0, 0, 8, 0, 0, 0, 0, 0, 0, 2, 10
"d:\workshops\eShop\src\Identity.API\Models\ManageViewModels\FactorViewModel.cs", "C#", 0, 0, 0, 0, 0, 0, 0, 0, 0, 7, 0, 0, 0, 0, 0, 0, 1, 8
"d:\workshops\eShop\src\Identity.API\Models\ManageViewModels\IndexViewModel.cs", "C#", 0, 0, 0, 0, 0, 0, 0, 0, 0, 11, 0, 0, 0, 0, 0, 0, 5, 16
"d:\workshops\eShop\src\Identity.API\Models\ManageViewModels\SetPasswordViewModel.cs", "C#", 0, 0, 0, 0, 0, 0, 0, 0, 0, 15, 0, 0, 0, 0, 0, 0, 2, 17
"d:\workshops\eShop\src\Identity.API\Models\ManageViewModels\VerifyPhoneNumberViewModel.cs", "C#", 0, 0, 0, 0, 0, 0, 0, 0, 0, 12, 0, 0, 0, 0, 0, 0, 2, 14
"d:\workshops\eShop\src\Identity.API\Program.cs", "C#", 0, 0, 0, 0, 0, 0, 0, 0, 0, 35, 0, 0, 0, 0, 0, 7, 16, 58
"d:\workshops\eShop\src\Identity.API\Properties\launchSettings.json", "JSON", 20, 0, 0, 0, 0, 0, 0, 0, 0, 0, 0, 0, 0, 0, 0, 0, 0, 20
"d:\workshops\eShop\src\Identity.API\Quickstart\Account\AccountController.cs", "C#", 0, 0, 0, 0, 0, 0, 0, 0, 0, 231, 0, 0, 0, 0, 0, 54, 49, 334
"d:\workshops\eShop\src\Identity.API\Quickstart\Account\AccountOptions.cs", "C#", 0, 0, 0, 0, 0, 0, 0, 0, 0, 10, 0, 0, 0, 0, 0, 2, 5, 17
"d:\workshops\eShop\src\Identity.API\Quickstart\Account\ExternalController.cs", "C#", 0, 0, 0, 0, 0, 0, 0, 0, 0, 166, 0, 0, 0, 0, 0, 38, 35, 239
"d:\workshops\eShop\src\Identity.API\Quickstart\Account\ExternalProvider.cs", "C#", 0, 0, 0, 0, 0, 0, 0, 0, 0, 6, 0, 0, 0, 0, 0, 2, 3, 11
"d:\workshops\eShop\src\Identity.API\Quickstart\Account\LoggedOutViewModel.cs", "C#", 0, 0, 0, 0, 0, 0, 0, 0, 0, 11, 0, 0, 0, 0, 0, 2, 6, 19
"d:\workshops\eShop\src\Identity.API\Quickstart\Account\LoginInputModel.cs", "C#", 0, 0, 0, 0, 0, 0, 0, 0, 0, 10, 0, 0, 0, 0, 0, 2, 4, 16
"d:\workshops\eShop\src\Identity.API\Quickstart\Account\LoginViewModel.cs", "C#", 0, 0, 0, 0, 0, 0, 0, 0, 0, 10, 0, 0, 0, 0, 0, 2, 6, 18
"d:\workshops\eShop\src\Identity.API\Quickstart\Account\LogoutInputModel.cs", "C#", 0, 0, 0, 0, 0, 0, 0, 0, 0, 5, 0, 0, 0, 0, 0, 2, 4, 11
"d:\workshops\eShop\src\Identity.API\Quickstart\Account\LogoutViewModel.cs", "C#", 0, 0, 0, 0, 0, 0, 0, 0, 0, 5, 0, 0, 0, 0, 0, 2, 4, 11
"d:\workshops\eShop\src\Identity.API\Quickstart\Account\RedirectViewModel.cs", "C#", 0, 0, 0, 0, 0, 0, 0, 0, 0, 5, 0, 0, 0, 0, 0, 2, 5, 12
"d:\workshops\eShop\src\Identity.API\Quickstart\Consent\ConsentController.cs", "C#", 0, 0, 0, 0, 0, 0, 0, 0, 0, 187, 0, 0, 0, 0, 0, 27, 34, 248
"d:\workshops\eShop\src\Identity.API\Quickstart\Consent\ConsentInputModel.cs", "C#", 0, 0, 0, 0, 0, 0, 0, 0, 0, 9, 0, 0, 0, 0, 0, 2, 4, 15
"d:\workshops\eShop\src\Identity.API\Quickstart\Consent\ConsentOptions.cs", "C#", 0, 0, 0, 0, 0, 0, 0, 0, 0, 9, 0, 0, 0, 0, 0, 2, 5, 16
"d:\workshops\eShop\src\Identity.API\Quickstart\Consent\ConsentViewModel.cs", "C#", 0, 0, 0, 0, 0, 0, 0, 0, 0, 10, 0, 0, 0, 0, 0, 2, 5, 17
"d:\workshops\eShop\src\Identity.API\Quickstart\Consent\ProcessConsentResult.cs", "C#", 0, 0, 0, 0, 0, 0, 0, 0, 0, 11, 0, 0, 0, 0, 0, 2, 5, 18
"d:\workshops\eShop\src\Identity.API\Quickstart\Consent\ScopeViewModel.cs", "C#", 0, 0, 0, 0, 0, 0, 0, 0, 0, 10, 0, 0, 0, 0, 0, 2, 4, 16
"d:\workshops\eShop\src\Identity.API\Quickstart\Device\DeviceAuthorizationInputModel.cs", "C#", 0, 0, 0, 0, 0, 0, 0, 0, 0, 5, 0, 0, 0, 0, 0, 2, 4, 11
"d:\workshops\eShop\src\Identity.API\Quickstart\Device\DeviceAuthorizationViewModel.cs", "C#", 0, 0, 0, 0, 0, 0, 0, 0, 0, 6, 0, 0, 0, 0, 0, 2, 4, 12
"d:\workshops\eShop\src\Identity.API\Quickstart\Device\DeviceController.cs", "C#", 0, 0, 0, 0, 0, 0, 0, 0, 0, 173, 0, 0, 0, 0, 0, 10, 32, 215
"d:\workshops\eShop\src\Identity.API\Quickstart\Diagnostics\DiagnosticsController.cs", "C#", 0, 0, 0, 0, 0, 0, 0, 0, 0, 16, 0, 0, 0, 0, 0, 2, 5, 23
"d:\workshops\eShop\src\Identity.API\Quickstart\Diagnostics\DiagnosticsViewModel.cs", "C#", 0, 0, 0, 0, 0, 0, 0, 0, 0, 19, 0, 0, 0, 0, 0, 2, 8, 29
"d:\workshops\eShop\src\Identity.API\Quickstart\Extensions.cs", "C#", 0, 0, 0, 0, 0, 0, 0, 0, 0, 15, 0, 0, 0, 0, 0, 4, 4, 23
"d:\workshops\eShop\src\Identity.API\Quickstart\Grants\GrantsController.cs", "C#", 0, 0, 0, 0, 0, 0, 0, 0, 0, 63, 0, 0, 0, 0, 0, 11, 12, 86
"d:\workshops\eShop\src\Identity.API\Quickstart\Grants\GrantsViewModel.cs", "C#", 0, 0, 0, 0, 0, 0, 0, 0, 0, 17, 0, 0, 0, 0, 0, 2, 5, 24
"d:\workshops\eShop\src\Identity.API\Quickstart\Home\ErrorViewModel.cs", "C#", 0, 0, 0, 0, 0, 0, 0, 0, 0, 12, 0, 0, 0, 0, 0, 2, 5, 19
"d:\workshops\eShop\src\Identity.API\Quickstart\Home\HomeController.cs", "C#", 0, 0, 0, 0, 0, 0, 0, 0, 0, 43, 0, 0, 0, 0, 0, 8, 8, 59
"d:\workshops\eShop\src\Identity.API\Quickstart\SecurityHeadersAttribute.cs", "C#", 0, 0, 0, 0, 0, 0, 0, 0, 0, 33, 0, 0, 0, 0, 0, 12, 8, 53
"d:\workshops\eShop\src\Identity.API\Services\EFLoginService.cs", "C#", 0, 0, 0, 0, 0, 0, 0, 0, 0, 29, 0, 0, 0, 0, 0, 0, 6, 35
"d:\workshops\eShop\src\Identity.API\Services\ILoginService.cs", "C#", 0, 0, 0, 0, 0, 0, 0, 0, 0, 10, 0, 0, 0, 0, 0, 0, 4, 14
"d:\workshops\eShop\src\Identity.API\Services\IRedirectService.cs", "C#", 0, 0, 0, 0, 0, 0, 0, 0, 0, 7, 0, 0, 0, 0, 0, 0, 1, 8
"d:\workshops\eShop\src\Identity.API\Services\ProfileService.cs", "C#", 0, 0, 0, 0, 0, 0, 0, 0, 0, 93, 0, 0, 0, 0, 0, 0, 26, 119
"d:\workshops\eShop\src\Identity.API\Services\RedirectService.cs", "C#", 0, 0, 0, 0, 0, 0, 0, 0, 0, 24, 0, 0, 0, 0, 0, 0, 6, 30
"d:\workshops\eShop\src\Identity.API\UsersSeed.cs", "C#", 0, 0, 0, 0, 0, 0, 0, 0, 0, 87, 0, 0, 0, 0, 0, 0, 12, 99
"d:\workshops\eShop\src\Identity.API\Views\Account\AccessDenied.cshtml", "ASP.NET Razor", 0, 0, 0, 0, 0, 0, 0, 0, 0, 0, 0, 6, 0, 0, 0, 0, 1, 7
"d:\workshops\eShop\src\Identity.API\Views\Account\LoggedOut.cshtml", "ASP.NET Razor", 0, 0, 0, 0, 0, 0, 0, 0, 0, 0, 0, 29, 0, 0, 0, 0, 6, 35
"d:\workshops\eShop\src\Identity.API\Views\Account\Login.cshtml", "ASP.NET Razor", 0, 0, 0, 0, 0, 0, 0, 0, 0, 0, 0, 44, 0, 0, 0, 0, 3, 47
"d:\workshops\eShop\src\Identity.API\Views\Account\Logout.cshtml", "ASP.NET Razor", 0, 0, 0, 0, 0, 0, 0, 0, 0, 0, 0, 13, 0, 0, 0, 0, 3, 16
"d:\workshops\eShop\src\Identity.API\Views\Consent\Index.cshtml", "ASP.NET Razor", 0, 0, 0, 0, 0, 0, 0, 0, 0, 0, 0, 97, 0, 0, 0, 0, 8, 105
"d:\workshops\eShop\src\Identity.API\Views\Device\Success.cshtml", "ASP.NET Razor", 0, 0, 0, 0, 0, 0, 0, 0, 0, 0, 0, 6, 0, 0, 0, 0, 2, 8
"d:\workshops\eShop\src\Identity.API\Views\Device\UserCodeCapture.cshtml", "ASP.NET Razor", 0, 0, 0, 0, 0, 0, 0, 0, 0, 0, 0, 19, 0, 0, 0, 0, 5, 24
"d:\workshops\eShop\src\Identity.API\Views\Device\UserCodeConfirmation.cshtml", "ASP.NET Razor", 0, 0, 0, 0, 0, 0, 0, 0, 0, 0, 0, 101, 0, 0, 0, 0, 8, 109
"d:\workshops\eShop\src\Identity.API\Views\Diagnostics\Index.cshtml", "ASP.NET Razor", 0, 0, 0, 0, 0, 0, 0, 0, 0, 0, 0, 57, 0, 0, 0, 0, 8, 65
"d:\workshops\eShop\src\Identity.API\Views\Grants\Index.cshtml", "ASP.NET Razor", 0, 0, 0, 0, 0, 0, 0, 0, 0, 0, 0, 83, 0, 0, 0, 0, 4, 87
"d:\workshops\eShop\src\Identity.API\Views\Home\Index.cshtml", "ASP.NET Razor", 0, 0, 0, 0, 0, 0, 0, 0, 0, 0, 0, 29, 0, 0, 0, 0, 4, 33
"d:\workshops\eShop\src\Identity.API\Views\Shared\Error.cshtml", "ASP.NET Razor", 0, 0, 0, 0, 0, 0, 0, 0, 0, 0, 0, 34, 0, 0, 0, 0, 7, 41
"d:\workshops\eShop\src\Identity.API\Views\Shared\Redirect.cshtml", "ASP.NET Razor", 0, 0, 0, 0, 0, 0, 0, 0, 0, 0, 0, 9, 0, 0, 0, 0, 3, 12
"d:\workshops\eShop\src\Identity.API\Views\Shared\_Layout.cshtml", "ASP.NET Razor", 0, 0, 0, 0, 0, 0, 0, 0, 0, 0, 0, 43, 0, 0, 0, 0, 9, 52
"d:\workshops\eShop\src\Identity.API\Views\Shared\_ScopeListItem.cshtml", "ASP.NET Razor", 0, 0, 0, 0, 0, 0, 0, 0, 0, 0, 0, 33, 0, 0, 0, 0, 1, 34
"d:\workshops\eShop\src\Identity.API\Views\Shared\_ValidationSummary.cshtml", "ASP.NET Razor", 0, 0, 0, 0, 0, 0, 0, 0, 0, 0, 0, 7, 0, 0, 0, 0, 0, 7
"d:\workshops\eShop\src\Identity.API\Views\_ViewImports.cshtml", "ASP.NET Razor", 0, 0, 0, 0, 0, 0, 0, 0, 0, 0, 0, 2, 0, 0, 0, 0, 1, 3
"d:\workshops\eShop\src\Identity.API\Views\_ViewStart.cshtml", "ASP.NET Razor", 0, 0, 0, 0, 0, 0, 0, 0, 0, 0, 0, 3, 0, 0, 0, 0, 1, 4
"d:\workshops\eShop\src\Identity.API\appsettings.Development.json", "JSON", 5, 0, 0, 0, 0, 0, 0, 0, 0, 0, 0, 0, 0, 0, 0, 0, 0, 5
"d:\workshops\eShop\src\Identity.API\appsettings.json", "JSON", 12, 0, 0, 0, 0, 0, 0, 0, 0, 0, 0, 0, 0, 0, 0, 0, 1, 13
"d:\workshops\eShop\src\Identity.API\bundleconfig.json", "JSON", 19, 0, 0, 0, 0, 0, 0, 0, 0, 0, 0, 0, 0, 0, 0, 5, 1, 25
"d:\workshops\eShop\src\Identity.API\libman.json", "JSON", 34, 0, 0, 0, 0, 0, 0, 0, 0, 0, 0, 0, 0, 0, 0, 0, 0, 34
"d:\workshops\eShop\src\Identity.API\wwwroot\_references.js", "JavaScript", 0, 0, 0, 0, 0, 0, 0, 0, 0, 0, 0, 0, 0, 0, 0, 6, 1, 7
"d:\workshops\eShop\src\Identity.API\wwwroot\css\site.css", "PostCSS", 0, 0, 0, 0, 0, 0, 0, 0, 0, 0, 923, 0, 0, 0, 0, 27, 186, 1136
"d:\workshops\eShop\src\Identity.API\wwwroot\fonts\Montserrat-Bold.svg", "XML", 0, 0, 0, 0, 1933, 0, 0, 0, 0, 0, 0, 0, 0, 0, 0, 0, 1, 1934
"d:\workshops\eShop\src\Identity.API\wwwroot\fonts\Montserrat-Regular.svg", "XML", 0, 0, 0, 0, 1743, 0, 0, 0, 0, 0, 0, 0, 0, 0, 0, 0, 1, 1744
"d:\workshops\eShop\src\Identity.API\wwwroot\fonts\Oswald-Bold.svg", "XML", 0, 0, 0, 0, 3184, 0, 0, 0, 0, 0, 0, 0, 0, 0, 0, 0, 1, 3185
"d:\workshops\eShop\src\Identity.API\wwwroot\fonts\Oswald-ExtraLight.svg", "XML", 0, 0, 0, 0, 2860, 0, 0, 0, 0, 0, 0, 0, 0, 0, 0, 0, 1, 2861
"d:\workshops\eShop\src\Identity.API\wwwroot\fonts\Oswald-Light.svg", "XML", 0, 0, 0, 0, 2902, 0, 0, 0, 0, 0, 0, 0, 0, 0, 0, 0, 1, 2903
"d:\workshops\eShop\src\Identity.API\wwwroot\fonts\Oswald-Medium.svg", "XML", 0, 0, 0, 0, 3232, 0, 0, 0, 0, 0, 0, 0, 0, 0, 0, 0, 1, 3233
"d:\workshops\eShop\src\Identity.API\wwwroot\fonts\Oswald-Regular.svg", "XML", 0, 0, 0, 0, 2720, 0, 0, 0, 0, 0, 0, 0, 0, 0, 0, 0, 1, 2721
"d:\workshops\eShop\src\Identity.API\wwwroot\fonts\Oswald-SemiBold.svg", "XML", 0, 0, 0, 0, 3197, 0, 0, 0, 0, 0, 0, 0, 0, 0, 0, 0, 1, 3198
"d:\workshops\eShop\src\Identity.API\wwwroot\images\arrow-right.svg", "XML", 0, 0, 0, 0, 1, 0, 0, 0, 0, 0, 0, 0, 0, 0, 0, 0, 0, 1
"d:\workshops\eShop\src\Identity.API\wwwroot\images\banner1.svg", "XML", 0, 0, 0, 0, 1, 0, 0, 0, 0, 0, 0, 0, 0, 0, 0, 0, 0, 1
"d:\workshops\eShop\src\Identity.API\wwwroot\images\banner2.svg", "XML", 0, 0, 0, 0, 1, 0, 0, 0, 0, 0, 0, 0, 0, 0, 0, 0, 0, 1
"d:\workshops\eShop\src\Identity.API\wwwroot\images\banner3.svg", "XML", 0, 0, 0, 0, 1, 0, 0, 0, 0, 0, 0, 0, 0, 0, 0, 0, 0, 1
"d:\workshops\eShop\src\Identity.API\wwwroot\images\banner4.svg", "XML", 0, 0, 0, 0, 1, 0, 0, 0, 0, 0, 0, 0, 0, 0, 0, 0, 0, 1
"d:\workshops\eShop\src\Identity.API\wwwroot\images\check.svg", "XML", 0, 0, 0, 0, 7, 0, 0, 0, 0, 0, 0, 0, 0, 0, 0, 0, 1, 8
"d:\workshops\eShop\src\Identity.API\wwwroot\images\logo-footer.svg", "XML", 0, 0, 0, 0, 31, 0, 0, 0, 0, 0, 0, 0, 0, 0, 0, 0, 1, 32
"d:\workshops\eShop\src\Identity.API\wwwroot\images\logo-header.svg", "XML", 0, 0, 0, 0, 18, 0, 0, 0, 0, 0, 0, 0, 0, 0, 0, 0, 0, 18
"d:\workshops\eShop\src\Identity.API\wwwroot\images\logo.svg", "XML", 0, 0, 0, 0, 13, 0, 0, 0, 0, 0, 0, 0, 0, 0, 0, 1, 0, 14
"d:\workshops\eShop\src\Identity.API\wwwroot\images\logo_color.svg", "XML", 0, 0, 0, 0, 13, 0, 0, 0, 0, 0, 0, 0, 0, 0, 0, 1, 0, 14
"d:\workshops\eShop\src\Identity.API\wwwroot\images\main_banner_text.svg", "XML", 0, 0, 0, 0, 6, 0, 0, 0, 0, 0, 0, 0, 0, 0, 0, 0, 0, 6
"d:\workshops\eShop\src\Identity.API\wwwroot\images\refresh.svg", "XML", 0, 0, 0, 0, 43, 0, 0, 0, 0, 0, 0, 0, 0, 0, 0, 1, 1, 45
"d:\workshops\eShop\src\Identity.API\wwwroot\js\signin-redirect.js", "JavaScript", 0, 0, 0, 0, 0, 0, 0, 0, 0, 0, 0, 0, 0, 1, 0, 0, 1, 2
"d:\workshops\eShop\src\Identity.API\wwwroot\js\signout-redirect.js", "JavaScript", 0, 0, 0, 0, 0, 0, 0, 0, 0, 0, 0, 0, 0, 6, 0, 0, 1, 7
"d:\workshops\eShop\src\Identity.API\wwwroot\js\site.js", "JavaScript", 0, 0, 0, 0, 0, 0, 0, 0, 0, 0, 0, 0, 0, 0, 0, 1, 1, 2
"d:\workshops\eShop\src\Identity.API\wwwroot\js\site.min.js", "JavaScript", 0, 0, 0, 0, 0, 0, 0, 0, 0, 0, 0, 0, 0, 0, 0, 0, 1, 1
"d:\workshops\eShop\src\IntegrationEventLogEF\EventStateEnum.cs", "C#", 0, 0, 0, 0, 0, 0, 0, 0, 0, 8, 0, 0, 0, 0, 0, 0, 3, 11
"d:\workshops\eShop\src\IntegrationEventLogEF\GlobalUsings.cs", "C#", 0, 0, 0, 0, 0, 0, 0, 0, 0, 8, 0, 0, 0, 0, 0, 0, 1, 9
"d:\workshops\eShop\src\IntegrationEventLogEF\IntegrationEventLogEF.csproj", "XML", 0, 0, 0, 0, 13, 0, 0, 0, 0, 0, 0, 0, 0, 0, 0, 0, 4, 17
"d:\workshops\eShop\src\IntegrationEventLogEF\IntegrationEventLogEntry.cs", "C#", 0, 0, 0, 0, 0, 0, 0, 0, 0, 36, 0, 0, 0, 0, 0, 0, 5, 41
"d:\workshops\eShop\src\IntegrationEventLogEF\IntegrationLogExtensions.cs", "C#", 0, 0, 0, 0, 0, 0, 0, 0, 0, 12, 0, 0, 0, 0, 0, 0, 3, 15
"d:\workshops\eShop\src\IntegrationEventLogEF\Services\IIntegrationEventLogService.cs", "C#", 0, 0, 0, 0, 0, 0, 0, 0, 0, 9, 0, 0, 0, 0, 0, 0, 2, 11
"d:\workshops\eShop\src\IntegrationEventLogEF\Services\IntegrationEventLogService.cs", "C#", 0, 0, 0, 0, 0, 0, 0, 0, 0, 72, 0, 0, 0, 0, 0, 0, 20, 92
"d:\workshops\eShop\src\IntegrationEventLogEF\Utilities\ResilientTransaction.cs", "C#", 0, 0, 0, 0, 0, 0, 0, 0, 0, 18, 0, 0, 0, 0, 0, 2, 4, 24
"d:\workshops\eShop\src\OrderProcessor\BackgroundTaskOptions.cs", "C#", 0, 0, 0, 0, 0, 0, 0, 0, 0, 6, 0, 0, 0, 0, 0, 0, 3, 9
"d:\workshops\eShop\src\OrderProcessor\Events\GracePeriodConfirmedIntegrationEvent.cs", "C#", 0, 0, 0, 0, 0, 0, 0, 0, 0, 10, 0, 0, 0, 0, 0, 0, 3, 13
"d:\workshops\eShop\src\OrderProcessor\Extensions\Extensions.cs", "C#", 0, 0, 0, 0, 0, 0, 0, 0, 0, 19, 0, 0, 0, 0, 0, 0, 8, 27
"d:\workshops\eShop\src\OrderProcessor\GlobalUsings.cs", "C#", 0, 0, 0, 0, 0, 0, 0, 0, 0, 7, 0, 0, 0, 0, 0, 0, 1, 8
"d:\workshops\eShop\src\OrderProcessor\OrderProcessor.csproj", "XML", 0, 0, 0, 0, 14, 0, 0, 0, 0, 0, 0, 0, 0, 0, 0, 0, 4, 18
"d:\workshops\eShop\src\OrderProcessor\Program.cs", "C#", 0, 0, 0, 0, 0, 0, 0, 0, 0, 6, 0, 0, 0, 0, 0, 0, 5, 11
"d:\workshops\eShop\src\OrderProcessor\Properties\launchSettings.json", "JSON", 11, 0, 0, 0, 0, 0, 0, 0, 0, 0, 0, 0, 0, 0, 0, 0, 0, 11
"d:\workshops\eShop\src\OrderProcessor\Services\GracePeriodManagerService.cs", "C#", 0, 0, 0, 0, 0, 0, 0, 0, 0, 78, 0, 0, 0, 0, 0, 0, 18, 96
"d:\workshops\eShop\src\OrderProcessor\appsettings.Development.json", "JSON", 12, 0, 0, 0, 0, 0, 0, 0, 0, 0, 0, 0, 0, 0, 0, 0, 1, 13
"d:\workshops\eShop\src\OrderProcessor\appsettings.json", "JSON", 18, 0, 0, 0, 0, 0, 0, 0, 0, 0, 0, 0, 0, 0, 0, 0, 0, 18
"d:\workshops\eShop\src\Ordering.API\Apis\OrderServices.cs", "C#", 0, 0, 0, 0, 0, 0, 0, 0, 0, 11, 0, 0, 0, 0, 0, 0, 1, 12
"d:\workshops\eShop\src\Ordering.API\Apis\OrdersApi.cs", "C#", 0, 0, 0, 0, 0, 0, 0, 0, 0, 153, 0, 0, 0, 0, 0, 1, 32, 186
"d:\workshops\eShop\src\Ordering.API\Application\Behaviors\LoggingBehavior.cs", "C#", 0, 0, 0, 0, 0, 0, 0, 0, 0, 13, 0, 0, 0, 0, 0, 0, 4, 17
"d:\workshops\eShop\src\Ordering.API\Application\Behaviors\TransactionBehavior.cs", "C#", 0, 0, 0, 0, 0, 0, 0, 0, 0, 49, 0, 0, 0, 0, 0, 0, 16, 65
"d:\workshops\eShop\src\Ordering.API\Application\Behaviors\ValidatorBehavior.cs", "C#", 0, 0, 0, 0, 0, 0, 0, 0, 0, 29, 0, 0, 0, 0, 0, 0, 10, 39
"d:\workshops\eShop\src\Ordering.API\Application\Commands\CancelOrderCommand.cs", "C#", 0, 0, 0, 0, 0, 0, 0, 0, 0, 2, 0, 0, 0, 0, 0, 0, 3, 5
"d:\workshops\eShop\src\Ordering.API\Application\Commands\CancelOrderCommandHandler.cs", "C#", 0, 0, 0, 0, 0, 0, 0, 0, 0, 33, 0, 0, 0, 0, 0, 8, 8, 49
"d:\workshops\eShop\src\Ordering.API\Application\Commands\CreateOrderCommand.cs", "C#", 0, 0, 0, 0, 0, 0, 0, 0, 0, 58, 0, 0, 0, 0, 0, 8, 20, 86
"d:\workshops\eShop\src\Ordering.API\Application\Commands\CreateOrderCommandHandler.cs", "C#", 0, 0, 0, 0, 0, 0, 0, 0, 0, 51, 0, 0, 0, 0, 0, 8, 13, 72
"d:\workshops\eShop\src\Ordering.API\Application\Commands\CreateOrderDraftCommand.cs", "C#", 0, 0, 0, 0, 0, 0, 0, 0, 0, 3, 0, 0, 0, 0, 0, 0, 2, 5
"d:\workshops\eShop\src\Ordering.API\Application\Commands\CreateOrderDraftCommandHandler.cs", "C#", 0, 0, 0, 0, 0, 0, 0, 0, 0, 47, 0, 0, 0, 0, 0, 1, 12, 60
"d:\workshops\eShop\src\Ordering.API\Application\Commands\IdentifiedCommand.cs", "C#", 0, 0, 0, 0, 0, 0, 0, 0, 0, 12, 0, 0, 0, 0, 0, 0, 2, 14
"d:\workshops\eShop\src\Ordering.API\Application\Commands\IdentifiedCommandHandler.cs", "C#", 0, 0, 0, 0, 0, 0, 0, 0, 0, 76, 0, 0, 0, 0, 0, 17, 13, 106
"d:\workshops\eShop\src\Ordering.API\Application\Commands\SetAwaitingValidationOrderStatusCommand.cs", "C#", 0, 0, 0, 0, 0, 0, 0, 0, 0, 2, 0, 0, 0, 0, 0, 0, 2, 4
"d:\workshops\eShop\src\Ordering.API\Application\Commands\SetAwaitingValidationOrderStatusCommandHandler.cs", "C#", 0, 0, 0, 0, 0, 0, 0, 0, 0, 33, 0, 0, 0, 0, 0, 8, 8, 49
"d:\workshops\eShop\src\Ordering.API\Application\Commands\SetPaidOrderStatusCommand.cs", "C#", 0, 0, 0, 0, 0, 0, 0, 0, 0, 2, 0, 0, 0, 0, 0, 0, 2, 4
"d:\workshops\eShop\src\Ordering.API\Application\Commands\SetPaidOrderStatusCommandHandler.cs", "C#", 0, 0, 0, 0, 0, 0, 0, 0, 0, 34, 0, 0, 0, 0, 0, 9, 9, 52
"d:\workshops\eShop\src\Ordering.API\Application\Commands\SetStockConfirmedOrderStatusCommand.cs", "C#", 0, 0, 0, 0, 0, 0, 0, 0, 0, 2, 0, 0, 0, 0, 0, 0, 2, 4
"d:\workshops\eShop\src\Ordering.API\Application\Commands\SetStockConfirmedOrderStatusCommandHandler.cs", "C#", 0, 0, 0, 0, 0, 0, 0, 0, 0, 34, 0, 0, 0, 0, 0, 9, 9, 52
"d:\workshops\eShop\src\Ordering.API\Application\Commands\SetStockRejectedOrderStatusCommand.cs", "C#", 0, 0, 0, 0, 0, 0, 0, 0, 0, 2, 0, 0, 0, 0, 0, 0, 2, 4
"d:\workshops\eShop\src\Ordering.API\Application\Commands\SetStockRejectedOrderStatusCommandHandler.cs", "C#", 0, 0, 0, 0, 0, 0, 0, 0, 0, 34, 0, 0, 0, 0, 0, 9, 10, 53
"d:\workshops\eShop\src\Ordering.API\Application\Commands\ShipOrderCommand.cs", "C#", 0, 0, 0, 0, 0, 0, 0, 0, 0, 2, 0, 0, 0, 0, 0, 0, 2, 4
"d:\workshops\eShop\src\Ordering.API\Application\Commands\ShipOrderCommandHandler.cs", "C#", 0, 0, 0, 0, 0, 0, 0, 0, 0, 33, 0, 0, 0, 0, 0, 8, 8, 49
"d:\workshops\eShop\src\Ordering.API\Application\DomainEventHandlers\OrderCancelledDomainEventHandler.cs", "C#", 0, 0, 0, 0, 0, 0, 0, 0, 0, 28, 0, 0, 0, 0, 0, 0, 6, 34
"d:\workshops\eShop\src\Ordering.API\Application\DomainEventHandlers\OrderShippedDomainEventHandler.cs", "C#", 0, 0, 0, 0, 0, 0, 0, 0, 0, 28, 0, 0, 0, 0, 0, 0, 6, 34
"d:\workshops\eShop\src\Ordering.API\Application\DomainEventHandlers\OrderStatusChangedToAwaitingValidationDomainEventHandler.cs", "C#", 0, 0, 0, 0, 0, 0, 0, 0, 0, 30, 0, 0, 0, 0, 0, 0, 7, 37
"d:\workshops\eShop\src\Ordering.API\Application\DomainEventHandlers\OrderStatusChangedToPaidDomainEventHandler.cs", "C#", 0, 0, 0, 0, 0, 0, 0, 0, 0, 34, 0, 0, 0, 0, 0, 0, 8, 42
"d:\workshops\eShop\src\Ordering.API\Application\DomainEventHandlers\OrderStatusChangedToStockConfirmedDomainEventHandler.cs", "C#", 0, 0, 0, 0, 0, 0, 0, 0, 0, 28, 0, 0, 0, 0, 0, 0, 6, 34
"d:\workshops\eShop\src\Ordering.API\Application\DomainEventHandlers\UpdateOrderWhenBuyerAndPaymentMethodVerifiedDomainEventHandler.cs", "C#", 0, 0, 0, 0, 0, 0, 0, 0, 0, 19, 0, 0, 0, 0, 0, 3, 4, 26
"d:\workshops\eShop\src\Ordering.API\Application\DomainEventHandlers\ValidateOrAddBuyerAggregateWhenOrderStartedDomainEventHandler.cs", "C#", 0, 0, 0, 0, 0, 0, 0, 0, 0, 43, 0, 0, 0, 0, 0, 2, 10, 55
"d:\workshops\eShop\src\Ordering.API\Application\IntegrationEvents\EventHandling\GracePeriodConfirmedIntegrationEventHandler.cs", "C#", 0, 0, 0, 0, 0, 0, 0, 0, 0, 18, 0, 0, 0, 0, 0, 8, 5, 31
"d:\workshops\eShop\src\Ordering.API\Application\IntegrationEvents\EventHandling\OrderPaymentFailedIntegrationEventHandler.cs", "C#", 0, 0, 0, 0, 0, 0, 0, 0, 0, 19, 0, 0, 0, 0, 0, 0, 5, 24
"d:\workshops\eShop\src\Ordering.API\Application\IntegrationEvents\EventHandling\OrderPaymentSucceededIntegrationEventHandler.cs", "C#", 0, 0, 0, 0, 0, 0, 0, 0, 0, 19, 0, 0, 0, 0, 0, 0, 5, 24
"d:\workshops\eShop\src\Ordering.API\Application\IntegrationEvents\EventHandling\OrderStockConfirmedIntegrationEventHandler.cs", "C#", 0, 0, 0, 0, 0, 0, 0, 0, 0, 19, 0, 0, 0, 0, 0, 0, 5, 24
"d:\workshops\eShop\src\Ordering.API\Application\IntegrationEvents\EventHandling\OrderStockRejectedIntegrationEventHandler.cs", "C#", 0, 0, 0, 0, 0, 0, 0, 0, 0, 22, 0, 0, 0, 0, 0, 0, 5, 27
"d:\workshops\eShop\src\Ordering.API\Application\IntegrationEvents\Events\GracePeriodConfirmedIntegrationEvent.cs", "C#", 0, 0, 0, 0, 0, 0, 0, 0, 0, 7, 0, 0, 0, 0, 0, 0, 4, 11
"d:\workshops\eShop\src\Ordering.API\Application\IntegrationEvents\Events\OrderPaymentFailedIntegrationEvent .cs", "C#", 0, 0, 0, 0, 0, 0, 0, 0, 0, 6, 0, 0, 0, 0, 0, 0, 3, 9
"d:\workshops\eShop\src\Ordering.API\Application\IntegrationEvents\Events\OrderPaymentSucceededIntegrationEvent.cs", "C#", 0, 0, 0, 0, 0, 0, 0, 0, 0, 6, 0, 0, 0, 0, 0, 0, 3, 9
"d:\workshops\eShop\src\Ordering.API\Application\IntegrationEvents\Events\OrderStartedIntegrationEvent.cs", "C#", 0, 0, 0, 0, 0, 0, 0, 0, 0, 7, 0, 0, 0, 0, 0, 3, 3, 13
"d:\workshops\eShop\src\Ordering.API\Application\IntegrationEvents\Events\OrderStatusChangedToAwaitingValidationIntegrationEvent.cs", "C#", 0, 0, 0, 0, 0, 0, 0, 0, 0, 29, 0, 0, 0, 0, 0, 0, 5, 34
"d:\workshops\eShop\src\Ordering.API\Application\IntegrationEvents\Events\OrderStatusChangedToCancelledIntegrationEvent.cs", "C#", 0, 0, 0, 0, 0, 0, 0, 0, 0, 16, 0, 0, 0, 0, 0, 0, 3, 19
"d:\workshops\eShop\src\Ordering.API\Application\IntegrationEvents\Events\OrderStatusChangedToPaidIntegrationEvent.cs", "C#", 0, 0, 0, 0, 0, 0, 0, 0, 0, 19, 0, 0, 0, 0, 0, 0, 4, 23
"d:\workshops\eShop\src\Ordering.API\Application\IntegrationEvents\Events\OrderStatusChangedToShippedIntegrationEvent.cs", "C#", 0, 0, 0, 0, 0, 0, 0, 0, 0, 16, 0, 0, 0, 0, 0, 0, 3, 19
"d:\workshops\eShop\src\Ordering.API\Application\IntegrationEvents\Events\OrderStatusChangedToStockConfirmedIntegrationEvent.cs", "C#", 0, 0, 0, 0, 0, 0, 0, 0, 0, 16, 0, 0, 0, 0, 0, 0, 3, 19
"d:\workshops\eShop\src\Ordering.API\Application\IntegrationEvents\Events\OrderStatusChangedTosubmittedIntegrationEvent.cs", "C#", 0, 0, 0, 0, 0, 0, 0, 0, 0, 16, 0, 0, 0, 0, 0, 0, 3, 19
"d:\workshops\eShop\src\Ordering.API\Application\IntegrationEvents\Events\OrderStockConfirmedIntegrationEvent.cs", "C#", 0, 0, 0, 0, 0, 0, 0, 0, 0, 6, 0, 0, 0, 0, 0, 0, 3, 9
"d:\workshops\eShop\src\Ordering.API\Application\IntegrationEvents\Events\OrderStockRejectedIntegrationEvent.cs", "C#", 0, 0, 0, 0, 0, 0, 0, 0, 0, 22, 0, 0, 0, 0, 0, 0, 6, 28
"d:\workshops\eShop\src\Ordering.API\Application\IntegrationEvents\IOrderingIntegrationEventService.cs", "C#", 0, 0, 0, 0, 0, 0, 0, 0, 0, 6, 0, 0, 0, 0, 0, 0, 2, 8
"d:\workshops\eShop\src\Ordering.API\Application\IntegrationEvents\OrderingIntegrationEventService.cs", "C#", 0, 0, 0, 0, 0, 0, 0, 0, 0, 35, 0, 0, 0, 0, 0, 0, 8, 43
"d:\workshops\eShop\src\Ordering.API\Application\Models\BasketItem.cs", "C#", 0, 0, 0, 0, 0, 0, 0, 0, 0, 11, 0, 0, 0, 0, 0, 0, 3, 14
"d:\workshops\eShop\src\Ordering.API\Application\Models\CustomerBasket.cs", "C#", 0, 0, 0, 0, 0, 0, 0, 0, 0, 11, 0, 0, 0, 0, 0, 0, 3, 14
"d:\workshops\eShop\src\Ordering.API\Application\Queries\IOrderQueries.cs", "C#", 0, 0, 0, 0, 0, 0, 0, 0, 0, 7, 0, 0, 0, 0, 0, 0, 4, 11
"d:\workshops\eShop\src\Ordering.API\Application\Queries\OrderQueries.cs", "C#", 0, 0, 0, 0, 0, 0, 0, 0, 0, 48, 0, 0, 0, 0, 0, 0, 6, 54
"d:\workshops\eShop\src\Ordering.API\Application\Queries\OrderViewModel.cs", "C#", 0, 0, 0, 0, 0, 0, 0, 0, 0, 34, 0, 0, 0, 0, 0, 0, 5, 39
"d:\workshops\eShop\src\Ordering.API\Application\Validations\CancelOrderCommandValidator.cs", "C#", 0, 0, 0, 0, 0, 0, 0, 0, 0, 12, 0, 0, 0, 0, 0, 0, 3, 15
"d:\workshops\eShop\src\Ordering.API\Application\Validations\CreateOrderCommandValidator.cs", "C#", 0, 0, 0, 0, 0, 0, 0, 0, 0, 30, 0, 0, 0, 0, 0, 0, 4, 34
"d:\workshops\eShop\src\Ordering.API\Application\Validations\IdentifiedCommandValidator.cs", "C#", 0, 0, 0, 0, 0, 0, 0, 0, 0, 12, 0, 0, 0, 0, 0, 0, 3, 15
"d:\workshops\eShop\src\Ordering.API\Application\Validations\ShipOrderCommandValidator.cs", "C#", 0, 0, 0, 0, 0, 0, 0, 0, 0, 12, 0, 0, 0, 0, 0, 0, 3, 15
"d:\workshops\eShop\src\Ordering.API\Extensions\BasketItemExtensions.cs", "C#", 0, 0, 0, 0, 0, 0, 0, 0, 0, 22, 0, 0, 0, 0, 0, 0, 3, 25
"d:\workshops\eShop\src\Ordering.API\Extensions\Extensions.cs", "C#", 0, 0, 0, 0, 0, 0, 0, 0, 0, 41, 0, 0, 0, 0, 0, 7, 14, 62
"d:\workshops\eShop\src\Ordering.API\Extensions\LinqSelectExtensions.cs", "C#", 0, 0, 0, 0, 0, 0, 0, 0, 0, 40, 0, 0, 0, 0, 0, 0, 6, 46
"d:\workshops\eShop\src\Ordering.API\Extensions\OrderingApiTrace.cs", "C#", 0, 0, 0, 0, 0, 0, 0, 0, 0, 10, 0, 0, 0, 0, 0, 0, 4, 14
"d:\workshops\eShop\src\Ordering.API\GlobalUsings.cs", "C#", 0, 0, 0, 0, 0, 0, 0, 0, 0, 30, 0, 0, 0, 0, 0, 0, 1, 31
"d:\workshops\eShop\src\Ordering.API\Infrastructure\OrderingContextSeed.cs", "C#", 0, 0, 0, 0, 0, 0, 0, 0, 0, 20, 0, 0, 0, 0, 0, 0, 6, 26
"d:\workshops\eShop\src\Ordering.API\Infrastructure\Services\IIdentityService.cs", "C#", 0, 0, 0, 0, 0, 0, 0, 0, 0, 6, 0, 0, 0, 0, 0, 0, 4, 10
"d:\workshops\eShop\src\Ordering.API\Infrastructure\Services\IdentityService.cs", "C#", 0, 0, 0, 0, 0, 0, 0, 0, 0, 8, 0, 0, 0, 0, 0, 0, 3, 11
"d:\workshops\eShop\src\Ordering.API\Ordering.API.csproj", "XML", 0, 0, 0, 0, 38, 0, 0, 0, 0, 0, 0, 0, 0, 0, 0, 0, 7, 45
"d:\workshops\eShop\src\Ordering.API\Program.Testing.cs", "C#", 0, 0, 0, 0, 0, 0, 0, 0, 0, 1, 0, 0, 0, 0, 0, 5, 1, 7
"d:\workshops\eShop\src\Ordering.API\Program.cs", "C#", 0, 0, 0, 0, 0, 0, 0, 0, 0, 13, 0, 0, 0, 0, 0, 0, 9, 22
"d:\workshops\eShop\src\Ordering.API\Properties\launchSettings.json", "JSON", 12, 0, 0, 0, 0, 0, 0, 0, 0, 0, 0, 0, 0, 0, 0, 0, 0, 12
"d:\workshops\eShop\src\Ordering.API\appsettings.Development.json", "JSON", 5, 0, 0, 0, 0, 0, 0, 0, 0, 0, 0, 0, 0, 0, 0, 0, 0, 5
"d:\workshops\eShop\src\Ordering.API\appsettings.json", "JSON", 35, 0, 0, 0, 0, 0, 0, 0, 0, 0, 0, 0, 0, 0, 0, 0, 1, 36
"d:\workshops\eShop\src\Ordering.Domain\AggregatesModel\BuyerAggregate\Buyer.cs", "C#", 0, 0, 0, 0, 0, 0, 0, 0, 0, 36, 0, 0, 0, 0, 0, 0, 16, 52
"d:\workshops\eShop\src\Ordering.Domain\AggregatesModel\BuyerAggregate\CardType.cs", "C#", 0, 0, 0, 0, 0, 0, 0, 0, 0, 6, 0, 0, 0, 0, 0, 0, 2, 8
"d:\workshops\eShop\src\Ordering.Domain\AggregatesModel\BuyerAggregate\IBuyerRepository.cs", "C#", 0, 0, 0, 0, 0, 0, 0, 0, 0, 8, 0, 0, 0, 0, 0, 2, 4, 14
"d:\workshops\eShop\src\Ordering.Domain\AggregatesModel\BuyerAggregate\PaymentMethod.cs", "C#", 0, 0, 0, 0, 0, 0, 0, 0, 0, 35, 0, 0, 0, 0, 0, 0, 9, 44
"d:\workshops\eShop\src\Ordering.Domain\AggregatesModel\OrderAggregate\Address.cs", "C#", 0, 0, 0, 0, 0, 0, 0, 0, 0, 27, 0, 0, 0, 0, 0, 1, 6, 34
"d:\workshops\eShop\src\Ordering.Domain\AggregatesModel\OrderAggregate\IOrderRepository.cs", "C#", 0, 0, 0, 0, 0, 0, 0, 0, 0, 7, 0, 0, 0, 0, 0, 2, 5, 14
"d:\workshops\eShop\src\Ordering.Domain\AggregatesModel\OrderAggregate\Order.cs", "C#", 0, 0, 0, 0, 0, 0, 0, 0, 0, 137, 0, 0, 0, 0, 0, 14, 36, 187
"d:\workshops\eShop\src\Ordering.Domain\AggregatesModel\OrderAggregate\OrderItem.cs", "C#", 0, 0, 0, 0, 0, 0, 0, 0, 0, 47, 0, 0, 0, 0, 0, 0, 17, 64
"d:\workshops\eShop\src\Ordering.Domain\AggregatesModel\OrderAggregate\OrderStatus.cs", "C#", 0, 0, 0, 0, 0, 0, 0, 0, 0, 12, 0, 0, 0, 0, 0, 0, 3, 15
"d:\workshops\eShop\src\Ordering.Domain\Events\BuyerPaymentMethodVerifiedDomainEvent.cs", "C#", 0, 0, 0, 0, 0, 0, 0, 0, 0, 14, 0, 0, 0, 0, 0, 0, 3, 17
"d:\workshops\eShop\src\Ordering.Domain\Events\OrderCancelledDomainEvent.cs", "C#", 0, 0, 0, 0, 0, 0, 0, 0, 0, 9, 0, 0, 0, 0, 0, 0, 4, 13
"d:\workshops\eShop\src\Ordering.Domain\Events\OrderShippedDomainEvent.cs", "C#", 0, 0, 0, 0, 0, 0, 0, 0, 0, 9, 0, 0, 0, 0, 0, 0, 3, 12
"d:\workshops\eShop\src\Ordering.Domain\Events\OrderStartedDomainEvent.cs", "C#", 0, 0, 0, 0, 0, 0, 0, 0, 0, 10, 0, 0, 0, 0, 0, 3, 3, 16
"d:\workshops\eShop\src\Ordering.Domain\Events\OrderStatusChangedToAwaitingValidationDomainEvent.cs", "C#", 0, 0, 0, 0, 0, 0, 0, 0, 0, 13, 0, 0, 0, 0, 0, 3, 3, 19
"d:\workshops\eShop\src\Ordering.Domain\Events\OrderStatusChangedToPaidDomainEvent.cs", "C#", 0, 0, 0, 0, 0, 0, 0, 0, 0, 13, 0, 0, 0, 0, 0, 3, 3, 19
"d:\workshops\eShop\src\Ordering.Domain\Events\OrderStatusChangedToStockConfirmedDomainEvent.cs", "C#", 0, 0, 0, 0, 0, 0, 0, 0, 0, 8, 0, 0, 0, 0, 0, 3, 3, 14
"d:\workshops\eShop\src\Ordering.Domain\Exceptions\OrderingDomainException.cs", "C#", 0, 0, 0, 0, 0, 0, 0, 0, 0, 12, 0, 0, 0, 0, 0, 3, 4, 19
"d:\workshops\eShop\src\Ordering.Domain\GlobalUsings.cs", "C#", 0, 0, 0, 0, 0, 0, 0, 0, 0, 7, 0, 0, 0, 0, 0, 0, 1, 8
"d:\workshops\eShop\src\Ordering.Domain\Ordering.Domain.csproj", "XML", 0, 0, 0, 0, 9, 0, 0, 0, 0, 0, 0, 0, 0, 0, 0, 0, 4, 13
"d:\workshops\eShop\src\Ordering.Domain\SeedWork\Entity.cs", "C#", 0, 0, 0, 0, 0, 0, 0, 0, 0, 72, 0, 0, 0, 0, 0, 0, 16, 88
"d:\workshops\eShop\src\Ordering.Domain\SeedWork\IAggregateRoot.cs", "C#", 0, 0, 0, 0, 0, 0, 0, 0, 0, 2, 0, 0, 0, 0, 0, 0, 4, 6
"d:\workshops\eShop\src\Ordering.Domain\SeedWork\IRepository.cs", "C#", 0, 0, 0, 0, 0, 0, 0, 0, 0, 5, 0, 0, 0, 0, 0, 0, 2, 7
"d:\workshops\eShop\src\Ordering.Domain\SeedWork\IUnitOfWork.cs", "C#", 0, 0, 0, 0, 0, 0, 0, 0, 0, 6, 0, 0, 0, 0, 0, 0, 2, 8
"d:\workshops\eShop\src\Ordering.Domain\SeedWork\ValueObject.cs", "C#", 0, 0, 0, 0, 0, 0, 0, 0, 0, 36, 0, 0, 0, 0, 0, 0, 9, 45
"d:\workshops\eShop\src\Ordering.Infrastructure\EntityConfigurations\BuyerEntityTypeConfiguration.cs", "C#", 0, 0, 0, 0, 0, 0, 0, 0, 0, 18, 0, 0, 0, 0, 0, 0, 7, 25
"d:\workshops\eShop\src\Ordering.Infrastructure\EntityConfigurations\CardTypeEntityTypeConfiguration.cs", "C#", 0, 0, 0, 0, 0, 0, 0, 0, 0, 14, 0, 0, 0, 0, 0, 0, 4, 18
"d:\workshops\eShop\src\Ordering.Infrastructure\EntityConfigurations\ClientRequestEntityTypeConfiguration.cs", "C#", 0, 0, 0, 0, 0, 0, 0, 0, 0, 9, 0, 0, 0, 0, 0, 0, 2, 11
"d:\workshops\eShop\src\Ordering.Infrastructure\EntityConfigurations\OrderEntityTypeConfiguration.cs", "C#", 0, 0, 0, 0, 0, 0, 0, 0, 0, 27, 0, 0, 0, 0, 0, 1, 9, 37
"d:\workshops\eShop\src\Ordering.Infrastructure\EntityConfigurations\OrderItemEntityTypeConfiguration.cs", "C#", 0, 0, 0, 0, 0, 0, 0, 0, 0, 13, 0, 0, 0, 0, 0, 0, 5, 18
"d:\workshops\eShop\src\Ordering.Infrastructure\EntityConfigurations\PaymentMethodEntityTypeConfiguration.cs", "C#", 0, 0, 0, 0, 0, 0, 0, 0, 0, 36, 0, 0, 0, 0, 0, 0, 11, 47
"d:\workshops\eShop\src\Ordering.Infrastructure\GlobalUsings.cs", "C#", 0, 0, 0, 0, 0, 0, 0, 0, 0, 12, 0, 0, 0, 0, 0, 0, 1, 13
"d:\workshops\eShop\src\Ordering.Infrastructure\Idempotency\ClientRequest.cs", "C#", 0, 0, 0, 0, 0, 0, 0, 0, 0, 9, 0, 0, 0, 0, 0, 0, 3, 12
"d:\workshops\eShop\src\Ordering.Infrastructure\Idempotency\IRequestManager.cs", "C#", 0, 0, 0, 0, 0, 0, 0, 0, 0, 6, 0, 0, 0, 0, 0, 0, 3, 9
"d:\workshops\eShop\src\Ordering.Infrastructure\Idempotency\RequestManager.cs", "C#", 0, 0, 0, 0, 0, 0, 0, 0, 0, 29, 0, 0, 0, 0, 0, 0, 10, 39
"d:\workshops\eShop\src\Ordering.Infrastructure\MediatorExtension.cs", "C#", 0, 0, 0, 0, 0, 0, 0, 0, 0, 17, 0, 0, 0, 0, 0, 0, 5, 22
"d:\workshops\eShop\src\Ordering.Infrastructure\Migrations\20230925222426_Initial.Designer.cs", "C#", 0, 0, 0, 0, 0, 0, 0, 0, 0, 246, 0, 0, 0, 0, 0, 2, 85, 333
"d:\workshops\eShop\src\Ordering.Infrastructure\Migrations\20230925222426_Initial.cs", "C#", 0, 0, 0, 0, 0, 0, 0, 0, 0, 247, 0, 0, 0, 0, 0, 3, 32, 282
"d:\workshops\eShop\src\Ordering.Infrastructure\Migrations\20231021004633_FixOrderitemseqSchema.Designer.cs", "C#", 0, 0, 0, 0, 0, 0, 0, 0, 0, 244, 0, 0, 0, 0, 0, 2, 84, 330
"d:\workshops\eShop\src\Ordering.Infrastructure\Migrations\20231021004633_FixOrderitemseqSchema.cs", "C#", 0, 0, 0, 0, 0, 0, 0, 0, 0, 58, 0, 0, 0, 0, 0, 3, 8, 69
"d:\workshops\eShop\src\Ordering.Infrastructure\Migrations\20231026091055_Outbox.Designer.cs", "C#", 0, 0, 0, 0, 0, 0, 0, 0, 0, 266, 0, 0, 0, 0, 0, 2, 93, 361
"d:\workshops\eShop\src\Ordering.Infrastructure\Migrations\20231026091055_Outbox.cs", "C#", 0, 0, 0, 0, 0, 0, 0, 0, 0, 35, 0, 0, 0, 0, 0, 3, 4, 42
"d:\workshops\eShop\src\Ordering.Infrastructure\Migrations\20240106121712_UseEnumForOrderStatus.Designer.cs", "C#", 0, 0, 0, 0, 0, 0, 0, 0, 0, 249, 0, 0, 0, 0, 0, 2, 86, 337
"d:\workshops\eShop\src\Ordering.Infrastructure\Migrations\20240106121712_UseEnumForOrderStatus.cs", "C#", 0, 0, 0, 0, 0, 0, 0, 0, 0, 93, 0, 0, 0, 0, 0, 5, 15, 113
"d:\workshops\eShop\src\Ordering.Infrastructure\Migrations\OrderingContextModelSnapshot.cs", "C#", 0, 0, 0, 0, 0, 0, 0, 0, 0, 247, 0, 0, 0, 0, 0, 1, 86, 334
"d:\workshops\eShop\src\Ordering.Infrastructure\Ordering.Infrastructure.csproj", "XML", 0, 0, 0, 0, 13, 0, 0, 0, 0, 0, 0, 0, 0, 0, 0, 0, 5, 18
"d:\workshops\eShop\src\Ordering.Infrastructure\OrderingContext.cs", "C#", 0, 0, 0, 0, 0, 0, 0, 0, 0, 82, 0, 0, 0, 0, 0, 13, 21, 116
"d:\workshops\eShop\src\Ordering.Infrastructure\Repositories\BuyerRepository.cs", "C#", 0, 0, 0, 0, 0, 0, 0, 0, 0, 43, 0, 0, 0, 0, 0, 0, 10, 53
"d:\workshops\eShop\src\Ordering.Infrastructure\Repositories\OrderRepository.cs", "C#", 0, 0, 0, 0, 0, 0, 0, 0, 0, 29, 0, 0, 0, 0, 0, 0, 10, 39
"d:\workshops\eShop\src\PaymentProcessor\GlobalUsings.cs", "C#", 0, 0, 0, 0, 0, 0, 0, 0, 0, 7, 0, 0, 0, 0, 0, 0, 1, 8
"d:\workshops\eShop\src\PaymentProcessor\IntegrationEvents\EventHandling\OrderStatusChangedToStockConfirmedIntegrationEventHandler.cs", "C#", 0, 0, 0, 0, 0, 0, 0, 0, 0, 23, 0, 0, 0, 0, 0, 5, 7, 35
"d:\workshops\eShop\src\PaymentProcessor\IntegrationEvents\Events\OrderPaymentFailedIntegrationEvent.cs", "C#", 0, 0, 0, 0, 0, 0, 0, 0, 0, 2, 0, 0, 0, 0, 0, 0, 2, 4
"d:\workshops\eShop\src\PaymentProcessor\IntegrationEvents\Events\OrderPaymentSucceededIntegrationEvent.cs", "C#", 0, 0, 0, 0, 0, 0, 0, 0, 0, 2, 0, 0, 0, 0, 0, 0, 2, 4
"d:\workshops\eShop\src\PaymentProcessor\IntegrationEvents\Events\OrderStatusChangedToStockConfirmedIntegrationEvent.cs", "C#", 0, 0, 0, 0, 0, 0, 0, 0, 0, 2, 0, 0, 0, 0, 0, 0, 2, 4
"d:\workshops\eShop\src\PaymentProcessor\PaymentOptions.cs", "C#", 0, 0, 0, 0, 0, 0, 0, 0, 0, 5, 0, 0, 0, 0, 0, 0, 3, 8
"d:\workshops\eShop\src\PaymentProcessor\PaymentProcessor.csproj", "XML", 0, 0, 0, 0, 9, 0, 0, 0, 0, 0, 0, 0, 0, 0, 0, 0, 4, 13
"d:\workshops\eShop\src\PaymentProcessor\Program.cs", "C#", 0, 0, 0, 0, 0, 0, 0, 0, 0, 9, 0, 0, 0, 0, 0, 0, 7, 16
"d:\workshops\eShop\src\PaymentProcessor\Properties\launchSettings.json", "JSON", 12, 0, 0, 0, 0, 0, 0, 0, 0, 0, 0, 0, 0, 0, 0, 0, 0, 12
"d:\workshops\eShop\src\PaymentProcessor\appsettings.Development.json", "JSON", 12, 0, 0, 0, 0, 0, 0, 0, 0, 0, 0, 0, 0, 0, 0, 0, 1, 13
"d:\workshops\eShop\src\PaymentProcessor\appsettings.json", "JSON", 17, 0, 0, 0, 0, 0, 0, 0, 0, 0, 0, 0, 0, 0, 0, 0, 0, 17
"d:\workshops\eShop\src\Shared\ActivityExtensions.cs", "C#", 0, 0, 0, 0, 0, 0, 0, 0, 0, 15, 0, 0, 0, 0, 0, 1, 3, 19
"d:\workshops\eShop\src\Shared\MigrateDbContextExtensions.cs", "C#", 0, 0, 0, 0, 0, 0, 0, 0, 0, 74, 0, 0, 0, 0, 0, 1, 19, 94
"d:\workshops\eShop\src\WebAppComponents\Catalog\CatalogItem.cs", "C#", 0, 0, 0, 0, 0, 0, 0, 0, 0, 14, 0, 0, 0, 0, 0, 0, 3, 17
"d:\workshops\eShop\src\WebAppComponents\Catalog\CatalogListItem.razor", "ASP.NET Razor", 0, 0, 0, 0, 0, 0, 0, 0, 0, 0, 0, 19, 0, 0, 0, 0, 4, 23
"d:\workshops\eShop\src\WebAppComponents\Catalog\CatalogListItem.razor.css", "PostCSS", 0, 0, 0, 0, 0, 0, 0, 0, 0, 0, 54, 0, 0, 0, 0, 0, 9, 63
"d:\workshops\eShop\src\WebAppComponents\Catalog\CatalogSearch.razor", "ASP.NET Razor", 0, 0, 0, 0, 0, 0, 0, 0, 0, 0, 0, 69, 0, 0, 0, 0, 7, 76
"d:\workshops\eShop\src\WebAppComponents\Catalog\CatalogSearch.razor.css", "PostCSS", 0, 0, 0, 0, 0, 0, 0, 0, 0, 0, 93, 0, 0, 0, 0, 0, 15, 108
"d:\workshops\eShop\src\WebAppComponents\Item\ItemHelper.cs", "C#", 0, 0, 0, 0, 0, 0, 0, 0, 0, 7, 0, 0, 0, 0, 0, 0, 3, 10
"d:\workshops\eShop\src\WebAppComponents\Services\CatalogService.cs", "C#", 0, 0, 0, 0, 0, 0, 0, 0, 0, 56, 0, 0, 0, 0, 0, 0, 12, 68
"d:\workshops\eShop\src\WebAppComponents\Services\ICatalogService.cs", "C#", 0, 0, 0, 0, 0, 0, 0, 0, 0, 15, 0, 0, 0, 0, 0, 0, 2, 17
"d:\workshops\eShop\src\WebAppComponents\Services\IProductImageUrlProvider.cs", "C#", 0, 0, 0, 0, 0, 0, 0, 0, 0, 8, 0, 0, 0, 0, 0, 0, 4, 12
"d:\workshops\eShop\src\WebAppComponents\WebAppComponents.csproj", "XML", 0, 0, 0, 0, 14, 0, 0, 0, 0, 0, 0, 0, 0, 0, 0, 0, 6, 20
"d:\workshops\eShop\src\WebAppComponents\_Imports.razor", "ASP.NET Razor", 0, 0, 0, 0, 0, 0, 0, 0, 0, 0, 0, 2, 0, 0, 0, 0, 1, 3
"d:\workshops\eShop\src\WebApp\Components\App.razor", "ASP.NET Razor", 0, 0, 0, 0, 0, 0, 0, 0, 0, 0, 0, 17, 0, 0, 0, 0, 4, 21
"d:\workshops\eShop\src\WebApp\Components\Chatbot\ChatState.cs", "C#", 0, 0, 0, 0, 0, 0, 0, 0, 0, 158, 0, 0, 0, 0, 0, 2, 19, 179
"d:\workshops\eShop\src\WebApp\Components\Chatbot\Chatbot.razor", "ASP.NET Razor", 0, 0, 0, 0, 0, 0, 0, 0, 0, 0, 0, 82, 0, 0, 0, 0, 11, 93
"d:\workshops\eShop\src\WebApp\Components\Chatbot\Chatbot.razor.css", "PostCSS", 0, 0, 0, 0, 0, 0, 0, 0, 0, 0, 124, 0, 0, 0, 0, 0, 15, 139
"d:\workshops\eShop\src\WebApp\Components\Chatbot\Chatbot.razor.js", "JavaScript", 0, 0, 0, 0, 0, 0, 0, 0, 0, 0, 0, 0, 0, 11, 0, 0, 2, 13
"d:\workshops\eShop\src\WebApp\Components\Chatbot\MessageProcessor.cs", "C#", 0, 0, 0, 0, 0, 0, 0, 0, 0, 25, 0, 0, 0, 0, 0, 3, 8, 36
"d:\workshops\eShop\src\WebApp\Components\Chatbot\ShowChatbotButton.razor", "ASP.NET Razor", 0, 0, 0, 0, 0, 0, 0, 0, 0, 0, 0, 10, 0, 0, 0, 0, 4, 14
"d:\workshops\eShop\src\WebApp\Components\Chatbot\ShowChatbotButton.razor.css", "PostCSS", 0, 0, 0, 0, 0, 0, 0, 0, 0, 0, 28, 0, 0, 0, 0, 0, 3, 31
"d:\workshops\eShop\src\WebApp\Components\Layout\CartMenu.razor", "ASP.NET Razor", 0, 0, 0, 0, 0, 0, 0, 0, 0, 0, 0, 44, 0, 0, 0, 0, 9, 53
"d:\workshops\eShop\src\WebApp\Components\Layout\CartMenu.razor.css", "PostCSS", 0, 0, 0, 0, 0, 0, 0, 0, 0, 0, 19, 0, 0, 0, 0, 0, 1, 20
"d:\workshops\eShop\src\WebApp\Components\Layout\FooterBar.razor", "ASP.NET Razor", 0, 0, 0, 0, 0, 0, 0, 0, 0, 0, 0, 8, 0, 0, 0, 0, 0, 8
"d:\workshops\eShop\src\WebApp\Components\Layout\FooterBar.razor.css", "PostCSS", 0, 0, 0, 0, 0, 0, 0, 0, 0, 0, 32, 0, 0, 0, 0, 0, 6, 38
"d:\workshops\eShop\src\WebApp\Components\Layout\HeaderBar.razor", "ASP.NET Razor", 0, 0, 0, 0, 0, 0, 0, 0, 0, 0, 0, 29, 0, 0, 0, 0, 5, 34
"d:\workshops\eShop\src\WebApp\Components\Layout\HeaderBar.razor.css", "PostCSS", 0, 0, 0, 0, 0, 0, 0, 0, 0, 0, 126, 0, 0, 0, 0, 0, 25, 151
"d:\workshops\eShop\src\WebApp\Components\Layout\MainLayout.razor", "ASP.NET Razor", 0, 0, 0, 0, 0, 0, 0, 0, 0, 0, 0, 11, 0, 0, 0, 0, 3, 14
"d:\workshops\eShop\src\WebApp\Components\Layout\MainLayout.razor.css", "PostCSS", 0, 0, 0, 0, 0, 0, 0, 0, 0, 0, 17, 0, 0, 0, 0, 0, 2, 19
"d:\workshops\eShop\src\WebApp\Components\Layout\UserMenu.razor", "ASP.NET Razor", 0, 0, 0, 0, 0, 0, 0, 0, 0, 0, 0, 30, 0, 0, 0, 0, 4, 34
"d:\workshops\eShop\src\WebApp\Components\Layout\UserMenu.razor.css", "PostCSS", 0, 0, 0, 0, 0, 0, 0, 0, 0, 0, 32, 0, 0, 0, 0, 0, 6, 38
"d:\workshops\eShop\src\WebApp\Components\Pages\Cart\CartPage.razor", "ASP.NET Razor", 0, 0, 0, 0, 0, 0, 0, 0, 0, 0, 0, 104, 0, 0, 0, 0, 13, 117
"d:\workshops\eShop\src\WebApp\Components\Pages\Cart\CartPage.razor.css", "PostCSS", 0, 0, 0, 0, 0, 0, 0, 0, 0, 0, 142, 0, 0, 0, 0, 0, 21, 163
"d:\workshops\eShop\src\WebApp\Components\Pages\Catalog\Catalog.razor", "ASP.NET Razor", 0, 0, 0, 0, 0, 0, 0, 0, 0, 0, 0, 51, 0, 0, 0, 0, 12, 63
"d:\workshops\eShop\src\WebApp\Components\Pages\Catalog\Catalog.razor.css", "PostCSS", 0, 0, 0, 0, 0, 0, 0, 0, 0, 0, 122, 0, 0, 0, 0, 0, 19, 141
"d:\workshops\eShop\src\WebApp\Components\Pages\Checkout\Checkout.razor", "ASP.NET Razor", 0, 0, 0, 0, 0, 0, 0, 0, 0, 0, 0, 115, 0, 0, 0, 0, 16, 131
"d:\workshops\eShop\src\WebApp\Components\Pages\Checkout\Checkout.razor.css", "PostCSS", 0, 0, 0, 0, 0, 0, 0, 0, 0, 0, 73, 0, 0, 0, 0, 0, 10, 83
"d:\workshops\eShop\src\WebApp\Components\Pages\Item\ItemPage.razor", "ASP.NET Razor", 0, 0, 0, 0, 0, 0, 0, 0, 0, 0, 0, 99, 0, 0, 0, 0, 12, 111
"d:\workshops\eShop\src\WebApp\Components\Pages\Item\ItemPage.razor.css", "PostCSS", 0, 0, 0, 0, 0, 0, 0, 0, 0, 0, 63, 0, 0, 0, 0, 0, 12, 75
"d:\workshops\eShop\src\WebApp\Components\Pages\User\LogIn.razor", "ASP.NET Razor", 0, 0, 0, 0, 0, 0, 0, 0, 0, 0, 0, 18, 0, 0, 0, 0, 4, 22
"d:\workshops\eShop\src\WebApp\Components\Pages\User\LogOut.razor", "ASP.NET Razor", 0, 0, 0, 0, 0, 0, 0, 0, 0, 0, 0, 1, 0, 0, 0, 4, 1, 6
"d:\workshops\eShop\src\WebApp\Components\Pages\User\Orders.razor", "ASP.NET Razor", 0, 0, 0, 0, 0, 0, 0, 0, 0, 0, 0, 54, 0, 0, 0, 0, 5, 59
"d:\workshops\eShop\src\WebApp\Components\Pages\User\Orders.razor.css", "PostCSS", 0, 0, 0, 0, 0, 0, 0, 0, 0, 0, 65, 0, 0, 0, 0, 0, 11, 76
"d:\workshops\eShop\src\WebApp\Components\Pages\User\OrdersRefreshOnStatusChange.razor", "ASP.NET Razor", 0, 0, 0, 0, 0, 0, 0, 0, 0, 0, 0, 38, 0, 0, 0, 0, 4, 42
"d:\workshops\eShop\src\WebApp\Components\Routes.razor", "ASP.NET Razor", 0, 0, 0, 0, 0, 0, 0, 0, 0, 0, 0, 6, 0, 0, 0, 0, 1, 7
"d:\workshops\eShop\src\WebApp\Components\_Imports.razor", "ASP.NET Razor", 0, 0, 0, 0, 0, 0, 0, 0, 0, 0, 0, 15, 0, 0, 0, 0, 0, 15
"d:\workshops\eShop\src\WebApp\Extensions\Extensions.cs", "C#", 0, 0, 0, 0, 0, 0, 0, 0, 0, 103, 0, 0, 0, 0, 0, 4, 18, 125
"d:\workshops\eShop\src\WebApp\GlobalUsings.cs", "C#", 0, 0, 0, 0, 0, 0, 0, 0, 0, 3, 0, 0, 0, 0, 0, 0, 1, 4
"d:\workshops\eShop\src\WebApp\Program.cs", "C#", 0, 0, 0, 0, 0, 0, 0, 0, 0, 19, 0, 0, 0, 0, 0, 2, 14, 35
"d:\workshops\eShop\src\WebApp\Properties\launchSettings.json", "JSON", 23, 0, 0, 0, 0, 0, 0, 0, 0, 0, 0, 0, 0, 0, 0, 0, 1, 24
"d:\workshops\eShop\src\WebApp\Services\BasketCheckoutInfo.cs", "C#", 0, 0, 0, 0, 0, 0, 0, 0, 0, 22, 0, 0, 0, 0, 0, 0, 13, 35
"d:\workshops\eShop\src\WebApp\Services\BasketItem.cs", "C#", 0, 0, 0, 0, 0, 0, 0, 0, 0, 10, 0, 0, 0, 0, 0, 0, 2, 12
"d:\workshops\eShop\src\WebApp\Services\BasketService.cs", "C#", 0, 0, 0, 0, 0, 0, 0, 0, 0, 40, 0, 0, 0, 0, 0, 0, 10, 50
"d:\workshops\eShop\src\WebApp\Services\BasketState.cs", "C#", 0, 0, 0, 0, 0, 0, 0, 0, 0, 147, 0, 0, 0, 0, 0, 3, 23, 173
"d:\workshops\eShop\src\WebApp\Services\IBasketState.cs", "C#", 0, 0, 0, 0, 0, 0, 0, 0, 0, 9, 0, 0, 0, 0, 0, 0, 3, 12
"d:\workshops\eShop\src\WebApp\Services\LogOutService.cs", "C#", 0, 0, 0, 0, 0, 0, 0, 0, 0, 12, 0, 0, 0, 0, 0, 0, 3, 15
"d:\workshops\eShop\src\WebApp\Services\OrderStatus\IntegrationEvents\EventHandling\OrderStatusChangedToAwaitingValidationIntegrationEventHandler.cs", "C#", 0, 0, 0, 0, 0, 0, 0, 0, 0, 13, 0, 0, 0, 0, 0, 0, 3, 16
"d:\workshops\eShop\src\WebApp\Services\OrderStatus\IntegrationEvents\EventHandling\OrderStatusChangedToCancelledIntegrationEventHandler.cs", "C#", 0, 0, 0, 0, 0, 0, 0, 0, 0, 13, 0, 0, 0, 0, 0, 0, 3, 16
"d:\workshops\eShop\src\WebApp\Services\OrderStatus\IntegrationEvents\EventHandling\OrderStatusChangedToPaidIntegrationEventHandler.cs", "C#", 0, 0, 0, 0, 0, 0, 0, 0, 0, 13, 0, 0, 0, 0, 0, 0, 3, 16
"d:\workshops\eShop\src\WebApp\Services\OrderStatus\IntegrationEvents\EventHandling\OrderStatusChangedToShippedIntegrationEventHandler.cs", "C#", 0, 0, 0, 0, 0, 0, 0, 0, 0, 13, 0, 0, 0, 0, 0, 0, 3, 16
"d:\workshops\eShop\src\WebApp\Services\OrderStatus\IntegrationEvents\EventHandling\OrderStatusChangedToStockConfirmedIntegrationEventHandler.cs", "C#", 0, 0, 0, 0, 0, 0, 0, 0, 0, 13, 0, 0, 0, 0, 0, 0, 3, 16
"d:\workshops\eShop\src\WebApp\Services\OrderStatus\IntegrationEvents\EventHandling\OrderStatusChangedToSubmittedIntegrationEventHandler.cs", "C#", 0, 0, 0, 0, 0, 0, 0, 0, 0, 13, 0, 0, 0, 0, 0, 0, 3, 16
"d:\workshops\eShop\src\WebApp\Services\OrderStatus\IntegrationEvents\Events\OrderStatusChangedToAwaitingValidationIntegrationEvent.cs", "C#", 0, 0, 0, 0, 0, 0, 0, 0, 0, 17, 0, 0, 0, 0, 0, 0, 5, 22
"d:\workshops\eShop\src\WebApp\Services\OrderStatus\IntegrationEvents\Events\OrderStatusChangedToCancelledIntegrationEvent.cs", "C#", 0, 0, 0, 0, 0, 0, 0, 0, 0, 17, 0, 0, 0, 0, 0, 0, 5, 22
"d:\workshops\eShop\src\WebApp\Services\OrderStatus\IntegrationEvents\Events\OrderStatusChangedToPaidIntegrationEvent.cs", "C#", 0, 0, 0, 0, 0, 0, 0, 0, 0, 17, 0, 0, 0, 0, 0, 0, 4, 21
"d:\workshops\eShop\src\WebApp\Services\OrderStatus\IntegrationEvents\Events\OrderStatusChangedToShippedIntegrationEvent.cs", "C#", 0, 0, 0, 0, 0, 0, 0, 0, 0, 17, 0, 0, 0, 0, 0, 0, 5, 22
"d:\workshops\eShop\src\WebApp\Services\OrderStatus\IntegrationEvents\Events\OrderStatusChangedToStockConfirmedIntegrationEvent.cs", "C#", 0, 0, 0, 0, 0, 0, 0, 0, 0, 17, 0, 0, 0, 0, 0, 0, 4, 21
"d:\workshops\eShop\src\WebApp\Services\OrderStatus\IntegrationEvents\Events\OrderStatusChangedToSubmittedIntegrationEvent.cs", "C#", 0, 0, 0, 0, 0, 0, 0, 0, 0, 17, 0, 0, 0, 0, 0, 0, 4, 21
"d:\workshops\eShop\src\WebApp\Services\OrderStatus\OrderStatusNotificationService.cs", "C#", 0, 0, 0, 0, 0, 0, 0, 0, 0, 52, 0, 0, 0, 0, 0, 1, 10, 63
"d:\workshops\eShop\src\WebApp\Services\OrderingService.cs", "C#", 0, 0, 0, 0, 0, 0, 0, 0, 0, 21, 0, 0, 0, 0, 0, 0, 5, 26
"d:\workshops\eShop\src\WebApp\Services\ProductImageUrlProvider.cs", "C#", 0, 0, 0, 0, 0, 0, 0, 0, 0, 7, 0, 0, 0, 0, 0, 0, 3, 10
"d:\workshops\eShop\src\WebApp\WebApp.csproj", "XML", 0, 0, 0, 0, 27, 0, 0, 0, 0, 0, 0, 0, 0, 0, 0, 1, 7, 35
"d:\workshops\eShop\src\WebApp\appsettings.Development.json", "JSON", 8, 0, 0, 0, 0, 0, 0, 0, 0, 0, 0, 0, 0, 0, 0, 0, 1, 9
"d:\workshops\eShop\src\WebApp\appsettings.json", "JSON", 13, 0, 0, 0, 0, 0, 0, 0, 0, 0, 0, 0, 0, 0, 0, 0, 1, 14
"d:\workshops\eShop\src\WebApp\wwwroot\css\app.css", "PostCSS", 0, 0, 0, 0, 0, 0, 0, 0, 0, 0, 229, 0, 0, 0, 0, 26, 36, 291
"d:\workshops\eShop\src\WebApp\wwwroot\css\normalize.css", "PostCSS", 0, 0, 0, 0, 0, 0, 0, 0, 0, 0, 146, 0, 0, 0, 0, 126, 72, 344
"d:\workshops\eShop\src\WebApp\wwwroot\icons\arrow-left.svg", "XML", 0, 0, 0, 0, 5, 0, 0, 0, 0, 0, 0, 0, 0, 0, 0, 0, 1, 6
"d:\workshops\eShop\src\WebApp\wwwroot\icons\cart.svg", "XML", 0, 0, 0, 0, 7, 0, 0, 0, 0, 0, 0, 0, 0, 0, 0, 0, 1, 8
"d:\workshops\eShop\src\WebApp\wwwroot\icons\close.svg", "XML", 0, 0, 0, 0, 6, 0, 0, 0, 0, 0, 0, 0, 0, 0, 0, 0, 1, 7
"d:\workshops\eShop\src\WebApp\wwwroot\icons\filters.svg", "XML", 0, 0, 0, 0, 5, 0, 0, 0, 0, 0, 0, 0, 0, 0, 0, 0, 1, 6
"d:\workshops\eShop\src\WebApp\wwwroot\icons\trash.svg", "XML", 0, 0, 0, 0, 6, 0, 0, 0, 0, 0, 0, 0, 0, 0, 0, 0, 1, 7
"d:\workshops\eShop\src\WebApp\wwwroot\icons\user.svg", "XML", 0, 0, 0, 0, 4, 0, 0, 0, 0, 0, 0, 0, 0, 0, 0, 0, 1, 5
"d:\workshops\eShop\src\WebApp\wwwroot\images\logo-footer.svg", "XML", 0, 0, 0, 0, 41, 0, 0, 0, 0, 0, 0, 0, 0, 0, 0, 1, 2, 44
"d:\workshops\eShop\src\WebApp\wwwroot\images\logo-header.svg", "XML", 0, 0, 0, 0, 38, 0, 0, 0, 0, 0, 0, 0, 0, 0, 0, 1, 2, 41
"d:\workshops\eShop\src\WebhookClient\Components\App.razor", "ASP.NET Razor", 0, 0, 0, 0, 0, 0, 0, 0, 0, 0, 0, 15, 0, 0, 0, 0, 4, 19
"d:\workshops\eShop\src\WebhookClient\Components\App.razor.css", "PostCSS", 0, 0, 0, 0, 0, 0, 0, 0, 0, 0, 6, 0, 0, 0, 0, 0, 1, 7
"d:\workshops\eShop\src\WebhookClient\Components\Layout\MainLayout.razor", "ASP.NET Razor", 0, 0, 0, 0, 0, 0, 0, 0, 0, 0, 0, 13, 0, 0, 0, 0, 4, 17
"d:\workshops\eShop\src\WebhookClient\Components\Layout\MainLayout.razor.css", "PostCSS", 0, 0, 0, 0, 0, 0, 0, 0, 0, 0, 44, 0, 0, 0, 0, 0, 8, 52
"d:\workshops\eShop\src\WebhookClient\Components\Layout\UserMenu.razor", "ASP.NET Razor", 0, 0, 0, 0, 0, 0, 0, 0, 0, 0, 0, 22, 0, 0, 0, 0, 3, 25
"d:\workshops\eShop\src\WebhookClient\Components\Layout\UserMenu.razor.css", "PostCSS", 0, 0, 0, 0, 0, 0, 0, 0, 0, 0, 3, 0, 0, 0, 0, 0, 1, 4
"d:\workshops\eShop\src\WebhookClient\Components\Pages\AddWebhook.razor", "ASP.NET Razor", 0, 0, 0, 0, 0, 0, 0, 0, 0, 0, 0, 55, 0, 0, 0, 0, 11, 66
"d:\workshops\eShop\src\WebhookClient\Components\Pages\Error.razor", "ASP.NET Razor", 0, 0, 0, 0, 0, 0, 0, 0, 0, 0, 0, 29, 0, 0, 0, 0, 8, 37
"d:\workshops\eShop\src\WebhookClient\Components\Pages\Home\Home.razor", "ASP.NET Razor", 0, 0, 0, 0, 0, 0, 0, 0, 0, 0, 0, 17, 0, 0, 0, 0, 6, 23
"d:\workshops\eShop\src\WebhookClient\Components\Pages\Home\Home.razor.css", "PostCSS", 0, 0, 0, 0, 0, 0, 0, 0, 0, 0, 6, 0, 0, 0, 0, 0, 2, 8
"d:\workshops\eShop\src\WebhookClient\Components\Pages\Home\ReceivedMessages.razor", "ASP.NET Razor", 0, 0, 0, 0, 0, 0, 0, 0, 0, 0, 0, 48, 0, 0, 0, 0, 7, 55
"d:\workshops\eShop\src\WebhookClient\Components\Pages\Home\RegisteredHooks.razor", "ASP.NET Razor", 0, 0, 0, 0, 0, 0, 0, 0, 0, 0, 0, 24, 0, 0, 0, 0, 4, 28
"d:\workshops\eShop\src\WebhookClient\Components\Pages\LogIn.razor", "ASP.NET Razor", 0, 0, 0, 0, 0, 0, 0, 0, 0, 0, 0, 12, 0, 0, 0, 0, 1, 13
"d:\workshops\eShop\src\WebhookClient\Components\Routes.razor", "ASP.NET Razor", 0, 0, 0, 0, 0, 0, 0, 0, 0, 0, 0, 6, 0, 0, 0, 0, 1, 7
"d:\workshops\eShop\src\WebhookClient\Components\_Imports.razor", "ASP.NET Razor", 0, 0, 0, 0, 0, 0, 0, 0, 0, 0, 0, 9, 0, 0, 0, 0, 1, 10
"d:\workshops\eShop\src\WebhookClient\Endpoints\AuthenticationEndpoints.cs", "C#", 0, 0, 0, 0, 0, 0, 0, 0, 0, 18, 0, 0, 0, 0, 0, 0, 4, 22
"d:\workshops\eShop\src\WebhookClient\Endpoints\WebhookEndpoints.cs", "C#", 0, 0, 0, 0, 0, 0, 0, 0, 0, 46, 0, 0, 0, 0, 0, 0, 12, 58
"d:\workshops\eShop\src\WebhookClient\Extensions\Extensions.cs", "C#", 0, 0, 0, 0, 0, 0, 0, 0, 0, 52, 0, 0, 0, 0, 0, 5, 10, 67
"d:\workshops\eShop\src\WebhookClient\GlobalUsings.cs", "C#", 0, 0, 0, 0, 0, 0, 0, 0, 0, 5, 0, 0, 0, 0, 0, 0, 1, 6
"d:\workshops\eShop\src\WebhookClient\Program.cs", "C#", 0, 0, 0, 0, 0, 0, 0, 0, 0, 17, 0, 0, 0, 0, 0, 2, 13, 32
"d:\workshops\eShop\src\WebhookClient\Properties\launchSettings.json", "JSON", 38, 0, 0, 0, 0, 0, 0, 0, 0, 0, 0, 0, 0, 0, 0, 0, 1, 39
"d:\workshops\eShop\src\WebhookClient\Services\HooksRepository.cs", "C#", 0, 0, 0, 0, 0, 0, 0, 0, 0, 37, 0, 0, 0, 0, 0, 2, 10, 49
"d:\workshops\eShop\src\WebhookClient\Services\WebHookReceived.cs", "C#", 0, 0, 0, 0, 0, 0, 0, 0, 0, 7, 0, 0, 0, 0, 0, 0, 4, 11
"d:\workshops\eShop\src\WebhookClient\Services\WebHooksClient.cs", "C#", 0, 0, 0, 0, 0, 0, 0, 0, 0, 12, 0, 0, 0, 0, 0, 0, 3, 15
"d:\workshops\eShop\src\WebhookClient\Services\WebhookClientOptions.cs", "C#", 0, 0, 0, 0, 0, 0, 0, 0, 0, 7, 0, 0, 0, 0, 0, 0, 2, 9
"d:\workshops\eShop\src\WebhookClient\Services\WebhookData.cs", "C#", 0, 0, 0, 0, 0, 0, 0, 0, 0, 8, 0, 0, 0, 0, 0, 0, 5, 13
"d:\workshops\eShop\src\WebhookClient\Services\WebhookResponse.cs", "C#", 0, 0, 0, 0, 0, 0, 0, 0, 0, 7, 0, 0, 0, 0, 0, 0, 2, 9
"d:\workshops\eShop\src\WebhookClient\Services\WebhookSubscriptionRequest.cs", "C#", 0, 0, 0, 0, 0, 0, 0, 0, 0, 8, 0, 0, 0, 0, 0, 0, 2, 10
"d:\workshops\eShop\src\WebhookClient\Services\WebhookType.cs", "C#", 0, 0, 0, 0, 0, 0, 0, 0, 0, 7, 0, 0, 0, 0, 0, 0, 2, 9
"d:\workshops\eShop\src\WebhookClient\WebhookClient.csproj", "XML", 0, 0, 0, 0, 14, 0, 0, 0, 0, 0, 0, 0, 0, 0, 0, 0, 4, 18
"d:\workshops\eShop\src\WebhookClient\appsettings.Development.json", "JSON", 8, 0, 0, 0, 0, 0, 0, 0, 0, 0, 0, 0, 0, 0, 0, 0, 1, 9
"d:\workshops\eShop\src\WebhookClient\appsettings.json", "JSON", 12, 0, 0, 0, 0, 0, 0, 0, 0, 0, 0, 0, 0, 0, 0, 0, 1, 13
"d:\workshops\eShop\src\WebhookClient\wwwroot\app.css", "PostCSS", 0, 0, 0, 0, 0, 0, 0, 0, 0, 0, 97, 0, 0, 0, 0, 0, 22, 119
"d:\workshops\eShop\src\Webhooks.API\Apis\WebHooksApi.cs", "C#", 0, 0, 0, 0, 0, 0, 0, 0, 0, 74, 0, 0, 0, 0, 0, 0, 13, 87
"d:\workshops\eShop\src\Webhooks.API\Exceptions\WebhooksDomainException.cs", "C#", 0, 0, 0, 0, 0, 0, 0, 0, 0, 4, 0, 0, 0, 0, 0, 0, 2, 6
"d:\workshops\eShop\src\Webhooks.API\Extensions\Extensions.cs", "C#", 0, 0, 0, 0, 0, 0, 0, 0, 0, 20, 0, 0, 0, 0, 0, 0, 6, 26
"d:\workshops\eShop\src\Webhooks.API\Extensions\RouteHandlerBuilderExtensions.cs", "C#", 0, 0, 0, 0, 0, 0, 0, 0, 0, 41, 0, 0, 0, 0, 0, 0, 9, 50
"d:\workshops\eShop\src\Webhooks.API\GlobalUsings.cs", "C#", 0, 0, 0, 0, 0, 0, 0, 0, 0, 12, 0, 0, 0, 0, 0, 0, 1, 13
"d:\workshops\eShop\src\Webhooks.API\Infrastructure\WebhooksContext.cs", "C#", 0, 0, 0, 0, 0, 0, 0, 0, 0, 13, 0, 0, 0, 0, 0, 5, 3, 21
"d:\workshops\eShop\src\Webhooks.API\IntegrationEvents\OrderStatusChangedToPaidIntegrationEvent.cs", "C#", 0, 0, 0, 0, 0, 0, 0, 0, 0, 2, 0, 0, 0, 0, 0, 0, 2, 4
"d:\workshops\eShop\src\Webhooks.API\IntegrationEvents\OrderStatusChangedToPaidIntegrationEventHandler.cs", "C#", 0, 0, 0, 0, 0, 0, 0, 0, 0, 14, 0, 0, 0, 0, 0, 0, 5, 19
"d:\workshops\eShop\src\Webhooks.API\IntegrationEvents\OrderStatusChangedToShippedIntegrationEvent.cs", "C#", 0, 0, 0, 0, 0, 0, 0, 0, 0, 2, 0, 0, 0, 0, 0, 0, 2, 4
"d:\workshops\eShop\src\Webhooks.API\IntegrationEvents\OrderStatusChangedToShippedIntegrationEventHandler.cs", "C#", 0, 0, 0, 0, 0, 0, 0, 0, 0, 14, 0, 0, 0, 0, 0, 0, 5, 19
"d:\workshops\eShop\src\Webhooks.API\IntegrationEvents\OrderStockItem.cs", "C#", 0, 0, 0, 0, 0, 0, 0, 0, 0, 2, 0, 0, 0, 0, 0, 0, 2, 4
"d:\workshops\eShop\src\Webhooks.API\IntegrationEvents\ProductPriceChangedIntegrationEvent.cs", "C#", 0, 0, 0, 0, 0, 0, 0, 0, 0, 2, 0, 0, 0, 0, 0, 0, 2, 4
"d:\workshops\eShop\src\Webhooks.API\IntegrationEvents\ProductPriceChangedIntegrationEventHandler.cs", "C#", 0, 0, 0, 0, 0, 0, 0, 0, 0, 8, 0, 0, 0, 0, 0, 0, 2, 10
"d:\workshops\eShop\src\Webhooks.API\Migrations\20230925222606_Initial.Designer.cs", "C#", 0, 0, 0, 0, 0, 0, 0, 0, 0, 44, 0, 0, 0, 0, 0, 2, 13, 59
"d:\workshops\eShop\src\Webhooks.API\Migrations\20230925222606_Initial.cs", "C#", 0, 0, 0, 0, 0, 0, 0, 0, 0, 34, 0, 0, 0, 0, 0, 3, 4, 41
"d:\workshops\eShop\src\Webhooks.API\Migrations\WebhooksContextModelSnapshot.cs", "C#", 0, 0, 0, 0, 0, 0, 0, 0, 0, 46, 0, 0, 0, 0, 0, 1, 15, 62
"d:\workshops\eShop\src\Webhooks.API\Model\WebhookData.cs", "C#", 0, 0, 0, 0, 0, 0, 0, 0, 0, 13, 0, 0, 0, 0, 0, 0, 5, 18
"d:\workshops\eShop\src\Webhooks.API\Model\WebhookSubscription.cs", "C#", 0, 0, 0, 0, 0, 0, 0, 0, 0, 12, 0, 0, 0, 0, 0, 0, 3, 15
"d:\workshops\eShop\src\Webhooks.API\Model\WebhookSubscriptionRequest.cs", "C#", 0, 0, 0, 0, 0, 0, 0, 0, 0, 24, 0, 0, 0, 0, 0, 0, 6, 30
"d:\workshops\eShop\src\Webhooks.API\Model\WebhookType.cs", "C#", 0, 0, 0, 0, 0, 0, 0, 0, 0, 7, 0, 0, 0, 0, 0, 0, 2, 9
"d:\workshops\eShop\src\Webhooks.API\Program.cs", "C#", 0, 0, 0, 0, 0, 0, 0, 0, 0, 12, 0, 0, 0, 0, 0, 0, 9, 21
"d:\workshops\eShop\src\Webhooks.API\Properties\launchSettings.json", "JSON", 12, 0, 0, 0, 0, 0, 0, 0, 0, 0, 0, 0, 0, 0, 0, 0, 0, 12
"d:\workshops\eShop\src\Webhooks.API\Services\GrantUrlTesterService.cs", "C#", 0, 0, 0, 0, 0, 0, 0, 0, 0, 37, 0, 0, 0, 0, 0, 0, 10, 47
"d:\workshops\eShop\src\Webhooks.API\Services\IGrantUrlTesterService.cs", "C#", 0, 0, 0, 0, 0, 0, 0, 0, 0, 5, 0, 0, 0, 0, 0, 0, 2, 7
"d:\workshops\eShop\src\Webhooks.API\Services\IWebhooksRetriever.cs", "C#", 0, 0, 0, 0, 0, 0, 0, 0, 0, 5, 0, 0, 0, 0, 0, 0, 3, 8
"d:\workshops\eShop\src\Webhooks.API\Services\IWebhooksSender.cs", "C#", 0, 0, 0, 0, 0, 0, 0, 0, 0, 5, 0, 0, 0, 0, 0, 0, 2, 7
"d:\workshops\eShop\src\Webhooks.API\Services\WebhooksRetriever.cs", "C#", 0, 0, 0, 0, 0, 0, 0, 0, 0, 8, 0, 0, 0, 0, 0, 0, 2, 10
"d:\workshops\eShop\src\Webhooks.API\Services\WebhooksSender.cs", "C#", 0, 0, 0, 0, 0, 0, 0, 0, 0, 29, 0, 0, 0, 0, 0, 0, 7, 36
"d:\workshops\eShop\src\Webhooks.API\Webhooks.API.csproj", "XML", 0, 0, 0, 0, 22, 0, 0, 0, 0, 0, 0, 0, 0, 0, 0, 0, 6, 28
"d:\workshops\eShop\src\Webhooks.API\appsettings.Development.json", "JSON", 12, 0, 0, 0, 0, 0, 0, 0, 0, 0, 0, 0, 0, 0, 0, 0, 1, 13
"d:\workshops\eShop\src\Webhooks.API\appsettings.json", "JSON", 37, 0, 0, 0, 0, 0, 0, 0, 0, 0, 0, 0, 0, 0, 0, 0, 1, 38
"d:\workshops\eShop\src\eShop.AppHost\Extensions.cs", "C#", 0, 0, 0, 0, 0, 0, 0, 0, 0, 203, 0, 0, 0, 0, 0, 12, 37, 252
"d:\workshops\eShop\src\eShop.AppHost\Program.cs", "C#", 0, 0, 0, 0, 0, 0, 0, 0, 0, 90, 0, 0, 0, 0, 0, 10, 26, 126
"d:\workshops\eShop\src\eShop.AppHost\Properties\launchSettings.json", "JSON", 17, 0, 0, 0, 0, 0, 0, 0, 0, 0, 0, 0, 0, 0, 0, 0, 1, 18
"d:\workshops\eShop\src\eShop.AppHost\appsettings.json", "JSON", 11, 0, 0, 0, 0, 0, 0, 0, 0, 0, 0, 0, 0, 0, 0, 1, 1, 13
"d:\workshops\eShop\src\eShop.AppHost\eShop.AppHost.csproj", "XML", 0, 0, 0, 0, 28, 0, 0, 0, 0, 0, 0, 0, 0, 0, 0, 0, 5, 33
"d:\workshops\eShop\src\eShop.ServiceDefaults\AuthenticationExtensions.cs", "C#", 0, 0, 0, 0, 0, 0, 0, 0, 0, 35, 0, 0, 0, 0, 0, 9, 13, 57
"d:\workshops\eShop\src\eShop.ServiceDefaults\ClaimsPrincipalExtensions.cs", "C#", 0, 0, 0, 0, 0, 0, 0, 0, 0, 9, 0, 0, 0, 0, 0, 0, 4, 13
"d:\workshops\eShop\src\eShop.ServiceDefaults\ConfigurationExtensions.cs", "C#", 0, 0, 0, 0, 0, 0, 0, 0, 0, 6, 0, 0, 0, 0, 0, 0, 2, 8
"d:\workshops\eShop\src\eShop.ServiceDefaults\Extensions.cs", "C#", 0, 0, 0, 0, 0, 0, 0, 0, 0, 89, 0, 0, 0, 0, 0, 17, 24, 130
"d:\workshops\eShop\src\eShop.ServiceDefaults\HttpClientExtensions.cs", "C#", 0, 0, 0, 0, 0, 0, 0, 0, 0, 40, 0, 0, 0, 0, 0, 0, 13, 53
"d:\workshops\eShop\src\eShop.ServiceDefaults\OpenApi.Extensions.cs", "C#", 0, 0, 0, 0, 0, 0, 0, 0, 0, 62, 0, 0, 0, 0, 0, 3, 13, 78
"d:\workshops\eShop\src\eShop.ServiceDefaults\OpenApiOptionsExtensions.cs", "C#", 0, 0, 0, 0, 0, 0, 0, 0, 0, 180, 0, 0, 0, 0, 0, 2, 26, 208
"d:\workshops\eShop\src\eShop.ServiceDefaults\eShop.ServiceDefaults.csproj", "XML", 0, 0, 0, 0, 24, 0, 0, 0, 0, 0, 0, 0, 0, 0, 0, 0, 4, 28
"d:\workshops\eShop\tests\Basket.UnitTests\Basket.UnitTests.csproj", "XML", 0, 0, 0, 0, 21, 0, 0, 0, 0, 0, 0, 0, 0, 0, 0, 0, 5, 26
"d:\workshops\eShop\tests\Basket.UnitTests\BasketServiceTests.cs", "C#", 0, 0, 0, 0, 0, 0, 0, 0, 0, 53, 0, 0, 0, 0, 0, 0, 12, 65
"d:\workshops\eShop\tests\Basket.UnitTests\GlobalUsings.cs", "C#", 0, 0, 0, 0, 0, 0, 0, 0, 0, 9, 0, 0, 0, 0, 0, 0, 2, 11
"d:\workshops\eShop\tests\Basket.UnitTests\Helpers\TestServerCallContext.cs", "C#", 0, 0, 0, 0, 0, 0, 0, 0, 0, 50, 0, 0, 0, 0, 0, 0, 12, 62
"d:\workshops\eShop\tests\Catalog.FunctionalTests\Catalog.FunctionalTests.csproj", "XML", 0, 0, 0, 0, 18, 0, 0, 0, 0, 0, 0, 0, 0, 0, 0, 0, 5, 23
"d:\workshops\eShop\tests\Catalog.FunctionalTests\CatalogApiFixture.cs", "C#", 0, 0, 0, 0, 0, 0, 0, 0, 0, 49, 0, 0, 0, 0, 0, 0, 10, 59
"d:\workshops\eShop\tests\Catalog.FunctionalTests\CatalogApiTests.cs", "C#", 0, 0, 0, 0, 0, 0, 0, 0, 0, 307, 0, 0, 0, 0, 0, 47, 70, 424
"d:\workshops\eShop\tests\Catalog.FunctionalTests\GlobalUsings.cs", "C#", 0, 0, 0, 0, 0, 0, 0, 0, 0, 10, 0, 0, 0, 0, 0, 0, 1, 11
"d:\workshops\eShop\tests\ClientApp.UnitTests\ClientApp.UnitTests.csproj", "XML", 0, 0, 0, 0, 19, 0, 0, 0, 0, 0, 0, 0, 0, 0, 0, 0, 6, 25
"d:\workshops\eShop\tests\ClientApp.UnitTests\GlobalUsings.cs", "C#", 0, 0, 0, 0, 0, 0, 0, 0, 0, 9, 0, 0, 0, 0, 0, 0, 2, 11
"d:\workshops\eShop\tests\ClientApp.UnitTests\Mocks\MockDialogService.cs", "C#", 0, 0, 0, 0, 0, 0, 0, 0, 0, 8, 0, 0, 0, 0, 0, 0, 3, 11
"d:\workshops\eShop\tests\ClientApp.UnitTests\Mocks\MockNavigationService.cs", "C#", 0, 0, 0, 0, 0, 0, 0, 0, 0, 16, 0, 0, 0, 0, 0, 0, 5, 21
"d:\workshops\eShop\tests\ClientApp.UnitTests\Mocks\MockSettingsService.cs", "C#", 0, 0, 0, 0, 0, 0, 0, 0, 0, 161, 0, 0, 0, 0, 0, 0, 32, 193
"d:\workshops\eShop\tests\ClientApp.UnitTests\Mocks\MockViewModel.cs", "C#", 0, 0, 0, 0, 0, 0, 0, 0, 0, 22, 0, 0, 0, 0, 0, 0, 7, 29
"d:\workshops\eShop\tests\ClientApp.UnitTests\Services\BasketServiceTests.cs", "C#", 0, 0, 0, 0, 0, 0, 0, 0, 0, 12, 0, 0, 0, 0, 0, 0, 2, 14
"d:\workshops\eShop\tests\ClientApp.UnitTests\Services\CatalogServiceTests.cs", "C#", 0, 0, 0, 0, 0, 0, 0, 0, 0, 26, 0, 0, 0, 0, 0, 0, 7, 33
"d:\workshops\eShop\tests\ClientApp.UnitTests\Services\OrdersServiceTests.cs", "C#", 0, 0, 0, 0, 0, 0, 0, 0, 0, 25, 0, 0, 0, 0, 0, 0, 8, 33
"d:\workshops\eShop\tests\ClientApp.UnitTests\TestingExtensions.cs", "C#", 0, 0, 0, 0, 0, 0, 0, 0, 0, 15, 0, 0, 0, 0, 0, 0, 5, 20
"d:\workshops\eShop\tests\ClientApp.UnitTests\ViewModels\CatalogItemViewModelTests.cs", "C#", 0, 0, 0, 0, 0, 0, 0, 0, 0, 49, 0, 0, 0, 0, 0, 0, 14, 63
"d:\workshops\eShop\tests\ClientApp.UnitTests\ViewModels\CatalogViewModelTests.cs", "C#", 0, 0, 0, 0, 0, 0, 0, 0, 0, 118, 0, 0, 0, 0, 0, 0, 31, 149
"d:\workshops\eShop\tests\ClientApp.UnitTests\ViewModels\MainViewModelTests.cs", "C#", 0, 0, 0, 0, 0, 0, 0, 0, 0, 23, 0, 0, 0, 0, 0, 0, 6, 29
"d:\workshops\eShop\tests\ClientApp.UnitTests\ViewModels\MockViewModelTests.cs", "C#", 0, 0, 0, 0, 0, 0, 0, 0, 0, 97, 0, 0, 0, 0, 0, 0, 22, 119
"d:\workshops\eShop\tests\ClientApp.UnitTests\ViewModels\OrderViewModelTests.cs", "C#", 0, 0, 0, 0, 0, 0, 0, 0, 0, 58, 0, 0, 0, 0, 0, 0, 16, 74
"d:\workshops\eShop\tests\Directory.Build.props", "XML", 0, 0, 0, 0, 8, 0, 0, 0, 0, 0, 0, 0, 0, 0, 0, 2, 3, 13
"d:\workshops\eShop\tests\Ordering.FunctionalTests\AutoAuthorizeMiddleware.cs", "C#", 0, 0, 0, 0, 0, 0, 0, 0, 0, 19, 0, 0, 0, 0, 0, 0, 8, 27
"d:\workshops\eShop\tests\Ordering.FunctionalTests\GlobalUsings.cs", "C#", 0, 0, 0, 0, 0, 0, 0, 0, 0, 13, 0, 0, 0, 0, 0, 0, 1, 14
"d:\workshops\eShop\tests\Ordering.FunctionalTests\Ordering.FunctionalTests.csproj", "XML", 0, 0, 0, 0, 21, 0, 0, 0, 0, 0, 0, 0, 0, 0, 0, 0, 4, 25
"d:\workshops\eShop\tests\Ordering.FunctionalTests\OrderingApiFixture.cs", "C#", 0, 0, 0, 0, 0, 0, 0, 0, 0, 67, 0, 0, 0, 0, 0, 0, 11, 78
"d:\workshops\eShop\tests\Ordering.FunctionalTests\OrderingApiTests.cs", "C#", 0, 0, 0, 0, 0, 0, 0, 0, 0, 191, 0, 0, 0, 0, 0, 22, 31, 244
"d:\workshops\eShop\tests\Ordering.UnitTests\Application\IdentifiedCommandHandlerTest.cs", "C#", 0, 0, 0, 0, 0, 0, 0, 0, 0, 58, 0, 0, 0, 0, 0, 6, 14, 78
"d:\workshops\eShop\tests\Ordering.UnitTests\Application\NewOrderCommandHandlerTest.cs", "C#", 0, 0, 0, 0, 0, 0, 0, 0, 0, 65, 0, 0, 0, 0, 0, 3, 16, 84
"d:\workshops\eShop\tests\Ordering.UnitTests\Application\OrdersWebApiTest.cs", "C#", 0, 0, 0, 0, 0, 0, 0, 0, 0, 102, 0, 0, 0, 0, 0, 24, 31, 157
"d:\workshops\eShop\tests\Ordering.UnitTests\Application\SetStockRejectedOrderStatusCommandTest.cs", "C#", 0, 0, 0, 0, 0, 0, 0, 0, 0, 20, 0, 0, 0, 0, 0, 4, 8, 32
"d:\workshops\eShop\tests\Ordering.UnitTests\Builders.cs", "C#", 0, 0, 0, 0, 0, 0, 0, 0, 0, 40, 0, 0, 0, 0, 0, 0, 7, 47
"d:\workshops\eShop\tests\Ordering.UnitTests\Domain\BuyerAggregateTest.cs", "C#", 0, 0, 0, 0, 0, 0, 0, 0, 0, 91, 0, 0, 0, 0, 0, 19, 21, 131
"d:\workshops\eShop\tests\Ordering.UnitTests\Domain\OrderAggregateTest.cs", "C#", 0, 0, 0, 0, 0, 0, 0, 0, 0, 132, 0, 0, 0, 0, 0, 22, 25, 179
"d:\workshops\eShop\tests\Ordering.UnitTests\Domain\SeedWork\ValueObjectTests.cs", "C#", 0, 0, 0, 0, 0, 0, 0, 0, 0, 170, 0, 0, 0, 0, 0, 4, 24, 198
"d:\workshops\eShop\tests\Ordering.UnitTests\GlobalUsings.cs", "C#", 0, 0, 0, 0, 0, 0, 0, 0, 0, 20, 0, 0, 0, 0, 0, 0, 2, 22
"d:\workshops\eShop\tests\Ordering.UnitTests\Ordering.UnitTests.csproj", "XML", 0, 0, 0, 0, 21, 0, 0, 0, 0, 0, 0, 0, 0, 0, 0, 0, 5, 26
"d:\workshops\eShop\tests\README.md", "Markdown", 0, 0, 0, 0, 0, 0, 0, 3, 0, 0, 0, 0, 0, 0, 0, 0, 2, 5
"Total", "-", 4107, 488, 1, 3, 23315, 160, 93, 1186, 47, 19868, 3071, 1947, 2015, 18, 18, 1671, 6996, 65004