"filename", "language", "JSON", "YAML", "JSON with Comments", "XML", "Markdown", "HTML", "TypeScript", "CSV", "Skill", "Python", "PowerShell", "Groovy", "JavaScript", "PostCSS", "C#", "ASP.NET Razor", "XAML", "comment", "blank", "total"
"d:\workshops\eShop\.aspire\settings.json", "JSON with Comments", 0, 0, 3, 0, 0, 0, 0, 0, 0, 0, 0, 0, 0, 0, 0, 0, 0, 0, 0, 3
"d:\workshops\eShop\.config\CredScanSuppressions.json", "JSON", 13, 0, 0, 0, 0, 0, 0, 0, 0, 0, 0, 0, 0, 0, 0, 0, 0, 0, 1, 14
"d:\workshops\eShop\.config\configuration.vs.winget", "YAML", 0, 80, 0, 0, 0, 0, 0, 0, 0, 0, 0, 0, 0, 0, 0, 0, 0, 36, 1, 117
"d:\workshops\eShop\.config\configuration.vsCode.winget", "YAML", 0, 134, 0, 0, 0, 0, 0, 0, 0, 0, 0, 0, 0, 0, 0, 0, 0, 47, 1, 182
"d:\workshops\eShop\.config\tsaoptions.json", "JSON", 12, 0, 0, 0, 0, 0, 0, 0, 0, 0, 0, 0, 0, 0, 0, 0, 0, 0, 0, 12
"d:\workshops\eShop\.devcenter\catalog\definitions\imagedefinition.yaml", "YAML", 0, 1, 0, 0, 0, 0, 0, 0, 0, 0, 0, 0, 0, 0, 0, 0, 0, 0, 1, 2
"d:\workshops\eShop\.github\dependabot.yml", "YAML", 0, 61, 0, 0, 0, 0, 0, 0, 0, 0, 0, 0, 0, 0, 0, 0, 0, 0, 2, 63
"d:\workshops\eShop\.github\instructions\dotnet-api.instructions.md", "Markdown", 0, 0, 0, 0, 20, 0, 0, 0, 0, 0, 0, 0, 0, 0, 0, 0, 0, 0, 3, 23
"d:\workshops\eShop\.github\instructions\prompt-workflow.instructions.md", "Markdown", 0, 0, 0, 0, 13, 0, 0, 0, 0, 0, 0, 0, 0, 0, 0, 0, 0, 0, 3, 16
"d:\workshops\eShop\.github\instructions\review-severity.instructions.md", "Markdown", 0, 0, 0, 0, 17, 0, 0, 0, 0, 0, 0, 0, 0, 0, 0, 0, 0, 0, 3, 20
"d:\workshops\eShop\.github\instructions\test-validation.instructions.md", "Markdown", 0, 0, 0, 0, 18, 0, 0, 0, 0, 0, 0, 0, 0, 0, 0, 0, 0, 0, 3, 21
"d:\workshops\eShop\.github\skills\bmad-advanced-elicitation\SKILL.md", "Skill", 0, 0, 0, 0, 0, 0, 0, 0, 97, 0, 0, 0, 0, 0, 0, 0, 0, 0, 41, 138
"d:\workshops\eShop\.github\skills\bmad-advanced-elicitation\methods.csv", "CSV", 0, 0, 0, 0, 0, 0, 0, 51, 0, 0, 0, 0, 0, 0, 0, 0, 0, 0, 1, 52
"d:\workshops\eShop\.github\skills\bmad-agent-analyst\SKILL.md", "Skill", 0, 0, 0, 0, 0, 0, 0, 0, 37, 0, 0, 0, 0, 0, 0, 0, 0, 0, 20, 57
"d:\workshops\eShop\.github\skills\bmad-agent-analyst\bmad-skill-manifest.yaml", "YAML", 0, 11, 0, 0, 0, 0, 0, 0, 0, 0, 0, 0, 0, 0, 0, 0, 0, 0, 1, 12
"d:\workshops\eShop\.github\skills\bmad-agent-architect\SKILL.md", "Skill", 0, 0, 0, 0, 0, 0, 0, 0, 33, 0, 0, 0, 0, 0, 0, 0, 0, 0, 20, 53
"d:\workshops\eShop\.github\skills\bmad-agent-architect\bmad-skill-manifest.yaml", "YAML", 0, 11, 0, 0, 0, 0, 0, 0, 0, 0, 0, 0, 0, 0, 0, 0, 0, 0, 1, 12
"d:\workshops\eShop\.github\skills\bmad-agent-builder\SKILL.md", "Skill", 0, 0, 0, 0, 0, 0, 0, 0, 39, 0, 0, 0, 0, 0, 0, 0, 0, 0, 24, 63
"d:\workshops\eShop\.github\skills\bmad-agent-builder\assets\SKILL-template.md", "Markdown", 0, 0, 0, 0, 44, 0, 0, 0, 0, 0, 0, 0, 0, 0, 0, 0, 0, 0, 19, 63
"d:\workshops\eShop\.github\skills\bmad-agent-builder\assets\autonomous-wake.md", "Markdown", 0, 0, 0, 0, 20, 0, 0, 0, 0, 0, 0, 0, 0, 0, 0, 0, 0, 0, 13, 33
"d:\workshops\eShop\.github\skills\bmad-agent-builder\assets\init-template.md", "Markdown", 0, 0, 0, 0, 29, 0, 0, 0, 0, 0, 0, 0, 0, 0, 0, 0, 0, 0, 23, 52
"d:\workshops\eShop\.github\skills\bmad-agent-builder\assets\memory-system.md", "Markdown", 0, 0, 0, 0, 74, 0, 0, 0, 0, 0, 0, 0, 0, 0, 0, 0, 0, 0, 49, 123
"d:\workshops\eShop\.github\skills\bmad-agent-builder\assets\save-memory.md", "Markdown", 0, 0, 0, 0, 11, 0, 0, 0, 0, 0, 0, 0, 0, 0, 0, 0, 0, 0, 7, 18
"d:\workshops\eShop\.github\skills\bmad-agent-builder\build-process.md", "Markdown", 0, 0, 0, 0, 101, 0, 0, 0, 0, 0, 0, 0, 0, 0, 0, 0, 0, 0, 55, 156
"d:\workshops\eShop\.github\skills\bmad-agent-builder\quality-analysis.md", "Markdown", 0, 0, 0, 0, 88, 0, 0, 0, 0, 0, 0, 0, 0, 0, 0, 0, 0, 0, 43, 131
"d:\workshops\eShop\.github\skills\bmad-agent-builder\quality-scan-agent-cohesion.md", "Markdown", 0, 0, 0, 0, 93, 0, 0, 0, 0, 0, 0, 0, 0, 0, 0, 0, 0, 0, 45, 138
"d:\workshops\eShop\.github\skills\bmad-agent-builder\quality-scan-enhancement-opportunities.md", "Markdown", 0, 0, 0, 0, 124, 0, 0, 0, 0, 0, 0, 0, 0, 0, 0, 0, 0, 0, 56, 180
"d:\workshops\eShop\.github\skills\bmad-agent-builder\quality-scan-execution-efficiency.md", "Markdown", 0, 0, 0, 0, 97, 0, 0, 0, 0, 0, 0, 0, 0, 0, 0, 0, 0, 0, 48, 145
"d:\workshops\eShop\.github\skills\bmad-agent-builder\quality-scan-prompt-craft.md", "Markdown", 0, 0, 0, 0, 151, 0, 0, 0, 0, 0, 0, 0, 0, 0, 0, 0, 0, 0, 65, 216
"d:\workshops\eShop\.github\skills\bmad-agent-builder\quality-scan-script-opportunities.md", "Markdown", 0, 0, 0, 0, 138, 0, 0, 0, 0, 0, 0, 0, 0, 0, 0, 0, 0, 0, 83, 221
"d:\workshops\eShop\.github\skills\bmad-agent-builder\quality-scan-structure.md", "Markdown", 0, 0, 0, 0, 109, 0, 0, 0, 0, 0, 0, 0, 0, 0, 0, 0, 0, 0, 47, 156
"d:\workshops\eShop\.github\skills\bmad-agent-builder\references\quality-dimensions.md", "Markdown", 0, 0, 0, 0, 32, 0, 0, 0, 0, 0, 0, 0, 0, 0, 0, 0, 0, 0, 23, 55
"d:\workshops\eShop\.github\skills\bmad-agent-builder\references\script-opportunities-reference.md", "Markdown", 0, 0, 0, 0, 227, 0, 0, 0, 0, 0, 0, 0, 0, 0, 0, 0, 0, 0, 128, 355
"d:\workshops\eShop\.github\skills\bmad-agent-builder\references\script-standards.md", "Markdown", 0, 0, 0, 0, 64, 0, 0, 0, 0, 0, 0, 0, 0, 0, 0, 0, 0, 0, 29, 93
"d:\workshops\eShop\.github\skills\bmad-agent-builder\references\skill-best-practices.md", "Markdown", 0, 0, 0, 0, 71, 0, 0, 0, 0, 0, 0, 0, 0, 0, 0, 0, 0, 0, 39, 110
"d:\workshops\eShop\.github\skills\bmad-agent-builder\references\standard-fields.md", "Markdown", 0, 0, 0, 0, 58, 0, 0, 0, 0, 0, 0, 0, 0, 0, 0, 0, 0, 0, 34, 92
"d:\workshops\eShop\.github\skills\bmad-agent-builder\references\template-substitution-rules.md", "Markdown", 0, 0, 0, 0, 30, 0, 0, 0, 0, 0, 0, 0, 0, 0, 0, 0, 0, 0, 18, 48
"d:\workshops\eShop\.github\skills\bmad-agent-builder\report-quality-scan-creator.md", "Markdown", 0, 0, 0, 0, 219, 0, 0, 0, 0, 0, 0, 0, 0, 0, 0, 0, 0, 0, 68, 287
"d:\workshops\eShop\.github\skills\bmad-agent-builder\scripts\generate-html-report.py", "Python", 0, 0, 0, 0, 0, 0, 0, 0, 0, 486, 0, 0, 0, 0, 0, 0, 0, 19, 30, 535
"d:\workshops\eShop\.github\skills\bmad-agent-builder\scripts\prepass-execution-deps.py", "Python", 0, 0, 0, 0, 0, 0, 0, 0, 0, 249, 0, 0, 0, 0, 0, 0, 0, 43, 46, 338
"d:\workshops\eShop\.github\skills\bmad-agent-builder\scripts\prepass-prompt-metrics.py", "Python", 0, 0, 0, 0, 0, 0, 0, 0, 0, 298, 0, 0, 0, 0, 0, 0, 0, 46, 60, 404
"d:\workshops\eShop\.github\skills\bmad-agent-builder\scripts\prepass-structure-capabilities.py", "Python", 0, 0, 0, 0, 0, 0, 0, 0, 0, 325, 0, 0, 0, 0, 0, 0, 0, 49, 72, 446
"d:\workshops\eShop\.github\skills\bmad-agent-builder\scripts\scan-path-standards.py", "Python", 0, 0, 0, 0, 0, 0, 0, 0, 0, 251, 0, 0, 0, 0, 0, 0, 0, 43, 45, 339
"d:\workshops\eShop\.github\skills\bmad-agent-builder\scripts\scan-scripts.py", "Python", 0, 0, 0, 0, 0, 0, 0, 0, 0, 589, 0, 0, 0, 0, 0, 0, 0, 65, 92, 746
"d:\workshops\eShop\.github\skills\bmad-agent-dev\SKILL.md", "Skill", 0, 0, 0, 0, 0, 0, 0, 0, 41, 0, 0, 0, 0, 0, 0, 0, 0, 0, 22, 63
"d:\workshops\eShop\.github\skills\bmad-agent-dev\bmad-skill-manifest.yaml", "YAML", 0, 11, 0, 0, 0, 0, 0, 0, 0, 0, 0, 0, 0, 0, 0, 0, 0, 0, 1, 12
"d:\workshops\eShop\.github\skills\bmad-agent-pm\SKILL.md", "Skill", 0, 0, 0, 0, 0, 0, 0, 0, 38, 0, 0, 0, 0, 0, 0, 0, 0, 0, 20, 58
"d:\workshops\eShop\.github\skills\bmad-agent-pm\bmad-skill-manifest.yaml", "YAML", 0, 11, 0, 0, 0, 0, 0, 0, 0, 0, 0, 0, 0, 0, 0, 0, 0, 0, 1, 12
"d:\workshops\eShop\.github\skills\bmad-agent-qa\SKILL.md", "Skill", 0, 0, 0, 0, 0, 0, 0, 0, 37, 0, 0, 0, 0, 0, 0, 0, 0, 0, 23, 60
"d:\workshops\eShop\.github\skills\bmad-agent-qa\bmad-skill-manifest.yaml", "YAML", 0, 11, 0, 0, 0, 0, 0, 0, 0, 0, 0, 0, 0, 0, 0, 0, 0, 0, 1, 12
"d:\workshops\eShop\.github\skills\bmad-agent-quick-flow-solo-dev\SKILL.md", "Skill", 0, 0, 0, 0, 0, 0, 0, 0, 32, 0, 0, 0, 0, 0, 0, 0, 0, 0, 20, 52
"d:\workshops\eShop\.github\skills\bmad-agent-quick-flow-solo-dev\bmad-skill-manifest.yaml", "YAML", 0, 11, 0, 0, 0, 0, 0, 0, 0, 0, 0, 0, 0, 0, 0, 0, 0, 0, 1, 12
"d:\workshops\eShop\.github\skills\bmad-agent-sm\SKILL.md", "Skill", 0, 0, 0, 0, 0, 0, 0, 0, 34, 0, 0, 0, 0, 0, 0, 0, 0, 0, 20, 54
"d:\workshops\eShop\.github\skills\bmad-agent-sm\bmad-skill-manifest.yaml", "YAML", 0, 11, 0, 0, 0, 0, 0, 0, 0, 0, 0, 0, 0, 0, 0, 0, 0, 0, 1, 12
"d:\workshops\eShop\.github\skills\bmad-agent-tech-writer\SKILL.md", "Skill", 0, 0, 0, 0, 0, 0, 0, 0, 36, 0, 0, 0, 0, 0, 0, 0, 0, 0, 20, 56
"d:\workshops\eShop\.github\skills\bmad-agent-tech-writer\bmad-skill-manifest.yaml", "YAML", 0, 11, 0, 0, 0, 0, 0, 0, 0, 0, 0, 0, 0, 0, 0, 0, 0, 0, 1, 12
"d:\workshops\eShop\.github\skills\bmad-agent-tech-writer\explain-concept.md", "Markdown", 0, 0, 0, 0, 14, 0, 0, 0, 0, 0, 0, 0, 0, 0, 0, 0, 0, 0, 7, 21
"d:\workshops\eShop\.github\skills\bmad-agent-tech-writer\mermaid-gen.md", "Markdown", 0, 0, 0, 0, 14, 0, 0, 0, 0, 0, 0, 0, 0, 0, 0, 0, 0, 0, 7, 21
"d:\workshops\eShop\.github\skills\bmad-agent-tech-writer\validate-doc.md", "Markdown", 0, 0, 0, 0, 13, 0, 0, 0, 0, 0, 0, 0, 0, 0, 0, 0, 0, 0, 7, 20
"d:\workshops\eShop\.github\skills\bmad-agent-tech-writer\write-document.md", "Markdown", 0, 0, 0, 0, 14, 0, 0, 0, 0, 0, 0, 0, 0, 0, 0, 0, 0, 0, 7, 21
"d:\workshops\eShop\.github\skills\bmad-agent-ux-designer\SKILL.md", "Skill", 0, 0, 0, 0, 0, 0, 0, 0, 34, 0, 0, 0, 0, 0, 0, 0, 0, 0, 20, 54
"d:\workshops\eShop\.github\skills\bmad-agent-ux-designer\bmad-skill-manifest.yaml", "YAML", 0, 11, 0, 0, 0, 0, 0, 0, 0, 0, 0, 0, 0, 0, 0, 0, 0, 0, 1, 12
"d:\workshops\eShop\.github\skills\bmad-bmb-setup\SKILL.md", "Skill", 0, 0, 0, 0, 0, 0, 0, 0, 46, 0, 0, 0, 0, 0, 0, 0, 0, 0, 31, 77
"d:\workshops\eShop\.github\skills\bmad-bmb-setup\assets\module-help.csv", "CSV", 0, 0, 0, 0, 0, 0, 0, 10, 0, 0, 0, 0, 0, 0, 0, 0, 0, 0, 1, 11
"d:\workshops\eShop\.github\skills\bmad-bmb-setup\assets\module.yaml", "YAML", 0, 17, 0, 0, 0, 0, 0, 0, 0, 0, 0, 0, 0, 0, 0, 0, 0, 0, 4, 21
"d:\workshops\eShop\.github\skills\bmad-bmb-setup\scripts\cleanup-legacy.py", "Python", 0, 0, 0, 0, 0, 0, 0, 0, 0, 176, 0, 0, 0, 0, 0, 0, 0, 49, 35, 260
"d:\workshops\eShop\.github\skills\bmad-bmb-setup\scripts\merge-config.py", "Python", 0, 0, 0, 0, 0, 0, 0, 0, 0, 265, 0, 0, 0, 0, 0, 0, 0, 83, 61, 409
"d:\workshops\eShop\.github\skills\bmad-bmb-setup\scripts\merge-help-csv.py", "Python", 0, 0, 0, 0, 0, 0, 0, 0, 0, 144, 0, 0, 0, 0, 0, 0, 0, 38, 37, 219
"d:\workshops\eShop\.github\skills\bmad-brainstorming\SKILL.md", "Skill", 0, 0, 0, 0, 0, 0, 0, 0, 5, 0, 0, 0, 0, 0, 0, 0, 0, 0, 2, 7
"d:\workshops\eShop\.github\skills\bmad-brainstorming\brain-methods.csv", "CSV", 0, 0, 0, 0, 0, 0, 0, 62, 0, 0, 0, 0, 0, 0, 0, 0, 0, 0, 0, 62
"d:\workshops\eShop\.github\skills\bmad-brainstorming\steps\step-01-session-setup.md", "Markdown", 0, 0, 0, 0, 144, 0, 0, 0, 0, 0, 0, 0, 0, 0, 0, 0, 0, 0, 71, 215
"d:\workshops\eShop\.github\skills\bmad-brainstorming\steps\step-01b-continue.md", "Markdown", 0, 0, 0, 0, 85, 0, 0, 0, 0, 0, 0, 0, 0, 0, 0, 0, 0, 0, 40, 125
"d:\workshops\eShop\.github\skills\bmad-brainstorming\steps\step-02a-user-selected.md", "Markdown", 0, 0, 0, 0, 149, 0, 0, 0, 0, 0, 0, 0, 0, 0, 0, 0, 0, 0, 81, 230
"d:\workshops\eShop\.github\skills\bmad-brainstorming\steps\step-02b-ai-recommended.md", "Markdown", 0, 0, 0, 0, 158, 0, 0, 0, 0, 0, 0, 0, 0, 0, 0, 0, 0, 0, 82, 240
"d:\workshops\eShop\.github\skills\bmad-brainstorming\steps\step-02c-random-selection.md", "Markdown", 0, 0, 0, 0, 141, 0, 0, 0, 0, 0, 0, 0, 0, 0, 0, 0, 0, 0, 71, 212
"d:\workshops\eShop\.github\skills\bmad-brainstorming\steps\step-02d-progressive-flow.md", "Markdown", 0, 0, 0, 0, 174, 0, 0, 0, 0, 0, 0, 0, 0, 0, 0, 0, 0, 0, 93, 267
"d:\workshops\eShop\.github\skills\bmad-brainstorming\steps\step-03-technique-execution.md", "Markdown", 0, 0, 0, 0, 258, 0, 0, 0, 0, 0, 0, 0, 0, 0, 0, 0, 0, 0, 144, 402
"d:\workshops\eShop\.github\skills\bmad-brainstorming\steps\step-04-idea-organization.md", "Markdown", 0, 0, 0, 0, 197, 0, 0, 0, 0, 0, 0, 0, 0, 0, 0, 0, 0, 0, 109, 306
"d:\workshops\eShop\.github\skills\bmad-brainstorming\template.md", "Markdown", 0, 0, 0, 0, 13, 0, 0, 0, 0, 0, 0, 0, 0, 0, 0, 0, 0, 0, 3, 16
"d:\workshops\eShop\.github\skills\bmad-brainstorming\workflow.md", "Markdown", 0, 0, 0, 0, 32, 0, 0, 0, 0, 0, 0, 0, 0, 0, 0, 0, 0, 0, 22, 54
"d:\workshops\eShop\.github\skills\bmad-check-implementation-readiness\SKILL.md", "Skill", 0, 0, 0, 0, 0, 0, 0, 0, 5, 0, 0, 0, 0, 0, 0, 0, 0, 0, 2, 7
"d:\workshops\eShop\.github\skills\bmad-check-implementation-readiness\steps\step-01-document-discovery.md", "Markdown", 0, 0, 0, 0, 115, 0, 0, 0, 0, 0, 0, 0, 0, 0, 0, 0, 0, 0, 65, 180
"d:\workshops\eShop\.github\skills\bmad-check-implementation-readiness\steps\step-02-prd-analysis.md", "Markdown", 0, 0, 0, 0, 111, 0, 0, 0, 0, 0, 0, 0, 0, 0, 0, 0, 0, 0, 58, 169
"d:\workshops\eShop\.github\skills\bmad-check-implementation-readiness\steps\step-03-epic-coverage-validation.md", "Markdown", 0, 0, 0, 0, 110, 0, 0, 0, 0, 0, 0, 0, 0, 0, 0, 0, 0, 0, 60, 170
"d:\workshops\eShop\.github\skills\bmad-check-implementation-readiness\steps\step-04-ux-alignment.md", "Markdown", 0, 0, 0, 0, 81, 0, 0, 0, 0, 0, 0, 0, 0, 0, 0, 0, 0, 0, 49, 130
"d:\workshops\eShop\.github\skills\bmad-check-implementation-readiness\steps\step-05-epic-quality-review.md", "Markdown", 0, 0, 0, 0, 157, 0, 0, 0, 0, 0, 0, 0, 0, 0, 0, 0, 0, 0, 85, 242
"d:\workshops\eShop\.github\skills\bmad-check-implementation-readiness\steps\step-06-final-assessment.md", "Markdown", 0, 0, 0, 0, 80, 0, 0, 0, 0, 0, 0, 0, 0, 0, 0, 0, 0, 0, 47, 127
"d:\workshops\eShop\.github\skills\bmad-check-implementation-readiness\templates\readiness-report-template.md", "Markdown", 0, 0, 0, 0, 3, 0, 0, 0, 0, 0, 0, 0, 0, 0, 0, 0, 0, 0, 2, 5
"d:\workshops\eShop\.github\skills\bmad-check-implementation-readiness\workflow.md", "Markdown", 0, 0, 0, 0, 33, 0, 0, 0, 0, 0, 0, 0, 0, 0, 0, 0, 0, 0, 17, 50
"d:\workshops\eShop\.github\skills\bmad-cis-agent-brainstorming-coach\SKILL.md", "Skill", 0, 0, 0, 0, 0, 0, 0, 0, 32, 0, 0, 0, 0, 0, 0, 0, 0, 0, 20, 52
"d:\workshops\eShop\.github\skills\bmad-cis-agent-brainstorming-coach\bmad-skill-manifest.yaml", "YAML", 0, 11, 0, 0, 0, 0, 0, 0, 0, 0, 0, 0, 0, 0, 0, 0, 0, 0, 1, 12
"d:\workshops\eShop\.github\skills\bmad-cis-agent-creative-problem-solver\SKILL.md", "Skill", 0, 0, 0, 0, 0, 0, 0, 0, 32, 0, 0, 0, 0, 0, 0, 0, 0, 0, 20, 52
"d:\workshops\eShop\.github\skills\bmad-cis-agent-creative-problem-solver\bmad-skill-manifest.yaml", "YAML", 0, 11, 0, 0, 0, 0, 0, 0, 0, 0, 0, 0, 0, 0, 0, 0, 0, 0, 1, 12
"d:\workshops\eShop\.github\skills\bmad-cis-agent-design-thinking-coach\SKILL.md", "Skill", 0, 0, 0, 0, 0, 0, 0, 0, 33, 0, 0, 0, 0, 0, 0, 0, 0, 0, 20, 53
"d:\workshops\eShop\.github\skills\bmad-cis-agent-design-thinking-coach\bmad-skill-manifest.yaml", "YAML", 0, 11, 0, 0, 0, 0, 0, 0, 0, 0, 0, 0, 0, 0, 0, 0, 0, 0, 1, 12
"d:\workshops\eShop\.github\skills\bmad-cis-agent-innovation-strategist\SKILL.md", "Skill", 0, 0, 0, 0, 0, 0, 0, 0, 32, 0, 0, 0, 0, 0, 0, 0, 0, 0, 20, 52
"d:\workshops\eShop\.github\skills\bmad-cis-agent-innovation-strategist\bmad-skill-manifest.yaml", "YAML", 0, 11, 0, 0, 0, 0, 0, 0, 0, 0, 0, 0, 0, 0, 0, 0, 0, 0, 1, 12
"d:\workshops\eShop\.github\skills\bmad-cis-agent-presentation-master\SKILL.md", "Skill", 0, 0, 0, 0, 0, 0, 0, 0, 43, 0, 0, 0, 0, 0, 0, 0, 0, 0, 20, 63
"d:\workshops\eShop\.github\skills\bmad-cis-agent-presentation-master\bmad-skill-manifest.yaml", "YAML", 0, 11, 0, 0, 0, 0, 0, 0, 0, 0, 0, 0, 0, 0, 0, 0, 0, 0, 1, 12
"d:\workshops\eShop\.github\skills\bmad-cis-agent-storyteller\SKILL.md", "Skill", 0, 0, 0, 0, 0, 0, 0, 0, 35, 0, 0, 0, 0, 0, 0, 0, 0, 0, 22, 57
"d:\workshops\eShop\.github\skills\bmad-cis-agent-storyteller\bmad-skill-manifest.yaml", "YAML", 0, 11, 0, 0, 0, 0, 0, 0, 0, 0, 0, 0, 0, 0, 0, 0, 0, 0, 1, 12
"d:\workshops\eShop\.github\skills\bmad-cis-agent-storyteller\stories-told.md", "Markdown", 0, 0, 0, 0, 3, 0, 0, 0, 0, 0, 0, 0, 0, 0, 0, 0, 0, 1, 4, 8
"d:\workshops\eShop\.github\skills\bmad-cis-agent-storyteller\story-preferences.md", "Markdown", 0, 0, 0, 0, 3, 0, 0, 0, 0, 0, 0, 0, 0, 0, 0, 0, 0, 1, 4, 8
"d:\workshops\eShop\.github\skills\bmad-cis-design-thinking\SKILL.md", "Skill", 0, 0, 0, 0, 0, 0, 0, 0, 5, 0, 0, 0, 0, 0, 0, 0, 0, 0, 2, 7
"d:\workshops\eShop\.github\skills\bmad-cis-design-thinking\bmad-skill-manifest.yaml", "YAML", 0, 1, 0, 0, 0, 0, 0, 0, 0, 0, 0, 0, 0, 0, 0, 0, 0, 0, 1, 2
"d:\workshops\eShop\.github\skills\bmad-cis-design-thinking\design-methods.csv", "CSV", 0, 0, 0, 0, 0, 0, 0, 31, 0, 0, 0, 0, 0, 0, 0, 0, 0, 0, 0, 31
"d:\workshops\eShop\.github\skills\bmad-cis-design-thinking\template.md", "Markdown", 0, 0, 0, 0, 57, 0, 0, 0, 0, 0, 0, 0, 0, 0, 0, 0, 0, 0, 55, 112
"d:\workshops\eShop\.github\skills\bmad-cis-design-thinking\workflow.md", "Markdown", 0, 0, 0, 0, 170, 0, 0, 0, 0, 0, 0, 0, 0, 0, 0, 0, 0, 0, 72, 242
"d:\workshops\eShop\.github\skills\bmad-cis-innovation-strategy\SKILL.md", "Skill", 0, 0, 0, 0, 0, 0, 0, 0, 5, 0, 0, 0, 0, 0, 0, 0, 0, 0, 2, 7
"d:\workshops\eShop\.github\skills\bmad-cis-innovation-strategy\bmad-skill-manifest.yaml", "YAML", 0, 1, 0, 0, 0, 0, 0, 0, 0, 0, 0, 0, 0, 0, 0, 0, 0, 0, 1, 2
"d:\workshops\eShop\.github\skills\bmad-cis-innovation-strategy\innovation-frameworks.csv", "CSV", 0, 0, 0, 0, 0, 0, 0, 31, 0, 0, 0, 0, 0, 0, 0, 0, 0, 0, 0, 31
"d:\workshops\eShop\.github\skills\bmad-cis-innovation-strategy\template.md", "Markdown", 0, 0, 0, 0, 96, 0, 0, 0, 0, 0, 0, 0, 0, 0, 0, 0, 0, 0, 94, 190
"d:\workshops\eShop\.github\skills\bmad-cis-innovation-strategy\workflow.md", "Markdown", 0, 0, 0, 0, 229, 0, 0, 0, 0, 0, 0, 0, 0, 0, 0, 0, 0, 0, 86, 315
"d:\workshops\eShop\.github\skills\bmad-cis-problem-solving\SKILL.md", "Skill", 0, 0, 0, 0, 0, 0, 0, 0, 5, 0, 0, 0, 0, 0, 0, 0, 0, 0, 2, 7
"d:\workshops\eShop\.github\skills\bmad-cis-problem-solving\bmad-skill-manifest.yaml", "YAML", 0, 1, 0, 0, 0, 0, 0, 0, 0, 0, 0, 0, 0, 0, 0, 0, 0, 0, 1, 2
"d:\workshops\eShop\.github\skills\bmad-cis-problem-solving\solving-methods.csv", "CSV", 0, 0, 0, 0, 0, 0, 0, 31, 0, 0, 0, 0, 0, 0, 0, 0, 0, 0, 0, 31
"d:\workshops\eShop\.github\skills\bmad-cis-problem-solving\template.md", "Markdown", 0, 0, 0, 0, 85, 0, 0, 0, 0, 0, 0, 0, 0, 0, 0, 0, 0, 0, 81, 166
"d:\workshops\eShop\.github\skills\bmad-cis-problem-solving\workflow.md", "Markdown", 0, 0, 0, 0, 206, 0, 0, 0, 0, 0, 0, 0, 0, 0, 0, 0, 0, 0, 85, 291
"d:\workshops\eShop\.github\skills\bmad-cis-storytelling\SKILL.md", "Skill", 0, 0, 0, 0, 0, 0, 0, 0, 5, 0, 0, 0, 0, 0, 0, 0, 0, 0, 2, 7
"d:\workshops\eShop\.github\skills\bmad-cis-storytelling\bmad-skill-manifest.yaml", "YAML", 0, 1, 0, 0, 0, 0, 0, 0, 0, 0, 0, 0, 0, 0, 0, 0, 0, 0, 1, 2
"d:\workshops\eShop\.github\skills\bmad-cis-storytelling\story-types.csv", "CSV", 0, 0, 0, 0, 0, 0, 0, 26, 0, 0, 0, 0, 0, 0, 0, 0, 0, 0, 0, 26
"d:\workshops\eShop\.github\skills\bmad-cis-storytelling\template.md", "Markdown", 0, 0, 0, 0, 58, 0, 0, 0, 0, 0, 0, 0, 0, 0, 0, 0, 0, 0, 56, 114
"d:\workshops\eShop\.github\skills\bmad-cis-storytelling\workflow.md", "Markdown", 0, 0, 0, 0, 222, 0, 0, 0, 0, 0, 0, 0, 0, 0, 0, 0, 0, 0, 99, 321
"d:\workshops\eShop\.github\skills\bmad-code-review\SKILL.md", "Skill", 0, 0, 0, 0, 0, 0, 0, 0, 5, 0, 0, 0, 0, 0, 0, 0, 0, 0, 2, 7
"d:\workshops\eShop\.github\skills\bmad-code-review\steps\step-01-gather-context.md", "Markdown", 0, 0, 0, 0, 47, 0, 0, 0, 0, 0, 0, 0, 0, 0, 0, 0, 0, 0, 16, 63
"d:\workshops\eShop\.github\skills\bmad-code-review\steps\step-02-review.md", "Markdown", 0, 0, 0, 0, 20, 0, 0, 0, 0, 0, 0, 0, 0, 0, 0, 0, 0, 0, 15, 35
"d:\workshops\eShop\.github\skills\bmad-code-review\steps\step-03-triage.md", "Markdown", 0, 0, 0, 0, 33, 0, 0, 0, 0, 0, 0, 0, 0, 0, 0, 0, 0, 0, 17, 50
"d:\workshops\eShop\.github\skills\bmad-code-review\steps\step-04-present.md", "Markdown", 0, 0, 0, 0, 82, 0, 0, 0, 0, 0, 0, 0, 0, 0, 0, 0, 0, 0, 48, 130
"d:\workshops\eShop\.github\skills\bmad-code-review\workflow.md", "Markdown", 0, 0, 0, 0, 36, 0, 0, 0, 0, 0, 0, 0, 0, 0, 0, 0, 0, 0, 20, 56
"d:\workshops\eShop\.github\skills\bmad-correct-course\SKILL.md", "Skill", 0, 0, 0, 0, 0, 0, 0, 0, 5, 0, 0, 0, 0, 0, 0, 0, 0, 0, 2, 7
"d:\workshops\eShop\.github\skills\bmad-correct-course\checklist.md", "Markdown", 0, 0, 0, 0, 244, 0, 0, 0, 0, 0, 0, 0, 0, 0, 0, 0, 0, 0, 45, 289
"d:\workshops\eShop\.github\skills\bmad-correct-course\workflow.md", "Markdown", 0, 0, 0, 0, 193, 0, 0, 0, 0, 0, 0, 0, 0, 0, 0, 0, 0, 0, 75, 268
"d:\workshops\eShop\.github\skills\bmad-create-architecture\SKILL.md", "Skill", 0, 0, 0, 0, 0, 0, 0, 0, 5, 0, 0, 0, 0, 0, 0, 0, 0, 0, 2, 7
"d:\workshops\eShop\.github\skills\bmad-create-architecture\architecture-decision-template.md", "Markdown", 0, 0, 0, 0, 10, 0, 0, 0, 0, 0, 0, 0, 0, 0, 0, 0, 0, 0, 3, 13
"d:\workshops\eShop\.github\skills\bmad-create-architecture\data\domain-complexity.csv", "CSV", 0, 0, 0, 0, 0, 0, 0, 13, 0, 0, 0, 0, 0, 0, 0, 0, 0, 0, 0, 13
"d:\workshops\eShop\.github\skills\bmad-create-architecture\data\project-types.csv", "CSV", 0, 0, 0, 0, 0, 0, 0, 7, 0, 0, 0, 0, 0, 0, 0, 0, 0, 0, 0, 7
"d:\workshops\eShop\.github\skills\bmad-create-architecture\steps\step-01-init.md", "Markdown", 0, 0, 0, 0, 103, 0, 0, 0, 0, 0, 0, 0, 0, 0, 0, 0, 0, 0, 51, 154
"d:\workshops\eShop\.github\skills\bmad-create-architecture\steps\step-01b-continue.md", "Markdown", 0, 0, 0, 0, 117, 0, 0, 0, 0, 0, 0, 0, 0, 0, 0, 0, 0, 0, 57, 174
"d:\workshops\eShop\.github\skills\bmad-create-architecture\steps\step-02-context.md", "Markdown", 0, 0, 0, 0, 152, 0, 0, 0, 0, 0, 0, 0, 0, 0, 0, 0, 0, 0, 73, 225
"d:\workshops\eShop\.github\skills\bmad-create-architecture\steps\step-03-starter.md", "Markdown", 0, 0, 0, 0, 222, 0, 0, 0, 0, 0, 0, 0, 0, 0, 0, 0, 0, 0, 108, 330
"d:\workshops\eShop\.github\skills\bmad-create-architecture\steps\step-04-decisions.md", "Markdown", 0, 0, 0, 0, 212, 0, 0, 0, 0, 0, 0, 0, 0, 0, 0, 0, 0, 0, 107, 319
"d:\workshops\eShop\.github\skills\bmad-create-architecture\steps\step-05-patterns.md", "Markdown", 0, 0, 0, 0, 242, 0, 0, 0, 0, 0, 0, 0, 0, 0, 0, 0, 0, 0, 118, 360
"d:\workshops\eShop\.github\skills\bmad-create-architecture\steps\step-06-structure.md", "Markdown", 0, 0, 0, 0, 276, 0, 0, 0, 0, 0, 0, 0, 0, 0, 0, 0, 0, 0, 104, 380
"d:\workshops\eShop\.github\skills\bmad-create-architecture\steps\step-07-validation.md", "Markdown", 0, 0, 0, 0, 238, 0, 0, 0, 0, 0, 0, 0, 0, 0, 0, 0, 0, 0, 122, 360
"d:\workshops\eShop\.github\skills\bmad-create-architecture\steps\step-08-complete.md", "Markdown", 0, 0, 0, 0, 52, 0, 0, 0, 0, 0, 0, 0, 0, 0, 0, 0, 0, 0, 25, 77
"d:\workshops\eShop\.github\skills\bmad-create-architecture\workflow.md", "Markdown", 0, 0, 0, 0, 23, 0, 0, 0, 0, 0, 0, 0, 0, 0, 0, 0, 0, 0, 16, 39
"d:\workshops\eShop\.github\skills\bmad-create-epics-and-stories\SKILL.md", "Skill", 0, 0, 0, 0, 0, 0, 0, 0, 5, 0, 0, 0, 0, 0, 0, 0, 0, 0, 2, 7
"d:\workshops\eShop\.github\skills\bmad-create-epics-and-stories\steps\step-01-validate-prerequisites.md", "Markdown", 0, 0, 0, 0, 168, 0, 0, 0, 0, 0, 0, 0, 0, 0, 0, 0, 0, 0, 88, 256
"d:\workshops\eShop\.github\skills\bmad-create-epics-and-stories\steps\step-02-design-epics.md", "Markdown", 0, 0, 0, 0, 143, 0, 0, 0, 0, 0, 0, 0, 0, 0, 0, 0, 0, 0, 70, 213
"d:\workshops\eShop\.github\skills\bmad-create-epics-and-stories\steps\step-03-create-stories.md", "Markdown", 0, 0, 0, 0, 173, 0, 0, 0, 0, 0, 0, 0, 0, 0, 0, 0, 0, 0, 83, 256
"d:\workshops\eShop\.github\skills\bmad-create-epics-and-stories\steps\step-04-final-validation.md", "Markdown", 0, 0, 0, 0, 89, 0, 0, 0, 0, 0, 0, 0, 0, 0, 0, 0, 0, 0, 43, 132
"d:\workshops\eShop\.github\skills\bmad-create-epics-and-stories\templates\epics-template.md", "Markdown", 0, 0, 0, 0, 31, 0, 0, 0, 0, 0, 0, 0, 0, 0, 0, 0, 0, 4, 27, 62
"d:\workshops\eShop\.github\skills\bmad-create-epics-and-stories\workflow.md", "Markdown", 0, 0, 0, 0, 35, 0, 0, 0, 0, 0, 0, 0, 0, 0, 0, 0, 0, 0, 19, 54
"d:\workshops\eShop\.github\skills\bmad-create-prd\SKILL.md", "Skill", 0, 0, 0, 0, 0, 0, 0, 0, 5, 0, 0, 0, 0, 0, 0, 0, 0, 0, 2, 7
"d:\workshops\eShop\.github\skills\bmad-create-prd\data\domain-complexity.csv", "CSV", 0, 0, 0, 0, 0, 0, 0, 15, 0, 0, 0, 0, 0, 0, 0, 0, 0, 0, 0, 15
"d:\workshops\eShop\.github\skills\bmad-create-prd\data\prd-purpose.md", "Markdown", 0, 0, 0, 0, 137, 0, 0, 0, 0, 0, 0, 0, 0, 0, 0, 0, 0, 0, 61, 198
"d:\workshops\eShop\.github\skills\bmad-create-prd\data\project-types.csv", "CSV", 0, 0, 0, 0, 0, 0, 0, 11, 0, 0, 0, 0, 0, 0, 0, 0, 0, 0, 0, 11
"d:\workshops\eShop\.github\skills\bmad-create-prd\steps-c\step-01-init.md", "Markdown", 0, 0, 0, 0, 117, 0, 0, 0, 0, 0, 0, 0, 0, 0, 0, 0, 0, 0, 62, 179
"d:\workshops\eShop\.github\skills\bmad-create-prd\steps-c\step-01b-continue.md", "Markdown", 0, 0, 0, 0, 109, 0, 0, 0, 0, 0, 0, 0, 0, 0, 0, 0, 0, 0, 53, 162
"d:\workshops\eShop\.github\skills\bmad-create-prd\steps-c\step-02-discovery.md", "Markdown", 0, 0, 0, 0, 144, 0, 0, 0, 0, 0, 0, 0, 0, 0, 0, 0, 0, 0, 65, 209
"d:\workshops\eShop\.github\skills\bmad-create-prd\steps-c\step-02b-vision.md", "Markdown", 0, 0, 0, 0, 93, 0, 0, 0, 0, 0, 0, 0, 0, 0, 0, 0, 0, 0, 50, 143
"d:\workshops\eShop\.github\skills\bmad-create-prd\steps-c\step-02c-executive-summary.md", "Markdown", 0, 0, 0, 0, 107, 0, 0, 0, 0, 0, 0, 0, 0, 0, 0, 0, 0, 0, 52, 159
"d:\workshops\eShop\.github\skills\bmad-create-prd\steps-c\step-03-success.md", "Markdown", 0, 0, 0, 0, 148, 0, 0, 0, 0, 0, 0, 0, 0, 0, 0, 0, 0, 0, 67, 215
"d:\workshops\eShop\.github\skills\bmad-create-prd\steps-c\step-04-journeys.md", "Markdown", 0, 0, 0, 0, 144, 0, 0, 0, 0, 0, 0, 0, 0, 0, 0, 0, 0, 0, 58, 202
"d:\workshops\eShop\.github\skills\bmad-create-prd\steps-c\step-05-domain.md", "Markdown", 0, 0, 0, 0, 132, 0, 0, 0, 0, 0, 0, 0, 0, 0, 0, 0, 0, 0, 63, 195
"d:\workshops\eShop\.github\skills\bmad-create-prd\steps-c\step-06-innovation.md", "Markdown", 0, 0, 0, 0, 144, 0, 0, 0, 0, 0, 0, 0, 0, 0, 0, 0, 0, 0, 68, 212
"d:\workshops\eShop\.github\skills\bmad-create-prd\steps-c\step-07-project-type.md", "Markdown", 0, 0, 0, 0, 145, 0, 0, 0, 0, 0, 0, 0, 0, 0, 0, 0, 0, 0, 78, 223
"d:\workshops\eShop\.github\skills\bmad-create-prd\steps-c\step-08-scoping.md", "Markdown", 0, 0, 0, 0, 151, 0, 0, 0, 0, 0, 0, 0, 0, 0, 0, 0, 0, 0, 66, 217
"d:\workshops\eShop\.github\skills\bmad-create-prd\steps-c\step-09-functional.md", "Markdown", 0, 0, 0, 0, 148, 0, 0, 0, 0, 0, 0, 0, 0, 0, 0, 0, 0, 0, 72, 220
"d:\workshops\eShop\.github\skills\bmad-create-prd\steps-c\step-10-nonfunctional.md", "Markdown", 0, 0, 0, 0, 155, 0, 0, 0, 0, 0, 0, 0, 0, 0, 0, 0, 0, 0, 76, 231
"d:\workshops\eShop\.github\skills\bmad-create-prd\steps-c\step-11-polish.md", "Markdown", 0, 0, 0, 0, 167, 0, 0, 0, 0, 0, 0, 0, 0, 0, 0, 0, 0, 0, 55, 222
"d:\workshops\eShop\.github\skills\bmad-create-prd\steps-c\step-12-complete.md", "Markdown", 0, 0, 0, 0, 80, 0, 0, 0, 0, 0, 0, 0, 0, 0, 0, 0, 0, 0, 36, 116
"d:\workshops\eShop\.github\skills\bmad-create-prd\templates\prd-template.md", "Markdown", 0, 0, 0, 0, 8, 0, 0, 0, 0, 0, 0, 0, 0, 0, 0, 0, 0, 0, 3, 11
"d:\workshops\eShop\.github\skills\bmad-create-prd\workflow.md", "Markdown", 0, 0, 0, 0, 42, 0, 0, 0, 0, 0, 0, 0, 0, 0, 0, 0, 0, 0, 21, 63
"d:\workshops\eShop\.github\skills\bmad-create-story\SKILL.md", "Skill", 0, 0, 0, 0, 0, 0, 0, 0, 5, 0, 0, 0, 0, 0, 0, 0, 0, 0, 2, 7
"d:\workshops\eShop\.github\skills\bmad-create-story\checklist.md", "Markdown", 0, 0, 0, 0, 244, 0, 0, 0, 0, 0, 0, 0, 0, 0, 0, 0, 0, 0, 114, 358
"d:\workshops\eShop\.github\skills\bmad-create-story\discover-inputs.md", "Markdown", 0, 0, 0, 0, 56, 0, 0, 0, 0, 0, 0, 0, 0, 0, 0, 0, 0, 0, 33, 89
"d:\workshops\eShop\.github\skills\bmad-create-story\template.md", "Markdown", 0, 0, 0, 0, 28, 0, 0, 0, 0, 0, 0, 0, 0, 0, 0, 0, 0, 1, 21, 50
"d:\workshops\eShop\.github\skills\bmad-create-story\workflow.md", "Markdown", 0, 0, 0, 0, 303, 0, 0, 0, 0, 0, 0, 0, 0, 0, 0, 0, 0, 17, 61, 381
"d:\workshops\eShop\.github\skills\bmad-create-ux-design\SKILL.md", "Skill", 0, 0, 0, 0, 0, 0, 0, 0, 5, 0, 0, 0, 0, 0, 0, 0, 0, 0, 2, 7
"d:\workshops\eShop\.github\skills\bmad-create-ux-design\steps\step-01-init.md", "Markdown", 0, 0, 0, 0, 90, 0, 0, 0, 0, 0, 0, 0, 0, 0, 0, 0, 0, 0, 46, 136
"d:\workshops\eShop\.github\skills\bmad-create-ux-design\steps\step-01b-continue.md", "Markdown", 0, 0, 0, 0, 83, 0, 0, 0, 0, 0, 0, 0, 0, 0, 0, 0, 0, 0, 45, 128
"d:\workshops\eShop\.github\skills\bmad-create-ux-design\steps\step-02-discovery.md", "Markdown", 0, 0, 0, 0, 122, 0, 0, 0, 0, 0, 0, 0, 0, 0, 0, 0, 0, 0, 69, 191
"d:\workshops\eShop\.github\skills\bmad-create-ux-design\steps\step-03-core-experience.md", "Markdown", 0, 0, 0, 0, 145, 0, 0, 0, 0, 0, 0, 0, 0, 0, 0, 0, 0, 0, 73, 218
"d:\workshops\eShop\.github\skills\bmad-create-ux-design\steps\step-04-emotional-response.md", "Markdown", 0, 0, 0, 0, 147, 0, 0, 0, 0, 0, 0, 0, 0, 0, 0, 0, 0, 0, 74, 221
"d:\workshops\eShop\.github\skills\bmad-create-ux-design\steps\step-05-inspiration.md", "Markdown", 0, 0, 0, 0, 154, 0, 0, 0, 0, 0, 0, 0, 0, 0, 0, 0, 0, 0, 82, 236
"d:\workshops\eShop\.github\skills\bmad-create-ux-design\steps\step-06-design-system.md", "Markdown", 0, 0, 0, 0, 170, 0, 0, 0, 0, 0, 0, 0, 0, 0, 0, 0, 0, 0, 84, 254
"d:\workshops\eShop\.github\skills\bmad-create-ux-design\steps\step-07-defining-experience.md", "Markdown", 0, 0, 0, 0, 171, 0, 0, 0, 0, 0, 0, 0, 0, 0, 0, 0, 0, 0, 85, 256
"d:\workshops\eShop\.github\skills\bmad-create-ux-design\steps\step-08-visual-foundation.md", "Markdown", 0, 0, 0, 0, 149, 0, 0, 0, 0, 0, 0, 0, 0, 0, 0, 0, 0, 0, 77, 226
"d:\workshops\eShop\.github\skills\bmad-create-ux-design\steps\step-09-design-directions.md", "Markdown", 0, 0, 0, 0, 151, 0, 0, 0, 0, 0, 0, 0, 0, 0, 0, 0, 0, 0, 75, 226
"d:\workshops\eShop\.github\skills\bmad-create-ux-design\steps\step-10-user-journeys.md", "Markdown", 0, 0, 0, 0, 161, 0, 0, 0, 0, 0, 0, 0, 0, 0, 0, 0, 0, 0, 82, 243
"d:\workshops\eShop\.github\skills\bmad-create-ux-design\steps\step-11-component-strategy.md", "Markdown", 0, 0, 0, 0, 165, 0, 0, 0, 0, 0, 0, 0, 0, 0, 0, 0, 0, 0, 85, 250
"d:\workshops\eShop\.github\skills\bmad-create-ux-design\steps\step-12-ux-patterns.md", "Markdown", 0, 0, 0, 0, 159, 0, 0, 0, 0, 0, 0, 0, 0, 0, 0, 0, 0, 0, 80, 239
"d:\workshops\eShop\.github\skills\bmad-create-ux-design\steps\step-13-responsive-accessibility.md", "Markdown", 0, 0, 0, 0, 176, 0, 0, 0, 0, 0, 0, 0, 0, 0, 0, 0, 0, 0, 90, 266
"d:\workshops\eShop\.github\skills\bmad-create-ux-design\steps\step-14-complete.md", "Markdown", 0, 0, 0, 0, 119, 0, 0, 0, 0, 0, 0, 0, 0, 0, 0, 0, 0, 0, 53, 172
"d:\workshops\eShop\.github\skills\bmad-create-ux-design\ux-design-template.md", "Markdown", 0, 0, 0, 0, 8, 0, 0, 0, 0, 0, 0, 0, 0, 0, 0, 0, 0, 1, 5, 14
"d:\workshops\eShop\.github\skills\bmad-create-ux-design\workflow.md", "Markdown", 0, 0, 0, 0, 22, 0, 0, 0, 0, 0, 0, 0, 0, 0, 0, 0, 0, 0, 15, 37
"d:\workshops\eShop\.github\skills\bmad-dev-story\SKILL.md", "Skill", 0, 0, 0, 0, 0, 0, 0, 0, 5, 0, 0, 0, 0, 0, 0, 0, 0, 0, 2, 7
"d:\workshops\eShop\.github\skills\bmad-dev-story\checklist.md", "Markdown", 0, 0, 0, 0, 63, 0, 0, 0, 0, 0, 0, 0, 0, 0, 0, 0, 0, 0, 18, 81
"d:\workshops\eShop\.github\skills\bmad-dev-story\workflow.md", "Markdown", 0, 0, 0, 0, 347, 0, 0, 0, 0, 0, 0, 0, 0, 0, 0, 0, 0, 13, 91, 451
"d:\workshops\eShop\.github\skills\bmad-distillator\SKILL.md", "Skill", 0, 0, 0, 0, 0, 0, 0, 0, 124, 0, 0, 0, 0, 0, 0, 0, 0, 0, 54, 178
"d:\workshops\eShop\.github\skills\bmad-distillator\agents\distillate-compressor.md", "Markdown", 0, 0, 0, 0, 84, 0, 0, 0, 0, 0, 0, 0, 0, 0, 0, 0, 0, 0, 33, 117
"d:\workshops\eShop\.github\skills\bmad-distillator\agents\round-trip-reconstructor.md", "Markdown", 0, 0, 0, 0, 49, 0, 0, 0, 0, 0, 0, 0, 0, 0, 0, 0, 0, 0, 20, 69
"d:\workshops\eShop\.github\skills\bmad-distillator\resources\compression-rules.md", "Markdown", 0, 0, 0, 0, 42, 0, 0, 0, 0, 0, 0, 0, 0, 0, 0, 0, 0, 0, 10, 52
"d:\workshops\eShop\.github\skills\bmad-distillator\resources\distillate-format-reference.md", "Markdown", 0, 0, 0, 0, 189, 0, 0, 0, 0, 0, 0, 0, 0, 0, 0, 0, 0, 0, 39, 228
"d:\workshops\eShop\.github\skills\bmad-distillator\resources\splitting-strategy.md", "Markdown", 0, 0, 0, 0, 56, 0, 0, 0, 0, 0, 0, 0, 0, 0, 0, 0, 0, 0, 23, 79
"d:\workshops\eShop\.github\skills\bmad-distillator\scripts\analyze_sources.py", "Python", 0, 0, 0, 0, 0, 0, 0, 0, 0, 217, 0, 0, 0, 0, 0, 0, 0, 47, 37, 301
"d:\workshops\eShop\.github\skills\bmad-distillator\scripts\tests\test_analyze_sources.py", "Python", 0, 0, 0, 0, 0, 0, 0, 0, 0, 168, 0, 0, 0, 0, 0, 0, 0, 8, 29, 205
"d:\workshops\eShop\.github\skills\bmad-document-project\SKILL.md", "Skill", 0, 0, 0, 0, 0, 0, 0, 0, 5, 0, 0, 0, 0, 0, 0, 0, 0, 0, 2, 7
"d:\workshops\eShop\.github\skills\bmad-document-project\checklist.md", "Markdown", 0, 0, 0, 0, 196, 0, 0, 0, 0, 0, 0, 0, 0, 0, 0, 0, 0, 0, 50, 246
"d:\workshops\eShop\.github\skills\bmad-document-project\documentation-requirements.csv", "CSV", 0, 0, 0, 0, 0, 0, 0, 12, 0, 0, 0, 0, 0, 0, 0, 0, 0, 0, 1, 13
"d:\workshops\eShop\.github\skills\bmad-document-project\instructions.md", "Markdown", 0, 0, 0, 0, 95, 0, 0, 0, 0, 0, 0, 0, 0, 0, 0, 0, 0, 0, 34, 129
"d:\workshops\eShop\.github\skills\bmad-document-project\templates\deep-dive-template.md", "Markdown", 0, 0, 0, 0, 213, 0, 0, 0, 0, 0, 0, 0, 0, 0, 0, 0, 0, 0, 133, 346
"d:\workshops\eShop\.github\skills\bmad-document-project\templates\index-template.md", "Markdown", 0, 0, 0, 0, 111, 0, 0, 0, 0, 0, 0, 0, 0, 0, 0, 0, 0, 0, 59, 170
"d:\workshops\eShop\.github\skills\bmad-document-project\templates\project-overview-template.md", "Markdown", 0, 0, 0, 0, 65, 0, 0, 0, 0, 0, 0, 0, 0, 0, 0, 0, 0, 0, 39, 104
"d:\workshops\eShop\.github\skills\bmad-document-project\templates\project-scan-report-schema.json", "JSON", 160, 0, 0, 0, 0, 0, 0, 0, 0, 0, 0, 0, 0, 0, 0, 0, 0, 0, 1, 161
"d:\workshops\eShop\.github\skills\bmad-document-project\templates\source-tree-template.md", "Markdown", 0, 0, 0, 0, 85, 0, 0, 0, 0, 0, 0, 0, 0, 0, 0, 0, 0, 0, 51, 136
"d:\workshops\eShop\.github\skills\bmad-document-project\workflow.md", "Markdown", 0, 0, 0, 0, 17, 0, 0, 0, 0, 0, 0, 0, 0, 0, 0, 0, 0, 0, 11, 28
"d:\workshops\eShop\.github\skills\bmad-document-project\workflows\deep-dive-instructions.md", "Markdown", 0, 0, 0, 0, 221, 0, 0, 0, 0, 0, 0, 0, 0, 0, 0, 0, 0, 0, 79, 300
"d:\workshops\eShop\.github\skills\bmad-document-project\workflows\deep-dive-workflow.md", "Markdown", 0, 0, 0, 0, 21, 0, 0, 0, 0, 0, 0, 0, 0, 0, 0, 0, 0, 0, 14, 35
"d:\workshops\eShop\.github\skills\bmad-document-project\workflows\full-scan-instructions.md", "Markdown", 0, 0, 0, 0, 855, 0, 0, 0, 0, 0, 0, 0, 0, 0, 0, 0, 0, 0, 253, 1108
"d:\workshops\eShop\.github\skills\bmad-document-project\workflows\full-scan-workflow.md", "Markdown", 0, 0, 0, 0, 21, 0, 0, 0, 0, 0, 0, 0, 0, 0, 0, 0, 0, 0, 14, 35
"d:\workshops\eShop\.github\skills\bmad-domain-research\SKILL.md", "Skill", 0, 0, 0, 0, 0, 0, 0, 0, 5, 0, 0, 0, 0, 0, 0, 0, 0, 0, 2, 7
"d:\workshops\eShop\.github\skills\bmad-domain-research\domain-steps\step-01-init.md", "Markdown", 0, 0, 0, 0, 95, 0, 0, 0, 0, 0, 0, 0, 0, 0, 0, 0, 0, 0, 43, 138
"d:\workshops\eShop\.github\skills\bmad-domain-research\domain-steps\step-02-domain-analysis.md", "Markdown", 0, 0, 0, 0, 162, 0, 0, 0, 0, 0, 0, 0, 0, 0, 0, 0, 0, 0, 68, 230
"d:\workshops\eShop\.github\skills\bmad-domain-research\domain-steps\step-03-competitive-landscape.md", "Markdown", 0, 0, 0, 0, 169, 0, 0, 0, 0, 0, 0, 0, 0, 0, 0, 0, 0, 0, 70, 239
"d:\workshops\eShop\.github\skills\bmad-domain-research\domain-steps\step-04-regulatory-focus.md", "Markdown", 0, 0, 0, 0, 138, 0, 0, 0, 0, 0, 0, 0, 0, 0, 0, 0, 0, 0, 69, 207
"d:\workshops\eShop\.github\skills\bmad-domain-research\domain-steps\step-05-technical-trends.md", "Markdown", 0, 0, 0, 0, 156, 0, 0, 0, 0, 0, 0, 0, 0, 0, 0, 0, 0, 0, 79, 235
"d:\workshops\eShop\.github\skills\bmad-domain-research\domain-steps\step-06-research-synthesis.md", "Markdown", 0, 0, 0, 0, 313, 0, 0, 0, 0, 0, 0, 0, 0, 0, 0, 0, 0, 0, 132, 445
"d:\workshops\eShop\.github\skills\bmad-domain-research\research.template.md", "Markdown", 0, 0, 0, 0, 21, 0, 0, 0, 0, 0, 0, 0, 0, 0, 0, 0, 0, 1, 8, 30
"d:\workshops\eShop\.github\skills\bmad-domain-research\workflow.md", "Markdown", 0, 0, 0, 0, 32, 0, 0, 0, 0, 0, 0, 0, 0, 0, 0, 0, 0, 0, 18, 50
"d:\workshops\eShop\.github\skills\bmad-edit-prd\SKILL.md", "Skill", 0, 0, 0, 0, 0, 0, 0, 0, 5, 0, 0, 0, 0, 0, 0, 0, 0, 0, 2, 7
"d:\workshops\eShop\.github\skills\bmad-edit-prd\steps-e\step-e-01-discovery.md", "Markdown", 0, 0, 0, 0, 162, 0, 0, 0, 0, 0, 0, 0, 0, 0, 0, 0, 0, 0, 81, 243
"d:\workshops\eShop\.github\skills\bmad-edit-prd\steps-e\step-e-01b-legacy-conversion.md", "Markdown", 0, 0, 0, 0, 141, 0, 0, 0, 0, 0, 0, 0, 0, 0, 0, 0, 0, 0, 64, 205
"d:\workshops\eShop\.github\skills\bmad-edit-prd\steps-e\step-e-02-review.md", "Markdown", 0, 0, 0, 0, 175, 0, 0, 0, 0, 0, 0, 0, 0, 0, 0, 0, 0, 0, 71, 246
"d:\workshops\eShop\.github\skills\bmad-edit-prd\steps-e\step-e-03-edit.md", "Markdown", 0, 0, 0, 0, 182, 0, 0, 0, 0, 0, 0, 0, 0, 0, 0, 0, 0, 0, 69, 251
"d:\workshops\eShop\.github\skills\bmad-edit-prd\steps-e\step-e-04-complete.md", "Markdown", 0, 0, 0, 0, 117, 0, 0, 0, 0, 0, 0, 0, 0, 0, 0, 0, 0, 0, 49, 166
"d:\workshops\eShop\.github\skills\bmad-edit-prd\workflow.md", "Markdown", 0, 0, 0, 0, 42, 0, 0, 0, 0, 0, 0, 0, 0, 0, 0, 0, 0, 0, 22, 64
"d:\workshops\eShop\.github\skills\bmad-editorial-review-prose\SKILL.md", "Skill", 0, 0, 0, 0, 0, 0, 0, 0, 60, 0, 0, 0, 0, 0, 0, 0, 0, 0, 27, 87
"d:\workshops\eShop\.github\skills\bmad-editorial-review-structure\SKILL.md", "Skill", 0, 0, 0, 0, 0, 0, 0, 0, 139, 0, 0, 0, 0, 0, 0, 0, 0, 0, 41, 180
"d:\workshops\eShop\.github\skills\bmad-generate-project-context\SKILL.md", "Skill", 0, 0, 0, 0, 0, 0, 0, 0, 5, 0, 0, 0, 0, 0, 0, 0, 0, 0, 2, 7
"d:\workshops\eShop\.github\skills\bmad-generate-project-context\project-context-template.md", "Markdown", 0, 0, 0, 0, 14, 0, 0, 0, 0, 0, 0, 0, 0, 0, 0, 0, 0, 0, 8, 22
"d:\workshops\eShop\.github\skills\bmad-generate-project-context\steps\step-01-discover.md", "Markdown", 0, 0, 0, 0, 123, 0, 0, 0, 0, 0, 0, 0, 0, 0, 0, 0, 0, 0, 64, 187
"d:\workshops\eShop\.github\skills\bmad-generate-project-context\steps\step-02-generate.md", "Markdown", 0, 0, 0, 0, 204, 0, 0, 0, 0, 0, 0, 0, 0, 0, 0, 0, 0, 0, 118, 322
"d:\workshops\eShop\.github\skills\bmad-generate-project-context\steps\step-03-complete.md", "Markdown", 0, 0, 0, 0, 185, 0, 0, 0, 0, 0, 0, 0, 0, 0, 0, 0, 0, 0, 94, 279
"d:\workshops\eShop\.github\skills\bmad-generate-project-context\workflow.md", "Markdown", 0, 0, 0, 0, 26, 0, 0, 0, 0, 0, 0, 0, 0, 0, 0, 0, 0, 0, 18, 44
"d:\workshops\eShop\.github\skills\bmad-help\SKILL.md", "Skill", 0, 0, 0, 0, 0, 0, 0, 0, 52, 0, 0, 0, 0, 0, 0, 0, 0, 0, 22, 74
"d:\workshops\eShop\.github\skills\bmad-index-docs\SKILL.md", "Skill", 0, 0, 0, 0, 0, 0, 0, 0, 38, 0, 0, 0, 0, 0, 0, 0, 0, 0, 29, 67
"d:\workshops\eShop\.github\skills\bmad-init\SKILL.md", "Skill", 0, 0, 0, 0, 0, 0, 0, 0, 69, 0, 0, 0, 0, 0, 0, 0, 0, 0, 32, 101
"d:\workshops\eShop\.github\skills\bmad-init\resources\core-module.yaml", "YAML", 0, 20, 0, 0, 0, 0, 0, 0, 0, 0, 0, 0, 0, 0, 0, 0, 0, 0, 6, 26
"d:\workshops\eShop\.github\skills\bmad-init\scripts\bmad_init.py", "Python", 0, 0, 0, 0, 0, 0, 0, 0, 0, 356, 0, 0, 0, 0, 0, 0, 0, 134, 104, 594
"d:\workshops\eShop\.github\skills\bmad-init\scripts\tests\test_bmad_init.py", "Python", 0, 0, 0, 0, 0, 0, 0, 0, 0, 245, 0, 0, 0, 0, 0, 0, 0, 10, 75, 330
"d:\workshops\eShop\.github\skills\bmad-market-research\SKILL.md", "Skill", 0, 0, 0, 0, 0, 0, 0, 0, 5, 0, 0, 0, 0, 0, 0, 0, 0, 0, 2, 7
"d:\workshops\eShop\.github\skills\bmad-market-research\research.template.md", "Markdown", 0, 0, 0, 0, 21, 0, 0, 0, 0, 0, 0, 0, 0, 0, 0, 0, 0, 1, 8, 30
"d:\workshops\eShop\.github\skills\bmad-market-research\steps\step-01-init.md", "Markdown", 0, 0, 0, 0, 125, 0, 0, 0, 0, 0, 0, 0, 0, 0, 0, 0, 0, 0, 60, 185
"d:\workshops\eShop\.github\skills\bmad-market-research\steps\step-02-customer-behavior.md", "Markdown", 0, 0, 0, 0, 170, 0, 0, 0, 0, 0, 0, 0, 0, 0, 0, 0, 0, 0, 70, 240
"d:\workshops\eShop\.github\skills\bmad-market-research\steps\step-03-customer-pain-points.md", "Markdown", 0, 0, 0, 0, 178, 0, 0, 0, 0, 0, 0, 0, 0, 0, 0, 0, 0, 0, 74, 252
"d:\workshops\eShop\.github\skills\bmad-market-research\steps\step-04-customer-decisions.md", "Markdown", 0, 0, 0, 0, 186, 0, 0, 0, 0, 0, 0, 0, 0, 0, 0, 0, 0, 0, 76, 262
"d:\workshops\eShop\.github\skills\bmad-market-research\steps\step-05-competitive-analysis.md", "Markdown", 0, 0, 0, 0, 115, 0, 0, 0, 0, 0, 0, 0, 0, 0, 0, 0, 0, 0, 59, 174
"d:\workshops\eShop\.github\skills\bmad-market-research\steps\step-06-research-completion.md", "Markdown", 0, 0, 0, 0, 336, 0, 0, 0, 0, 0, 0, 0, 0, 0, 0, 0, 0, 0, 143, 479
"d:\workshops\eShop\.github\skills\bmad-market-research\workflow.md", "Markdown", 0, 0, 0, 0, 32, 0, 0, 0, 0, 0, 0, 0, 0, 0, 0, 0, 0, 0, 18, 50
"d:\workshops\eShop\.github\skills\bmad-module-builder\SKILL.md", "Skill", 0, 0, 0, 0, 0, 0, 0, 0, 22, 0, 0, 0, 0, 0, 0, 0, 0, 0, 11, 33
"d:\workshops\eShop\.github\skills\bmad-module-builder\assets\module-plan-template.md", "Markdown", 0, 0, 0, 0, 50, 0, 0, 0, 0, 0, 0, 0, 0, 0, 0, 0, 0, 32, 47, 129
"d:\workshops\eShop\.github\skills\bmad-module-builder\assets\setup-skill-template\SKILL.md", "Skill", 0, 0, 0, 0, 0, 0, 0, 0, 46, 0, 0, 0, 0, 0, 0, 0, 0, 0, 31, 77
"d:\workshops\eShop\.github\skills\bmad-module-builder\assets\setup-skill-template\assets\module-help.csv", "CSV", 0, 0, 0, 0, 0, 0, 0, 1, 0, 0, 0, 0, 0, 0, 0, 0, 0, 0, 1, 2
"d:\workshops\eShop\.github\skills\bmad-module-builder\assets\setup-skill-template\assets\module.yaml", "YAML", 0, 6, 0, 0, 0, 0, 0, 0, 0, 0, 0, 0, 0, 0, 0, 0, 0, 0, 1, 7
"d:\workshops\eShop\.github\skills\bmad-module-builder\assets\setup-skill-template\scripts\cleanup-legacy.py", "Python", 0, 0, 0, 0, 0, 0, 0, 0, 0, 176, 0, 0, 0, 0, 0, 0, 0, 49, 35, 260
"d:\workshops\eShop\.github\skills\bmad-module-builder\assets\setup-skill-template\scripts\merge-config.py", "Python", 0, 0, 0, 0, 0, 0, 0, 0, 0, 265, 0, 0, 0, 0, 0, 0, 0, 83, 61, 409
"d:\workshops\eShop\.github\skills\bmad-module-builder\assets\setup-skill-template\scripts\merge-help-csv.py", "Python", 0, 0, 0, 0, 0, 0, 0, 0, 0, 144, 0, 0, 0, 0, 0, 0, 0, 38, 37, 219
"d:\workshops\eShop\.github\skills\bmad-module-builder\assets\standalone-module-template\merge-config.py", "Python", 0, 0, 0, 0, 0, 0, 0, 0, 0, 265, 0, 0, 0, 0, 0, 0, 0, 83, 61, 409
"d:\workshops\eShop\.github\skills\bmad-module-builder\assets\standalone-module-template\merge-help-csv.py", "Python", 0, 0, 0, 0, 0, 0, 0, 0, 0, 144, 0, 0, 0, 0, 0, 0, 0, 38, 37, 219
"d:\workshops\eShop\.github\skills\bmad-module-builder\assets\standalone-module-template\module-setup.md", "Markdown", 0, 0, 0, 0, 48, 0, 0, 0, 0, 0, 0, 0, 0, 0, 0, 0, 0, 0, 34, 82
"d:\workshops\eShop\.github\skills\bmad-module-builder\references\create-module.md", "Markdown", 0, 0, 0, 0, 170, 0, 0, 0, 0, 0, 0, 0, 0, 0, 0, 0, 0, 0, 77, 247
"d:\workshops\eShop\.github\skills\bmad-module-builder\references\ideate-module.md", "Markdown", 0, 0, 0, 0, 140, 0, 0, 0, 0, 0, 0, 0, 0, 0, 0, 0, 0, 0, 77, 217
"d:\workshops\eShop\.github\skills\bmad-module-builder\references\validate-module.md", "Markdown", 0, 0, 0, 0, 47, 0, 0, 0, 0, 0, 0, 0, 0, 0, 0, 0, 0, 0, 31, 78
"d:\workshops\eShop\.github\skills\bmad-module-builder\scripts\scaffold-setup-skill.py", "Python", 0, 0, 0, 0, 0, 0, 0, 0, 0, 92, 0, 0, 0, 0, 0, 0, 0, 16, 17, 125
"d:\workshops\eShop\.github\skills\bmad-module-builder\scripts\scaffold-standalone-module.py", "Python", 0, 0, 0, 0, 0, 0, 0, 0, 0, 150, 0, 0, 0, 0, 0, 0, 0, 18, 23, 191
"d:\workshops\eShop\.github\skills\bmad-module-builder\scripts\tests\test-scaffold-setup-skill.py", "Python", 0, 0, 0, 0, 0, 0, 0, 0, 0, 171, 0, 0, 0, 0, 0, 0, 0, 17, 36, 224
"d:\workshops\eShop\.github\skills\bmad-module-builder\scripts\tests\test-scaffold-standalone-module.py", "Python", 0, 0, 0, 0, 0, 0, 0, 0, 0, 192, 0, 0, 0, 0, 0, 0, 0, 27, 48, 267
"d:\workshops\eShop\.github\skills\bmad-module-builder\scripts\tests\test-validate-module.py", "Python", 0, 0, 0, 0, 0, 0, 0, 0, 0, 227, 0, 0, 0, 0, 0, 0, 0, 26, 62, 315
"d:\workshops\eShop\.github\skills\bmad-module-builder\scripts\validate-module.py", "Python", 0, 0, 0, 0, 0, 0, 0, 0, 0, 202, 0, 0, 0, 0, 0, 0, 0, 43, 49, 294
"d:\workshops\eShop\.github\skills\bmad-party-mode\SKILL.md", "Skill", 0, 0, 0, 0, 0, 0, 0, 0, 5, 0, 0, 0, 0, 0, 0, 0, 0, 0, 2, 7
"d:\workshops\eShop\.github\skills\bmad-party-mode\steps\step-01-agent-loading.md", "Markdown", 0, 0, 0, 0, 91, 0, 0, 0, 0, 0, 0, 0, 0, 0, 0, 0, 0, 0, 48, 139
"d:\workshops\eShop\.github\skills\bmad-party-mode\steps\step-02-discussion-orchestration.md", "Markdown", 0, 0, 0, 0, 122, 0, 0, 0, 0, 0, 0, 0, 0, 0, 0, 0, 0, 0, 66, 188
"d:\workshops\eShop\.github\skills\bmad-party-mode\steps\step-03-graceful-exit.md", "Markdown", 0, 0, 0, 0, 109, 0, 0, 0, 0, 0, 0, 0, 0, 0, 0, 0, 0, 0, 59, 168
"d:\workshops\eShop\.github\skills\bmad-party-mode\workflow.md", "Markdown", 0, 0, 0, 0, 119, 0, 0, 0, 0, 0, 0, 0, 0, 0, 0, 0, 0, 0, 72, 191
"d:\workshops\eShop\.github\skills\bmad-product-brief\SKILL.md", "Skill", 0, 0, 0, 0, 0, 0, 0, 0, 59, 0, 0, 0, 0, 0, 0, 0, 0, 0, 29, 88
"d:\workshops\eShop\.github\skills\bmad-product-brief\agents\artifact-analyzer.md", "Markdown", 0, 0, 0, 0, 48, 0, 0, 0, 0, 0, 0, 0, 0, 0, 0, 0, 0, 0, 13, 61
"d:\workshops\eShop\.github\skills\bmad-product-brief\agents\opportunity-reviewer.md", "Markdown", 0, 0, 0, 0, 35, 0, 0, 0, 0, 0, 0, 0, 0, 0, 0, 0, 0, 0, 10, 45
"d:\workshops\eShop\.github\skills\bmad-product-brief\agents\skeptic-reviewer.md", "Markdown", 0, 0, 0, 0, 35, 0, 0, 0, 0, 0, 0, 0, 0, 0, 0, 0, 0, 0, 10, 45
"d:\workshops\eShop\.github\skills\bmad-product-brief\agents\web-researcher.md", "Markdown", 0, 0, 0, 0, 39, 0, 0, 0, 0, 0, 0, 0, 0, 0, 0, 0, 0, 0, 11, 50
"d:\workshops\eShop\.github\skills\bmad-product-brief\bmad-manifest.json", "JSON", 17, 0, 0, 0, 0, 0, 0, 0, 0, 0, 0, 0, 0, 0, 0, 0, 0, 0, 1, 18
"d:\workshops\eShop\.github\skills\bmad-product-brief\prompts\contextual-discovery.md", "Markdown", 0, 0, 0, 0, 39, 0, 0, 0, 0, 0, 0, 0, 0, 0, 0, 0, 0, 0, 19, 58
"d:\workshops\eShop\.github\skills\bmad-product-brief\prompts\draft-and-review.md", "Markdown", 0, 0, 0, 0, 57, 0, 0, 0, 0, 0, 0, 0, 0, 0, 0, 0, 0, 0, 30, 87
"d:\workshops\eShop\.github\skills\bmad-product-brief\prompts\finalize.md", "Markdown", 0, 0, 0, 0, 57, 0, 0, 0, 0, 0, 0, 0, 0, 0, 0, 0, 0, 0, 19, 76
"d:\workshops\eShop\.github\skills\bmad-product-brief\prompts\guided-elicitation.md", "Markdown", 0, 0, 0, 0, 49, 0, 0, 0, 0, 0, 0, 0, 0, 0, 0, 0, 0, 0, 22, 71
"d:\workshops\eShop\.github\skills\bmad-product-brief\resources\brief-template.md", "Markdown", 0, 0, 0, 0, 38, 0, 0, 0, 0, 0, 0, 0, 0, 0, 0, 0, 0, 0, 23, 61
"d:\workshops\eShop\.github\skills\bmad-qa-generate-e2e-tests\SKILL.md", "Skill", 0, 0, 0, 0, 0, 0, 0, 0, 5, 0, 0, 0, 0, 0, 0, 0, 0, 0, 2, 7
"d:\workshops\eShop\.github\skills\bmad-qa-generate-e2e-tests\checklist.md", "Markdown", 0, 0, 0, 0, 22, 0, 0, 0, 0, 0, 0, 0, 0, 0, 0, 0, 0, 0, 12, 34
"d:\workshops\eShop\.github\skills\bmad-qa-generate-e2e-tests\workflow.md", "Markdown", 0, 0, 0, 0, 88, 0, 0, 0, 0, 0, 0, 0, 0, 0, 0, 0, 0, 0, 49, 137
"d:\workshops\eShop\.github\skills\bmad-quick-dev\SKILL.md", "Skill", 0, 0, 0, 0, 0, 0, 0, 0, 5, 0, 0, 0, 0, 0, 0, 0, 0, 0, 2, 7
"d:\workshops\eShop\.github\skills\bmad-quick-dev\spec-template.md", "Markdown", 0, 0, 0, 0, 37, 0, 0, 0, 0, 0, 0, 0, 0, 0, 0, 0, 0, 20, 32, 89
"d:\workshops\eShop\.github\skills\bmad-quick-dev\step-01-clarify-and-route.md", "Markdown", 0, 0, 0, 0, 48, 0, 0, 0, 0, 0, 0, 0, 0, 0, 0, 0, 0, 0, 17, 65
"d:\workshops\eShop\.github\skills\bmad-quick-dev\step-02-plan.md", "Markdown", 0, 0, 0, 0, 24, 0, 0, 0, 0, 0, 0, 0, 0, 0, 0, 0, 0, 0, 12, 36
"d:\workshops\eShop\.github\skills\bmad-quick-dev\step-03-implement.md", "Markdown", 0, 0, 0, 0, 21, 0, 0, 0, 0, 0, 0, 0, 0, 0, 0, 0, 0, 0, 17, 38
"d:\workshops\eShop\.github\skills\bmad-quick-dev\step-04-review.md", "Markdown", 0, 0, 0, 0, 34, 0, 0, 0, 0, 0, 0, 0, 0, 0, 0, 0, 0, 0, 16, 50
"d:\workshops\eShop\.github\skills\bmad-quick-dev\step-05-present.md", "Markdown", 0, 0, 0, 0, 42, 0, 0, 0, 0, 0, 0, 0, 0, 0, 0, 0, 0, 0, 22, 64
"d:\workshops\eShop\.github\skills\bmad-quick-dev\step-oneshot.md", "Markdown", 0, 0, 0, 0, 31, 0, 0, 0, 0, 0, 0, 0, 0, 0, 0, 0, 0, 0, 19, 50
"d:\workshops\eShop\.github\skills\bmad-quick-dev\workflow.md", "Markdown", 0, 0, 0, 0, 50, 0, 0, 0, 0, 0, 0, 0, 0, 0, 0, 0, 0, 0, 30, 80
"d:\workshops\eShop\.github\skills\bmad-retrospective\SKILL.md", "Skill", 0, 0, 0, 0, 0, 0, 0, 0, 5, 0, 0, 0, 0, 0, 0, 0, 0, 0, 2, 7
"d:\workshops\eShop\.github\skills\bmad-retrospective\workflow.md", "Markdown", 0, 0, 0, 0, 986, 0, 0, 0, 0, 0, 0, 0, 0, 0, 0, 0, 0, 0, 494, 1480
"d:\workshops\eShop\.github\skills\bmad-review-adversarial-general\SKILL.md", "Skill", 0, 0, 0, 0, 0, 0, 0, 0, 22, 0, 0, 0, 0, 0, 0, 0, 0, 0, 16, 38
"d:\workshops\eShop\.github\skills\bmad-review-edge-case-hunter\SKILL.md", "Skill", 0, 0, 0, 0, 0, 0, 0, 0, 43, 0, 0, 0, 0, 0, 0, 0, 0, 0, 25, 68
"d:\workshops\eShop\.github\skills\bmad-shard-doc\SKILL.md", "Skill", 0, 0, 0, 0, 0, 0, 0, 0, 78, 0, 0, 0, 0, 0, 0, 0, 0, 0, 28, 106
"d:\workshops\eShop\.github\skills\bmad-sprint-planning\SKILL.md", "Skill", 0, 0, 0, 0, 0, 0, 0, 0, 5, 0, 0, 0, 0, 0, 0, 0, 0, 0, 2, 7
"d:\workshops\eShop\.github\skills\bmad-sprint-planning\checklist.md", "Markdown", 0, 0, 0, 0, 25, 0, 0, 0, 0, 0, 0, 0, 0, 0, 0, 0, 0, 0, 9, 34
"d:\workshops\eShop\.github\skills\bmad-sprint-planning\sprint-status-template.yaml", "YAML", 0, 18, 0, 0, 0, 0, 0, 0, 0, 0, 0, 0, 0, 0, 0, 0, 0, 32, 7, 57
"d:\workshops\eShop\.github\skills\bmad-sprint-planning\workflow.md", "Markdown", 0, 0, 0, 0, 193, 0, 0, 0, 0, 0, 0, 0, 0, 0, 0, 0, 0, 0, 71, 264
"d:\workshops\eShop\.github\skills\bmad-sprint-status\SKILL.md", "Skill", 0, 0, 0, 0, 0, 0, 0, 0, 5, 0, 0, 0, 0, 0, 0, 0, 0, 0, 2, 7
"d:\workshops\eShop\.github\skills\bmad-sprint-status\workflow.md", "Markdown", 0, 0, 0, 0, 199, 0, 0, 0, 0, 0, 0, 0, 0, 0, 0, 0, 0, 6, 57, 262
"d:\workshops\eShop\.github\skills\bmad-tea\SKILL.md", "Skill", 0, 0, 0, 0, 0, 0, 0, 0, 49, 0, 0, 0, 0, 0, 0, 0, 0, 0, 22, 71
"d:\workshops\eShop\.github\skills\bmad-tea\bmad-skill-manifest.yaml", "YAML", 0, 14, 0, 0, 0, 0, 0, 0, 0, 0, 0, 0, 0, 0, 0, 0, 0, 0, 1, 15
"d:\workshops\eShop\.github\skills\bmad-tea\resources\knowledge\adr-quality-readiness-checklist.md", "Markdown", 0, 0, 0, 0, 258, 0, 0, 0, 0, 0, 0, 0, 0, 0, 0, 0, 0, 0, 120, 378
"d:\workshops\eShop\.github\skills\bmad-tea\resources\knowledge\api-request.md", "Markdown", 0, 0, 0, 0, 443, 0, 0, 0, 0, 0, 0, 0, 0, 0, 0, 0, 0, 0, 121, 564
"d:\workshops\eShop\.github\skills\bmad-tea\resources\knowledge\api-testing-patterns.md", "Markdown", 0, 0, 0, 0, 754, 0, 0, 0, 0, 0, 0, 0, 0, 0, 0, 0, 0, 0, 162, 916
"d:\workshops\eShop\.github\skills\bmad-tea\resources\knowledge\auth-session.md", "Markdown", 0, 0, 0, 0, 416, 0, 0, 0, 0, 0, 0, 0, 0, 0, 0, 0, 0, 0, 133, 549
"d:\workshops\eShop\.github\skills\bmad-tea\resources\knowledge\burn-in.md", "Markdown", 0, 0, 0, 0, 198, 0, 0, 0, 0, 0, 0, 0, 0, 0, 0, 0, 0, 0, 76, 274
"d:\workshops\eShop\.github\skills\bmad-tea\resources\knowledge\ci-burn-in.md", "Markdown", 0, 0, 0, 0, 576, 0, 0, 0, 0, 0, 0, 0, 0, 0, 0, 0, 0, 0, 142, 718
"d:\workshops\eShop\.github\skills\bmad-tea\resources\knowledge\component-tdd.md", "Markdown", 0, 0, 0, 0, 380, 0, 0, 0, 0, 0, 0, 0, 0, 0, 0, 0, 0, 0, 107, 487
"d:\workshops\eShop\.github\skills\bmad-tea\resources\knowledge\contract-testing.md", "Markdown", 0, 0, 0, 0, 882, 0, 0, 0, 0, 0, 0, 0, 0, 0, 0, 0, 0, 0, 169, 1051
"d:\workshops\eShop\.github\skills\bmad-tea\resources\knowledge\data-factories.md", "Markdown", 0, 0, 0, 0, 392, 0, 0, 0, 0, 0, 0, 0, 0, 0, 0, 0, 0, 0, 109, 501
"d:\workshops\eShop\.github\skills\bmad-tea\resources\knowledge\email-auth.md", "Markdown", 0, 0, 0, 0, 564, 0, 0, 0, 0, 0, 0, 0, 0, 0, 0, 0, 0, 0, 158, 722
"d:\workshops\eShop\.github\skills\bmad-tea\resources\knowledge\error-handling.md", "Markdown", 0, 0, 0, 0, 579, 0, 0, 0, 0, 0, 0, 0, 0, 0, 0, 0, 0, 0, 147, 726
"d:\workshops\eShop\.github\skills\bmad-tea\resources\knowledge\feature-flags.md", "Markdown", 0, 0, 0, 0, 620, 0, 0, 0, 0, 0, 0, 0, 0, 0, 0, 0, 0, 0, 131, 751
"d:\workshops\eShop\.github\skills\bmad-tea\resources\knowledge\file-utils.md", "Markdown", 0, 0, 0, 0, 342, 0, 0, 0, 0, 0, 0, 0, 0, 0, 0, 0, 0, 0, 115, 457
"d:\workshops\eShop\.github\skills\bmad-tea\resources\knowledge\fixture-architecture.md", "Markdown", 0, 0, 0, 0, 316, 0, 0, 0, 0, 0, 0, 0, 0, 0, 0, 0, 0, 0, 86, 402
"d:\workshops\eShop\.github\skills\bmad-tea\resources\knowledge\fixtures-composition.md", "Markdown", 0, 0, 0, 0, 292, 0, 0, 0, 0, 0, 0, 0, 0, 0, 0, 0, 0, 0, 91, 383
"d:\workshops\eShop\.github\skills\bmad-tea\resources\knowledge\intercept-network-call.md", "Markdown", 0, 0, 0, 0, 318, 0, 0, 0, 0, 0, 0, 0, 0, 0, 0, 0, 0, 0, 109, 427
"d:\workshops\eShop\.github\skills\bmad-tea\resources\knowledge\log.md", "Markdown", 0, 0, 0, 0, 320, 0, 0, 0, 0, 0, 0, 0, 0, 0, 0, 0, 0, 0, 107, 427
"d:\workshops\eShop\.github\skills\bmad-tea\resources\knowledge\network-error-monitor.md", "Markdown", 0, 0, 0, 0, 289, 0, 0, 0, 0, 0, 0, 0, 0, 0, 0, 0, 0, 0, 113, 402
"d:\workshops\eShop\.github\skills\bmad-tea\resources\knowledge\network-first.md", "Markdown", 0, 0, 0, 0, 378, 0, 0, 0, 0, 0, 0, 0, 0, 0, 0, 0, 0, 0, 109, 487
"d:\workshops\eShop\.github\skills\bmad-tea\resources\knowledge\network-recorder.md", "Markdown", 0, 0, 0, 0, 384, 0, 0, 0, 0, 0, 0, 0, 0, 0, 0, 0, 0, 0, 144, 528
"d:\workshops\eShop\.github\skills\bmad-tea\resources\knowledge\nfr-criteria.md", "Markdown", 0, 0, 0, 0, 515, 0, 0, 0, 0, 0, 0, 0, 0, 0, 0, 0, 0, 0, 156, 671
"d:\workshops\eShop\.github\skills\bmad-tea\resources\knowledge\overview.md", "Markdown", 0, 0, 0, 0, 204, 0, 0, 0, 0, 0, 0, 0, 0, 0, 0, 0, 0, 0, 83, 287
"d:\workshops\eShop\.github\skills\bmad-tea\resources\knowledge\pact-consumer-di.md", "Markdown", 0, 0, 0, 0, 238, 0, 0, 0, 0, 0, 0, 0, 0, 0, 0, 0, 0, 0, 73, 311
"d:\workshops\eShop\.github\skills\bmad-tea\resources\knowledge\pact-consumer-framework-setup.md", "Markdown", 0, 0, 0, 0, 495, 0, 0, 0, 0, 0, 0, 0, 0, 0, 0, 0, 0, 0, 141, 636
"d:\workshops\eShop\.github\skills\bmad-tea\resources\knowledge\pact-mcp.md", "Markdown", 0, 0, 0, 0, 152, 0, 0, 0, 0, 0, 0, 0, 0, 0, 0, 0, 0, 0, 53, 205
"d:\workshops\eShop\.github\skills\bmad-tea\resources\knowledge\pactjs-utils-consumer-helpers.md", "Markdown", 0, 0, 0, 0, 216, 0, 0, 0, 0, 0, 0, 0, 0, 0, 0, 0, 0, 0, 55, 271
"d:\workshops\eShop\.github\skills\bmad-tea\resources\knowledge\pactjs-utils-overview.md", "Markdown", 0, 0, 0, 0, 174, 0, 0, 0, 0, 0, 0, 0, 0, 0, 0, 0, 0, 0, 43, 217
"d:\workshops\eShop\.github\skills\bmad-tea\resources\knowledge\pactjs-utils-provider-verifier.md", "Markdown", 0, 0, 0, 0, 258, 0, 0, 0, 0, 0, 0, 0, 0, 0, 0, 0, 0, 0, 58, 316
"d:\workshops\eShop\.github\skills\bmad-tea\resources\knowledge\pactjs-utils-request-filter.md", "Markdown", 0, 0, 0, 0, 177, 0, 0, 0, 0, 0, 0, 0, 0, 0, 0, 0, 0, 0, 48, 225
"d:\workshops\eShop\.github\skills\bmad-tea\resources\knowledge\playwright-cli.md", "Markdown", 0, 0, 0, 0, 138, 0, 0, 0, 0, 0, 0, 0, 0, 0, 0, 0, 0, 0, 55, 193
"d:\workshops\eShop\.github\skills\bmad-tea\resources\knowledge\playwright-config.md", "Markdown", 0, 0, 0, 0, 591, 0, 0, 0, 0, 0, 0, 0, 0, 0, 0, 0, 0, 0, 144, 735
"d:\workshops\eShop\.github\skills\bmad-tea\resources\knowledge\probability-impact.md", "Markdown", 0, 0, 0, 0, 496, 0, 0, 0, 0, 0, 0, 0, 0, 0, 0, 0, 0, 0, 106, 602
"d:\workshops\eShop\.github\skills\bmad-tea\resources\knowledge\recurse.md", "Markdown", 0, 0, 0, 0, 327, 0, 0, 0, 0, 0, 0, 0, 0, 0, 0, 0, 0, 0, 95, 422
"d:\workshops\eShop\.github\skills\bmad-tea\resources\knowledge\risk-governance.md", "Markdown", 0, 0, 0, 0, 499, 0, 0, 0, 0, 0, 0, 0, 0, 0, 0, 0, 0, 0, 117, 616
"d:\workshops\eShop\.github\skills\bmad-tea\resources\knowledge\selective-testing.md", "Markdown", 0, 0, 0, 0, 598, 0, 0, 0, 0, 0, 0, 0, 0, 0, 0, 0, 0, 0, 135, 733
"d:\workshops\eShop\.github\skills\bmad-tea\resources\knowledge\selector-resilience.md", "Markdown", 0, 0, 0, 0, 378, 0, 0, 0, 0, 0, 0, 0, 0, 0, 0, 0, 0, 0, 150, 528
"d:\workshops\eShop\.github\skills\bmad-tea\resources\knowledge\test-healing-patterns.md", "Markdown", 0, 0, 0, 0, 494, 0, 0, 0, 0, 0, 0, 0, 0, 0, 0, 0, 0, 0, 151, 645
"d:\workshops\eShop\.github\skills\bmad-tea\resources\knowledge\test-levels-framework.md", "Markdown", 0, 0, 0, 0, 357, 0, 0, 0, 0, 0, 0, 0, 0, 0, 0, 0, 0, 1, 116, 474
"d:\workshops\eShop\.github\skills\bmad-tea\resources\knowledge\test-priorities-matrix.md", "Markdown", 0, 0, 0, 0, 281, 0, 0, 0, 0, 0, 0, 0, 0, 0, 0, 0, 0, 1, 92, 374
"d:\workshops\eShop\.github\skills\bmad-tea\resources\knowledge\test-quality.md", "Markdown", 0, 0, 0, 0, 517, 0, 0, 0, 0, 0, 0, 0, 0, 0, 0, 0, 0, 0, 148, 665
"d:\workshops\eShop\.github\skills\bmad-tea\resources\knowledge\timing-debugging.md", "Markdown", 0, 0, 0, 0, 272, 0, 0, 0, 0, 0, 0, 0, 0, 0, 0, 0, 0, 0, 101, 373
"d:\workshops\eShop\.github\skills\bmad-tea\resources\knowledge\visual-debugging.md", "Markdown", 0, 0, 0, 0, 392, 0, 0, 0, 0, 0, 0, 0, 0, 0, 0, 0, 0, 0, 136, 528
"d:\workshops\eShop\.github\skills\bmad-tea\resources\tea-index.csv", "CSV", 0, 0, 0, 0, 0, 0, 0, 43, 0, 0, 0, 0, 0, 0, 0, 0, 0, 0, 1, 44
"d:\workshops\eShop\.github\skills\bmad-teach-me-testing\SKILL.md", "Skill", 0, 0, 0, 0, 0, 0, 0, 0, 5, 0, 0, 0, 0, 0, 0, 0, 0, 0, 2, 7
"d:\workshops\eShop\.github\skills\bmad-teach-me-testing\bmad-skill-manifest.yaml", "YAML", 0, 1, 0, 0, 0, 0, 0, 0, 0, 0, 0, 0, 0, 0, 0, 0, 0, 0, 1, 2
"d:\workshops\eShop\.github\skills\bmad-teach-me-testing\checklist.md", "Markdown", 0, 0, 0, 0, 136, 0, 0, 0, 0, 0, 0, 0, 0, 0, 0, 0, 0, 0, 62, 198
"d:\workshops\eShop\.github\skills\bmad-teach-me-testing\data\curriculum.yaml", "YAML", 0, 114, 0, 0, 0, 0, 0, 0, 0, 0, 0, 0, 0, 0, 0, 0, 0, 4, 12, 130
"d:\workshops\eShop\.github\skills\bmad-teach-me-testing\data\quiz-questions.yaml", "YAML", 0, 183, 0, 0, 0, 0, 0, 0, 0, 0, 0, 0, 0, 0, 0, 0, 0, 4, 20, 207
"d:\workshops\eShop\.github\skills\bmad-teach-me-testing\data\role-paths.yaml", "YAML", 0, 125, 0, 0, 0, 0, 0, 0, 0, 0, 0, 0, 0, 0, 0, 0, 0, 3, 9, 137
"d:\workshops\eShop\.github\skills\bmad-teach-me-testing\data\session-content-map.yaml", "YAML", 0, 204, 0, 0, 0, 0, 0, 0, 0, 0, 0, 0, 0, 0, 0, 0, 0, 2, 14, 220
"d:\workshops\eShop\.github\skills\bmad-teach-me-testing\data\tea-resources-index.yaml", "YAML", 0, 311, 0, 0, 0, 0, 0, 0, 0, 0, 0, 0, 0, 0, 0, 0, 0, 6, 78, 395
"d:\workshops\eShop\.github\skills\bmad-teach-me-testing\instructions.md", "Markdown", 0, 0, 0, 0, 87, 0, 0, 0, 0, 0, 0, 0, 0, 0, 0, 0, 0, 0, 44, 131
"d:\workshops\eShop\.github\skills\bmad-teach-me-testing\steps-c\step-01-init.md", "Markdown", 0, 0, 0, 0, 169, 0, 0, 0, 0, 0, 0, 0, 0, 0, 0, 0, 0, 0, 67, 236
"d:\workshops\eShop\.github\skills\bmad-teach-me-testing\steps-c\step-01b-continue.md", "Markdown", 0, 0, 0, 0, 99, 0, 0, 0, 0, 0, 0, 0, 0, 0, 0, 0, 0, 0, 49, 148
"d:\workshops\eShop\.github\skills\bmad-teach-me-testing\steps-c\step-02-assess.md", "Markdown", 0, 0, 0, 0, 163, 0, 0, 0, 0, 0, 0, 0, 0, 0, 0, 0, 0, 0, 96, 259
"d:\workshops\eShop\.github\skills\bmad-teach-me-testing\steps-c\step-03-session-menu.md", "Markdown", 0, 0, 0, 0, 154, 0, 0, 0, 0, 0, 0, 0, 0, 0, 0, 0, 0, 0, 66, 220
"d:\workshops\eShop\.github\skills\bmad-teach-me-testing\steps-c\step-04-session-01.md", "Markdown", 0, 0, 0, 0, 298, 0, 0, 0, 0, 0, 0, 0, 0, 0, 0, 0, 0, 0, 163, 461
"d:\workshops\eShop\.github\skills\bmad-teach-me-testing\steps-c\step-04-session-02.md", "Markdown", 0, 0, 0, 0, 301, 0, 0, 0, 0, 0, 0, 0, 0, 0, 0, 0, 0, 0, 165, 466
"d:\workshops\eShop\.github\skills\bmad-teach-me-testing\steps-c\step-04-session-03.md", "Markdown", 0, 0, 0, 0, 203, 0, 0, 0, 0, 0, 0, 0, 0, 0, 0, 0, 0, 0, 99, 302
"d:\workshops\eShop\.github\skills\bmad-teach-me-testing\steps-c\step-04-session-04.md", "Markdown", 0, 0, 0, 0, 149, 0, 0, 0, 0, 0, 0, 0, 0, 0, 0, 0, 0, 0, 86, 235
"d:\workshops\eShop\.github\skills\bmad-teach-me-testing\steps-c\step-04-session-05.md", "Markdown", 0, 0, 0, 0, 153, 0, 0, 0, 0, 0, 0, 0, 0, 0, 0, 0, 0, 0, 82, 235
"d:\workshops\eShop\.github\skills\bmad-teach-me-testing\steps-c\step-04-session-06.md", "Markdown", 0, 0, 0, 0, 133, 0, 0, 0, 0, 0, 0, 0, 0, 0, 0, 0, 0, 0, 77, 210
"d:\workshops\eShop\.github\skills\bmad-teach-me-testing\steps-c\step-04-session-07.md", "Markdown", 0, 0, 0, 0, 149, 0, 0, 0, 0, 0, 0, 0, 0, 0, 0, 0, 0, 0, 72, 221
"d:\workshops\eShop\.github\skills\bmad-teach-me-testing\steps-c\step-05-completion.md", "Markdown", 0, 0, 0, 0, 223, 0, 0, 0, 0, 0, 0, 0, 0, 0, 0, 0, 0, 0, 117, 340
"d:\workshops\eShop\.github\skills\bmad-teach-me-testing\steps-e\step-e-01-assess-workflow.md", "Markdown", 0, 0, 0, 0, 88, 0, 0, 0, 0, 0, 0, 0, 0, 0, 0, 0, 0, 0, 54, 142
"d:\workshops\eShop\.github\skills\bmad-teach-me-testing\steps-e\step-e-02-apply-edits.md", "Markdown", 0, 0, 0, 0, 75, 0, 0, 0, 0, 0, 0, 0, 0, 0, 0, 0, 0, 0, 48, 123
"d:\workshops\eShop\.github\skills\bmad-teach-me-testing\steps-v\step-v-01-validate.md", "Markdown", 0, 0, 0, 0, 168, 0, 0, 0, 0, 0, 0, 0, 0, 0, 0, 0, 0, 0, 96, 264
"d:\workshops\eShop\.github\skills\bmad-teach-me-testing\templates\certificate-template.md", "Markdown", 0, 0, 0, 0, 59, 0, 0, 0, 0, 0, 0, 0, 0, 0, 0, 0, 0, 0, 28, 87
"d:\workshops\eShop\.github\skills\bmad-teach-me-testing\templates\progress-template.yaml", "YAML", 0, 75, 0, 0, 0, 0, 0, 0, 0, 0, 0, 0, 0, 0, 0, 0, 0, 8, 13, 96
"d:\workshops\eShop\.github\skills\bmad-teach-me-testing\templates\session-notes-template.md", "Markdown", 0, 0, 0, 0, 48, 0, 0, 0, 0, 0, 0, 0, 0, 0, 0, 0, 0, 0, 36, 84
"d:\workshops\eShop\.github\skills\bmad-teach-me-testing\workflow-plan-teach-me-testing.md", "Markdown", 0, 0, 0, 0, 706, 0, 0, 0, 0, 0, 0, 0, 0, 0, 0, 0, 0, 0, 245, 951
"d:\workshops\eShop\.github\skills\bmad-teach-me-testing\workflow.md", "Markdown", 0, 0, 0, 0, 61, 0, 0, 0, 0, 0, 0, 0, 0, 0, 0, 0, 0, 0, 30, 91
"d:\workshops\eShop\.github\skills\bmad-technical-research\SKILL.md", "Skill", 0, 0, 0, 0, 0, 0, 0, 0, 5, 0, 0, 0, 0, 0, 0, 0, 0, 0, 2, 7
"d:\workshops\eShop\.github\skills\bmad-technical-research\research.template.md", "Markdown", 0, 0, 0, 0, 21, 0, 0, 0, 0, 0, 0, 0, 0, 0, 0, 0, 0, 1, 8, 30
"d:\workshops\eShop\.github\skills\bmad-technical-research\technical-steps\step-01-init.md", "Markdown", 0, 0, 0, 0, 95, 0, 0, 0, 0, 0, 0, 0, 0, 0, 0, 0, 0, 0, 43, 138
"d:\workshops\eShop\.github\skills\bmad-technical-research\technical-steps\step-02-technical-overview.md", "Markdown", 0, 0, 0, 0, 169, 0, 0, 0, 0, 0, 0, 0, 0, 0, 0, 0, 0, 0, 71, 240
"d:\workshops\eShop\.github\skills\bmad-technical-research\technical-steps\step-03-integration-patterns.md", "Markdown", 0, 0, 0, 0, 176, 0, 0, 0, 0, 0, 0, 0, 0, 0, 0, 0, 0, 0, 73, 249
"d:\workshops\eShop\.github\skills\bmad-technical-research\technical-steps\step-04-architectural-patterns.md", "Markdown", 0, 0, 0, 0, 135, 0, 0, 0, 0, 0, 0, 0, 0, 0, 0, 0, 0, 0, 68, 203
"d:\workshops\eShop\.github\skills\bmad-technical-research\technical-steps\step-05-implementation-research.md", "Markdown", 0, 0, 0, 0, 153, 0, 0, 0, 0, 0, 0, 0, 0, 0, 0, 0, 0, 0, 81, 234
"d:\workshops\eShop\.github\skills\bmad-technical-research\technical-steps\step-06-research-synthesis.md", "Markdown", 0, 0, 0, 0, 346, 0, 0, 0, 0, 0, 0, 0, 0, 0, 0, 0, 0, 0, 142, 488
"d:\workshops\eShop\.github\skills\bmad-technical-research\workflow.md", "Markdown", 0, 0, 0, 0, 32, 0, 0, 0, 0, 0, 0, 0, 0, 0, 0, 0, 0, 0, 19, 51
"d:\workshops\eShop\.github\skills\bmad-testarch-atdd\SKILL.md", "Skill", 0, 0, 0, 0, 0, 0, 0, 0, 5, 0, 0, 0, 0, 0, 0, 0, 0, 0, 2, 7
"d:\workshops\eShop\.github\skills\bmad-testarch-atdd\atdd-checklist-template.md", "Markdown", 0, 0, 0, 0, 240, 0, 0, 0, 0, 0, 0, 0, 0, 0, 0, 0, 0, 0, 132, 372
"d:\workshops\eShop\.github\skills\bmad-testarch-atdd\bmad-skill-manifest.yaml", "YAML", 0, 1, 0, 0, 0, 0, 0, 0, 0, 0, 0, 0, 0, 0, 0, 0, 0, 0, 1, 2
"d:\workshops\eShop\.github\skills\bmad-testarch-atdd\checklist.md", "Markdown", 0, 0, 0, 0, 279, 0, 0, 0, 0, 0, 0, 0, 0, 0, 0, 0, 0, 0, 96, 375
"d:\workshops\eShop\.github\skills\bmad-testarch-atdd\instructions.md", "Markdown", 0, 0, 0, 0, 24, 0, 0, 0, 0, 0, 0, 0, 0, 0, 0, 0, 0, 1, 20, 45
"d:\workshops\eShop\.github\skills\bmad-testarch-atdd\resources\knowledge\adr-quality-readiness-checklist.md", "Markdown", 0, 0, 0, 0, 258, 0, 0, 0, 0, 0, 0, 0, 0, 0, 0, 0, 0, 0, 120, 378
"d:\workshops\eShop\.github\skills\bmad-testarch-atdd\resources\knowledge\api-request.md", "Markdown", 0, 0, 0, 0, 443, 0, 0, 0, 0, 0, 0, 0, 0, 0, 0, 0, 0, 0, 121, 564
"d:\workshops\eShop\.github\skills\bmad-testarch-atdd\resources\knowledge\api-testing-patterns.md", "Markdown", 0, 0, 0, 0, 754, 0, 0, 0, 0, 0, 0, 0, 0, 0, 0, 0, 0, 0, 162, 916
"d:\workshops\eShop\.github\skills\bmad-testarch-atdd\resources\knowledge\auth-session.md", "Markdown", 0, 0, 0, 0, 416, 0, 0, 0, 0, 0, 0, 0, 0, 0, 0, 0, 0, 0, 133, 549
"d:\workshops\eShop\.github\skills\bmad-testarch-atdd\resources\knowledge\burn-in.md", "Markdown", 0, 0, 0, 0, 198, 0, 0, 0, 0, 0, 0, 0, 0, 0, 0, 0, 0, 0, 76, 274
"d:\workshops\eShop\.github\skills\bmad-testarch-atdd\resources\knowledge\ci-burn-in.md", "Markdown", 0, 0, 0, 0, 576, 0, 0, 0, 0, 0, 0, 0, 0, 0, 0, 0, 0, 0, 142, 718
"d:\workshops\eShop\.github\skills\bmad-testarch-atdd\resources\knowledge\component-tdd.md", "Markdown", 0, 0, 0, 0, 380, 0, 0, 0, 0, 0, 0, 0, 0, 0, 0, 0, 0, 0, 107, 487
"d:\workshops\eShop\.github\skills\bmad-testarch-atdd\resources\knowledge\contract-testing.md", "Markdown", 0, 0, 0, 0, 882, 0, 0, 0, 0, 0, 0, 0, 0, 0, 0, 0, 0, 0, 169, 1051
"d:\workshops\eShop\.github\skills\bmad-testarch-atdd\resources\knowledge\data-factories.md", "Markdown", 0, 0, 0, 0, 392, 0, 0, 0, 0, 0, 0, 0, 0, 0, 0, 0, 0, 0, 109, 501
"d:\workshops\eShop\.github\skills\bmad-testarch-atdd\resources\knowledge\email-auth.md", "Markdown", 0, 0, 0, 0, 564, 0, 0, 0, 0, 0, 0, 0, 0, 0, 0, 0, 0, 0, 158, 722
"d:\workshops\eShop\.github\skills\bmad-testarch-atdd\resources\knowledge\error-handling.md", "Markdown", 0, 0, 0, 0, 579, 0, 0, 0, 0, 0, 0, 0, 0, 0, 0, 0, 0, 0, 147, 726
"d:\workshops\eShop\.github\skills\bmad-testarch-atdd\resources\knowledge\feature-flags.md", "Markdown", 0, 0, 0, 0, 620, 0, 0, 0, 0, 0, 0, 0, 0, 0, 0, 0, 0, 0, 131, 751
"d:\workshops\eShop\.github\skills\bmad-testarch-atdd\resources\knowledge\file-utils.md", "Markdown", 0, 0, 0, 0, 342, 0, 0, 0, 0, 0, 0, 0, 0, 0, 0, 0, 0, 0, 115, 457
"d:\workshops\eShop\.github\skills\bmad-testarch-atdd\resources\knowledge\fixture-architecture.md", "Markdown", 0, 0, 0, 0, 316, 0, 0, 0, 0, 0, 0, 0, 0, 0, 0, 0, 0, 0, 86, 402
"d:\workshops\eShop\.github\skills\bmad-testarch-atdd\resources\knowledge\fixtures-composition.md", "Markdown", 0, 0, 0, 0, 292, 0, 0, 0, 0, 0, 0, 0, 0, 0, 0, 0, 0, 0, 91, 383
"d:\workshops\eShop\.github\skills\bmad-testarch-atdd\resources\knowledge\intercept-network-call.md", "Markdown", 0, 0, 0, 0, 318, 0, 0, 0, 0, 0, 0, 0, 0, 0, 0, 0, 0, 0, 109, 427
"d:\workshops\eShop\.github\skills\bmad-testarch-atdd\resources\knowledge\log.md", "Markdown", 0, 0, 0, 0, 320, 0, 0, 0, 0, 0, 0, 0, 0, 0, 0, 0, 0, 0, 107, 427
"d:\workshops\eShop\.github\skills\bmad-testarch-atdd\resources\knowledge\network-error-monitor.md", "Markdown", 0, 0, 0, 0, 289, 0, 0, 0, 0, 0, 0, 0, 0, 0, 0, 0, 0, 0, 113, 402
"d:\workshops\eShop\.github\skills\bmad-testarch-atdd\resources\knowledge\network-first.md", "Markdown", 0, 0, 0, 0, 378, 0, 0, 0, 0, 0, 0, 0, 0, 0, 0, 0, 0, 0, 109, 487
"d:\workshops\eShop\.github\skills\bmad-testarch-atdd\resources\knowledge\network-recorder.md", "Markdown", 0, 0, 0, 0, 384, 0, 0, 0, 0, 0, 0, 0, 0, 0, 0, 0, 0, 0, 144, 528
"d:\workshops\eShop\.github\skills\bmad-testarch-atdd\resources\knowledge\nfr-criteria.md", "Markdown", 0, 0, 0, 0, 515, 0, 0, 0, 0, 0, 0, 0, 0, 0, 0, 0, 0, 0, 156, 671
"d:\workshops\eShop\.github\skills\bmad-testarch-atdd\resources\knowledge\overview.md", "Markdown", 0, 0, 0, 0, 204, 0, 0, 0, 0, 0, 0, 0, 0, 0, 0, 0, 0, 0, 83, 287
"d:\workshops\eShop\.github\skills\bmad-testarch-atdd\resources\knowledge\pact-consumer-di.md", "Markdown", 0, 0, 0, 0, 238, 0, 0, 0, 0, 0, 0, 0, 0, 0, 0, 0, 0, 0, 73, 311
"d:\workshops\eShop\.github\skills\bmad-testarch-atdd\resources\knowledge\pact-consumer-framework-setup.md", "Markdown", 0, 0, 0, 0, 495, 0, 0, 0, 0, 0, 0, 0, 0, 0, 0, 0, 0, 0, 141, 636
"d:\workshops\eShop\.github\skills\bmad-testarch-atdd\resources\knowledge\pact-mcp.md", "Markdown", 0, 0, 0, 0, 152, 0, 0, 0, 0, 0, 0, 0, 0, 0, 0, 0, 0, 0, 53, 205
"d:\workshops\eShop\.github\skills\bmad-testarch-atdd\resources\knowledge\pactjs-utils-consumer-helpers.md", "Markdown", 0, 0, 0, 0, 216, 0, 0, 0, 0, 0, 0, 0, 0, 0, 0, 0, 0, 0, 55, 271
"d:\workshops\eShop\.github\skills\bmad-testarch-atdd\resources\knowledge\pactjs-utils-overview.md", "Markdown", 0, 0, 0, 0, 174, 0, 0, 0, 0, 0, 0, 0, 0, 0, 0, 0, 0, 0, 43, 217
"d:\workshops\eShop\.github\skills\bmad-testarch-atdd\resources\knowledge\pactjs-utils-provider-verifier.md", "Markdown", 0, 0, 0, 0, 258, 0, 0, 0, 0, 0, 0, 0, 0, 0, 0, 0, 0, 0, 58, 316
"d:\workshops\eShop\.github\skills\bmad-testarch-atdd\resources\knowledge\pactjs-utils-request-filter.md", "Markdown", 0, 0, 0, 0, 177, 0, 0, 0, 0, 0, 0, 0, 0, 0, 0, 0, 0, 0, 48, 225
"d:\workshops\eShop\.github\skills\bmad-testarch-atdd\resources\knowledge\playwright-cli.md", "Markdown", 0, 0, 0, 0, 138, 0, 0, 0, 0, 0, 0, 0, 0, 0, 0, 0, 0, 0, 55, 193
"d:\workshops\eShop\.github\skills\bmad-testarch-atdd\resources\knowledge\playwright-config.md", "Markdown", 0, 0, 0, 0, 591, 0, 0, 0, 0, 0, 0, 0, 0, 0, 0, 0, 0, 0, 144, 735
"d:\workshops\eShop\.github\skills\bmad-testarch-atdd\resources\knowledge\probability-impact.md", "Markdown", 0, 0, 0, 0, 496, 0, 0, 0, 0, 0, 0, 0, 0, 0, 0, 0, 0, 0, 106, 602
"d:\workshops\eShop\.github\skills\bmad-testarch-atdd\resources\knowledge\recurse.md", "Markdown", 0, 0, 0, 0, 327, 0, 0, 0, 0, 0, 0, 0, 0, 0, 0, 0, 0, 0, 95, 422
"d:\workshops\eShop\.github\skills\bmad-testarch-atdd\resources\knowledge\risk-governance.md", "Markdown", 0, 0, 0, 0, 499, 0, 0, 0, 0, 0, 0, 0, 0, 0, 0, 0, 0, 0, 117, 616
"d:\workshops\eShop\.github\skills\bmad-testarch-atdd\resources\knowledge\selective-testing.md", "Markdown", 0, 0, 0, 0, 598, 0, 0, 0, 0, 0, 0, 0, 0, 0, 0, 0, 0, 0, 135, 733
"d:\workshops\eShop\.github\skills\bmad-testarch-atdd\resources\knowledge\selector-resilience.md", "Markdown", 0, 0, 0, 0, 378, 0, 0, 0, 0, 0, 0, 0, 0, 0, 0, 0, 0, 0, 150, 528
"d:\workshops\eShop\.github\skills\bmad-testarch-atdd\resources\knowledge\test-healing-patterns.md", "Markdown", 0, 0, 0, 0, 494, 0, 0, 0, 0, 0, 0, 0, 0, 0, 0, 0, 0, 0, 151, 645
"d:\workshops\eShop\.github\skills\bmad-testarch-atdd\resources\knowledge\test-levels-framework.md", "Markdown", 0, 0, 0, 0, 357, 0, 0, 0, 0, 0, 0, 0, 0, 0, 0, 0, 0, 1, 116, 474
"d:\workshops\eShop\.github\skills\bmad-testarch-atdd\resources\knowledge\test-priorities-matrix.md", "Markdown", 0, 0, 0, 0, 281, 0, 0, 0, 0, 0, 0, 0, 0, 0, 0, 0, 0, 1, 92, 374
"d:\workshops\eShop\.github\skills\bmad-testarch-atdd\resources\knowledge\test-quality.md", "Markdown", 0, 0, 0, 0, 517, 0, 0, 0, 0, 0, 0, 0, 0, 0, 0, 0, 0, 0, 148, 665
"d:\workshops\eShop\.github\skills\bmad-testarch-atdd\resources\knowledge\timing-debugging.md", "Markdown", 0, 0, 0, 0, 272, 0, 0, 0, 0, 0, 0, 0, 0, 0, 0, 0, 0, 0, 101, 373
"d:\workshops\eShop\.github\skills\bmad-testarch-atdd\resources\knowledge\visual-debugging.md", "Markdown", 0, 0, 0, 0, 392, 0, 0, 0, 0, 0, 0, 0, 0, 0, 0, 0, 0, 0, 136, 528
"d:\workshops\eShop\.github\skills\bmad-testarch-atdd\resources\tea-index.csv", "CSV", 0, 0, 0, 0, 0, 0, 0, 43, 0, 0, 0, 0, 0, 0, 0, 0, 0, 0, 1, 44
"d:\workshops\eShop\.github\skills\bmad-testarch-atdd\steps-c\step-01-preflight-and-context.md", "Markdown", 0, 0, 0, 0, 139, 0, 0, 0, 0, 0, 0, 0, 0, 0, 0, 0, 0, 0, 88, 227
"d:\workshops\eShop\.github\skills\bmad-testarch-atdd\steps-c\step-01b-resume.md", "Markdown", 0, 0, 0, 0, 60, 0, 0, 0, 0, 0, 0, 0, 0, 0, 0, 0, 0, 0, 37, 97
"d:\workshops\eShop\.github\skills\bmad-testarch-atdd\steps-c\step-02-generation-mode.md", "Markdown", 0, 0, 0, 0, 78, 0, 0, 0, 0, 0, 0, 0, 0, 0, 0, 0, 0, 0, 48, 126
"d:\workshops\eShop\.github\skills\bmad-testarch-atdd\steps-c\step-03-test-strategy.md", "Markdown", 0, 0, 0, 0, 70, 0, 0, 0, 0, 0, 0, 0, 0, 0, 0, 0, 0, 0, 41, 111
"d:\workshops\eShop\.github\skills\bmad-testarch-atdd\steps-c\step-04-generate-tests.md", "Markdown", 0, 0, 0, 0, 245, 0, 0, 0, 0, 0, 0, 0, 0, 0, 0, 0, 0, 0, 90, 335
"d:\workshops\eShop\.github\skills\bmad-testarch-atdd\steps-c\step-04a-subagent-api-failing.md", "Markdown", 0, 0, 0, 0, 232, 0, 0, 0, 0, 0, 0, 0, 0, 0, 0, 0, 0, 0, 63, 295
"d:\workshops\eShop\.github\skills\bmad-testarch-atdd\steps-c\step-04b-subagent-e2e-failing.md", "Markdown", 0, 0, 0, 0, 182, 0, 0, 0, 0, 0, 0, 0, 0, 0, 0, 0, 0, 0, 63, 245
"d:\workshops\eShop\.github\skills\bmad-testarch-atdd\steps-c\step-04c-aggregate.md", "Markdown", 0, 0, 0, 0, 265, 0, 0, 0, 0, 0, 0, 0, 0, 0, 0, 0, 0, 0, 106, 371
"d:\workshops\eShop\.github\skills\bmad-testarch-atdd\steps-c\step-05-validate-and-complete.md", "Markdown", 0, 0, 0, 0, 70, 0, 0, 0, 0, 0, 0, 0, 0, 0, 0, 0, 0, 0, 37, 107
"d:\workshops\eShop\.github\skills\bmad-testarch-atdd\steps-e\step-01-assess.md", "Markdown", 0, 0, 0, 0, 37, 0, 0, 0, 0, 0, 0, 0, 0, 0, 0, 0, 0, 0, 29, 66
"d:\workshops\eShop\.github\skills\bmad-testarch-atdd\steps-e\step-02-apply-edit.md", "Markdown", 0, 0, 0, 0, 33, 0, 0, 0, 0, 0, 0, 0, 0, 0, 0, 0, 0, 0, 28, 61
"d:\workshops\eShop\.github\skills\bmad-testarch-atdd\steps-v\step-01-validate.md", "Markdown", 0, 0, 0, 0, 40, 0, 0, 0, 0, 0, 0, 0, 0, 0, 0, 0, 0, 0, 28, 68
"d:\workshops\eShop\.github\skills\bmad-testarch-atdd\validation-report-20260127-095021.md", "Markdown", 0, 0, 0, 0, 51, 0, 0, 0, 0, 0, 0, 0, 0, 0, 0, 0, 0, 0, 23, 74
"d:\workshops\eShop\.github\skills\bmad-testarch-atdd\validation-report-20260127-102401.md", "Markdown", 0, 0, 0, 0, 81, 0, 0, 0, 0, 0, 0, 0, 0, 0, 0, 0, 0, 0, 36, 117
"d:\workshops\eShop\.github\skills\bmad-testarch-atdd\workflow-plan.md", "Markdown", 0, 0, 0, 0, 15, 0, 0, 0, 0, 0, 0, 0, 0, 0, 0, 0, 0, 0, 7, 22
"d:\workshops\eShop\.github\skills\bmad-testarch-atdd\workflow.md", "Markdown", 0, 0, 0, 0, 27, 0, 0, 0, 0, 0, 0, 0, 0, 0, 0, 0, 0, 0, 15, 42
"d:\workshops\eShop\.github\skills\bmad-testarch-atdd\workflow.yaml", "YAML", 0, 32, 0, 0, 0, 0, 0, 0, 0, 0, 0, 0, 0, 0, 0, 0, 0, 7, 8, 47
"d:\workshops\eShop\.github\skills\bmad-testarch-automate\SKILL.md", "Skill", 0, 0, 0, 0, 0, 0, 0, 0, 5, 0, 0, 0, 0, 0, 0, 0, 0, 0, 2, 7
"d:\workshops\eShop\.github\skills\bmad-testarch-automate\bmad-skill-manifest.yaml", "YAML", 0, 1, 0, 0, 0, 0, 0, 0, 0, 0, 0, 0, 0, 0, 0, 0, 0, 0, 1, 2
"d:\workshops\eShop\.github\skills\bmad-testarch-automate\checklist.md", "Markdown", 0, 0, 0, 0, 457, 0, 0, 0, 0, 0, 0, 0, 0, 0, 0, 0, 0, 0, 155, 612
"d:\workshops\eShop\.github\skills\bmad-testarch-automate\instructions.md", "Markdown", 0, 0, 0, 0, 27, 0, 0, 0, 0, 0, 0, 0, 0, 0, 0, 0, 0, 1, 22, 50
"d:\workshops\eShop\.github\skills\bmad-testarch-automate\resources\knowledge\adr-quality-readiness-checklist.md", "Markdown", 0, 0, 0, 0, 258, 0, 0, 0, 0, 0, 0, 0, 0, 0, 0, 0, 0, 0, 120, 378
"d:\workshops\eShop\.github\skills\bmad-testarch-automate\resources\knowledge\api-request.md", "Markdown", 0, 0, 0, 0, 443, 0, 0, 0, 0, 0, 0, 0, 0, 0, 0, 0, 0, 0, 121, 564
"d:\workshops\eShop\.github\skills\bmad-testarch-automate\resources\knowledge\api-testing-patterns.md", "Markdown", 0, 0, 0, 0, 754, 0, 0, 0, 0, 0, 0, 0, 0, 0, 0, 0, 0, 0, 162, 916
"d:\workshops\eShop\.github\skills\bmad-testarch-automate\resources\knowledge\auth-session.md", "Markdown", 0, 0, 0, 0, 416, 0, 0, 0, 0, 0, 0, 0, 0, 0, 0, 0, 0, 0, 133, 549
"d:\workshops\eShop\.github\skills\bmad-testarch-automate\resources\knowledge\burn-in.md", "Markdown", 0, 0, 0, 0, 198, 0, 0, 0, 0, 0, 0, 0, 0, 0, 0, 0, 0, 0, 76, 274
"d:\workshops\eShop\.github\skills\bmad-testarch-automate\resources\knowledge\ci-burn-in.md", "Markdown", 0, 0, 0, 0, 576, 0, 0, 0, 0, 0, 0, 0, 0, 0, 0, 0, 0, 0, 142, 718
"d:\workshops\eShop\.github\skills\bmad-testarch-automate\resources\knowledge\component-tdd.md", "Markdown", 0, 0, 0, 0, 380, 0, 0, 0, 0, 0, 0, 0, 0, 0, 0, 0, 0, 0, 107, 487
"d:\workshops\eShop\.github\skills\bmad-testarch-automate\resources\knowledge\contract-testing.md", "Markdown", 0, 0, 0, 0, 882, 0, 0, 0, 0, 0, 0, 0, 0, 0, 0, 0, 0, 0, 169, 1051
"d:\workshops\eShop\.github\skills\bmad-testarch-automate\resources\knowledge\data-factories.md", "Markdown", 0, 0, 0, 0, 392, 0, 0, 0, 0, 0, 0, 0, 0, 0, 0, 0, 0, 0, 109, 501
"d:\workshops\eShop\.github\skills\bmad-testarch-automate\resources\knowledge\email-auth.md", "Markdown", 0, 0, 0, 0, 564, 0, 0, 0, 0, 0, 0, 0, 0, 0, 0, 0, 0, 0, 158, 722
"d:\workshops\eShop\.github\skills\bmad-testarch-automate\resources\knowledge\error-handling.md", "Markdown", 0, 0, 0, 0, 579, 0, 0, 0, 0, 0, 0, 0, 0, 0, 0, 0, 0, 0, 147, 726
"d:\workshops\eShop\.github\skills\bmad-testarch-automate\resources\knowledge\feature-flags.md", "Markdown", 0, 0, 0, 0, 620, 0, 0, 0, 0, 0, 0, 0, 0, 0, 0, 0, 0, 0, 131, 751
"d:\workshops\eShop\.github\skills\bmad-testarch-automate\resources\knowledge\file-utils.md", "Markdown", 0, 0, 0, 0, 342, 0, 0, 0, 0, 0, 0, 0, 0, 0, 0, 0, 0, 0, 115, 457
"d:\workshops\eShop\.github\skills\bmad-testarch-automate\resources\knowledge\fixture-architecture.md", "Markdown", 0, 0, 0, 0, 316, 0, 0, 0, 0, 0, 0, 0, 0, 0, 0, 0, 0, 0, 86, 402
"d:\workshops\eShop\.github\skills\bmad-testarch-automate\resources\knowledge\fixtures-composition.md", "Markdown", 0, 0, 0, 0, 292, 0, 0, 0, 0, 0, 0, 0, 0, 0, 0, 0, 0, 0, 91, 383
"d:\workshops\eShop\.github\skills\bmad-testarch-automate\resources\knowledge\intercept-network-call.md", "Markdown", 0, 0, 0, 0, 318, 0, 0, 0, 0, 0, 0, 0, 0, 0, 0, 0, 0, 0, 109, 427
"d:\workshops\eShop\.github\skills\bmad-testarch-automate\resources\knowledge\log.md", "Markdown", 0, 0, 0, 0, 320, 0, 0, 0, 0, 0, 0, 0, 0, 0, 0, 0, 0, 0, 107, 427
"d:\workshops\eShop\.github\skills\bmad-testarch-automate\resources\knowledge\network-error-monitor.md", "Markdown", 0, 0, 0, 0, 289, 0, 0, 0, 0, 0, 0, 0, 0, 0, 0, 0, 0, 0, 113, 402
"d:\workshops\eShop\.github\skills\bmad-testarch-automate\resources\knowledge\network-first.md", "Markdown", 0, 0, 0, 0, 378, 0, 0, 0, 0, 0, 0, 0, 0, 0, 0, 0, 0, 0, 109, 487
"d:\workshops\eShop\.github\skills\bmad-testarch-automate\resources\knowledge\network-recorder.md", "Markdown", 0, 0, 0, 0, 384, 0, 0, 0, 0, 0, 0, 0, 0, 0, 0, 0, 0, 0, 144, 528
"d:\workshops\eShop\.github\skills\bmad-testarch-automate\resources\knowledge\nfr-criteria.md", "Markdown", 0, 0, 0, 0, 515, 0, 0, 0, 0, 0, 0, 0, 0, 0, 0, 0, 0, 0, 156, 671
"d:\workshops\eShop\.github\skills\bmad-testarch-automate\resources\knowledge\overview.md", "Markdown", 0, 0, 0, 0, 204, 0, 0, 0, 0, 0, 0, 0, 0, 0, 0, 0, 0, 0, 83, 287
"d:\workshops\eShop\.github\skills\bmad-testarch-automate\resources\knowledge\pact-consumer-di.md", "Markdown", 0, 0, 0, 0, 238, 0, 0, 0, 0, 0, 0, 0, 0, 0, 0, 0, 0, 0, 73, 311
"d:\workshops\eShop\.github\skills\bmad-testarch-automate\resources\knowledge\pact-consumer-framework-setup.md", "Markdown", 0, 0, 0, 0, 495, 0, 0, 0, 0, 0, 0, 0, 0, 0, 0, 0, 0, 0, 141, 636
"d:\workshops\eShop\.github\skills\bmad-testarch-automate\resources\knowledge\pact-mcp.md", "Markdown", 0, 0, 0, 0, 152, 0, 0, 0, 0, 0, 0, 0, 0, 0, 0, 0, 0, 0, 53, 205
"d:\workshops\eShop\.github\skills\bmad-testarch-automate\resources\knowledge\pactjs-utils-consumer-helpers.md", "Markdown", 0, 0, 0, 0, 216, 0, 0, 0, 0, 0, 0, 0, 0, 0, 0, 0, 0, 0, 55, 271
"d:\workshops\eShop\.github\skills\bmad-testarch-automate\resources\knowledge\pactjs-utils-overview.md", "Markdown", 0, 0, 0, 0, 174, 0, 0, 0, 0, 0, 0, 0, 0, 0, 0, 0, 0, 0, 43, 217
"d:\workshops\eShop\.github\skills\bmad-testarch-automate\resources\knowledge\pactjs-utils-provider-verifier.md", "Markdown", 0, 0, 0, 0, 258, 0, 0, 0, 0, 0, 0, 0, 0, 0, 0, 0, 0, 0, 58, 316
"d:\workshops\eShop\.github\skills\bmad-testarch-automate\resources\knowledge\pactjs-utils-request-filter.md", "Markdown", 0, 0, 0, 0, 177, 0, 0, 0, 0, 0, 0, 0, 0, 0, 0, 0, 0, 0, 48, 225
"d:\workshops\eShop\.github\skills\bmad-testarch-automate\resources\knowledge\playwright-cli.md", "Markdown", 0, 0, 0, 0, 138, 0, 0, 0, 0, 0, 0, 0, 0, 0, 0, 0, 0, 0, 55, 193
"d:\workshops\eShop\.github\skills\bmad-testarch-automate\resources\knowledge\playwright-config.md", "Markdown", 0, 0, 0, 0, 591, 0, 0, 0, 0, 0, 0, 0, 0, 0, 0, 0, 0, 0, 144, 735
"d:\workshops\eShop\.github\skills\bmad-testarch-automate\resources\knowledge\probability-impact.md", "Markdown", 0, 0, 0, 0, 496, 0, 0, 0, 0, 0, 0, 0, 0, 0, 0, 0, 0, 0, 106, 602
"d:\workshops\eShop\.github\skills\bmad-testarch-automate\resources\knowledge\recurse.md", "Markdown", 0, 0, 0, 0, 327, 0, 0, 0, 0, 0, 0, 0, 0, 0, 0, 0, 0, 0, 95, 422
"d:\workshops\eShop\.github\skills\bmad-testarch-automate\resources\knowledge\risk-governance.md", "Markdown", 0, 0, 0, 0, 499, 0, 0, 0, 0, 0, 0, 0, 0, 0, 0, 0, 0, 0, 117, 616
"d:\workshops\eShop\.github\skills\bmad-testarch-automate\resources\knowledge\selective-testing.md", "Markdown", 0, 0, 0, 0, 598, 0, 0, 0, 0, 0, 0, 0, 0, 0, 0, 0, 0, 0, 135, 733
"d:\workshops\eShop\.github\skills\bmad-testarch-automate\resources\knowledge\selector-resilience.md", "Markdown", 0, 0, 0, 0, 378, 0, 0, 0, 0, 0, 0, 0, 0, 0, 0, 0, 0, 0, 150, 528
"d:\workshops\eShop\.github\skills\bmad-testarch-automate\resources\knowledge\test-healing-patterns.md", "Markdown", 0, 0, 0, 0, 494, 0, 0, 0, 0, 0, 0, 0, 0, 0, 0, 0, 0, 0, 151, 645
"d:\workshops\eShop\.github\skills\bmad-testarch-automate\resources\knowledge\test-levels-framework.md", "Markdown", 0, 0, 0, 0, 357, 0, 0, 0, 0, 0, 0, 0, 0, 0, 0, 0, 0, 1, 116, 474
"d:\workshops\eShop\.github\skills\bmad-testarch-automate\resources\knowledge\test-priorities-matrix.md", "Markdown", 0, 0, 0, 0, 281, 0, 0, 0, 0, 0, 0, 0, 0, 0, 0, 0, 0, 1, 92, 374
"d:\workshops\eShop\.github\skills\bmad-testarch-automate\resources\knowledge\test-quality.md", "Markdown", 0, 0, 0, 0, 517, 0, 0, 0, 0, 0, 0, 0, 0, 0, 0, 0, 0, 0, 148, 665
"d:\workshops\eShop\.github\skills\bmad-testarch-automate\resources\knowledge\timing-debugging.md", "Markdown", 0, 0, 0, 0, 272, 0, 0, 0, 0, 0, 0, 0, 0, 0, 0, 0, 0, 0, 101, 373
"d:\workshops\eShop\.github\skills\bmad-testarch-automate\resources\knowledge\visual-debugging.md", "Markdown", 0, 0, 0, 0, 392, 0, 0, 0, 0, 0, 0, 0, 0, 0, 0, 0, 0, 0, 136, 528
"d:\workshops\eShop\.github\skills\bmad-testarch-automate\resources\tea-index.csv", "CSV", 0, 0, 0, 0, 0, 0, 0, 43, 0, 0, 0, 0, 0, 0, 0, 0, 0, 0, 1, 44
"d:\workshops\eShop\.github\skills\bmad-testarch-automate\steps-c\step-01-preflight-and-context.md", "Markdown", 0, 0, 0, 0, 145, 0, 0, 0, 0, 0, 0, 0, 0, 0, 0, 0, 0, 0, 93, 238
"d:\workshops\eShop\.github\skills\bmad-testarch-automate\steps-c\step-01b-resume.md", "Markdown", 0, 0, 0, 0, 58, 0, 0, 0, 0, 0, 0, 0, 0, 0, 0, 0, 0, 0, 37, 95
"d:\workshops\eShop\.github\skills\bmad-testarch-automate\steps-c\step-02-identify-targets.md", "Markdown", 0, 0, 0, 0, 112, 0, 0, 0, 0, 0, 0, 0, 0, 0, 0, 0, 0, 0, 58, 170
"d:\workshops\eShop\.github\skills\bmad-testarch-automate\steps-c\step-03-generate-tests.md", "Markdown", 0, 0, 0, 0, 285, 0, 0, 0, 0, 0, 0, 0, 0, 0, 0, 0, 0, 0, 110, 395
"d:\workshops\eShop\.github\skills\bmad-testarch-automate\steps-c\step-03a-subagent-api.md", "Markdown", 0, 0, 0, 0, 202, 0, 0, 0, 0, 0, 0, 0, 0, 0, 0, 0, 0, 0, 62, 264
"d:\workshops\eShop\.github\skills\bmad-testarch-automate\steps-c\step-03b-subagent-backend.md", "Markdown", 0, 0, 0, 0, 191, 0, 0, 0, 0, 0, 0, 0, 0, 0, 0, 0, 0, 0, 56, 247
"d:\workshops\eShop\.github\skills\bmad-testarch-automate\steps-c\step-03b-subagent-e2e.md", "Markdown", 0, 0, 0, 0, 157, 0, 0, 0, 0, 0, 0, 0, 0, 0, 0, 0, 0, 0, 57, 214
"d:\workshops\eShop\.github\skills\bmad-testarch-automate\steps-c\step-03c-aggregate.md", "Markdown", 0, 0, 0, 0, 302, 0, 0, 0, 0, 0, 0, 0, 0, 0, 0, 0, 0, 0, 97, 399
"d:\workshops\eShop\.github\skills\bmad-testarch-automate\steps-c\step-04-validate-and-summarize.md", "Markdown", 0, 0, 0, 0, 70, 0, 0, 0, 0, 0, 0, 0, 0, 0, 0, 0, 0, 0, 37, 107
"d:\workshops\eShop\.github\skills\bmad-testarch-automate\steps-e\step-01-assess.md", "Markdown", 0, 0, 0, 0, 37, 0, 0, 0, 0, 0, 0, 0, 0, 0, 0, 0, 0, 0, 29, 66
"d:\workshops\eShop\.github\skills\bmad-testarch-automate\steps-e\step-02-apply-edit.md", "Markdown", 0, 0, 0, 0, 33, 0, 0, 0, 0, 0, 0, 0, 0, 0, 0, 0, 0, 0, 28, 61
"d:\workshops\eShop\.github\skills\bmad-testarch-automate\steps-v\step-01-validate.md", "Markdown", 0, 0, 0, 0, 40, 0, 0, 0, 0, 0, 0, 0, 0, 0, 0, 0, 0, 0, 28, 68
"d:\workshops\eShop\.github\skills\bmad-testarch-automate\validation-report-20260127-095021.md", "Markdown", 0, 0, 0, 0, 50, 0, 0, 0, 0, 0, 0, 0, 0, 0, 0, 0, 0, 0, 23, 73
"d:\workshops\eShop\.github\skills\bmad-testarch-automate\validation-report-20260127-102401.md", "Markdown", 0, 0, 0, 0, 79, 0, 0, 0, 0, 0, 0, 0, 0, 0, 0, 0, 0, 0, 36, 115
"d:\workshops\eShop\.github\skills\bmad-testarch-automate\workflow-plan.md", "Markdown", 0, 0, 0, 0, 14, 0, 0, 0, 0, 0, 0, 0, 0, 0, 0, 0, 0, 0, 7, 21
"d:\workshops\eShop\.github\skills\bmad-testarch-automate\workflow.md", "Markdown", 0, 0, 0, 0, 27, 0, 0, 0, 0, 0, 0, 0, 0, 0, 0, 0, 0, 0, 15, 42
"d:\workshops\eShop\.github\skills\bmad-testarch-automate\workflow.yaml", "YAML", 0, 36, 0, 0, 0, 0, 0, 0, 0, 0, 0, 0, 0, 0, 0, 0, 0, 9, 9, 54
"d:\workshops\eShop\.github\skills\bmad-testarch-ci\SKILL.md", "Skill", 0, 0, 0, 0, 0, 0, 0, 0, 5, 0, 0, 0, 0, 0, 0, 0, 0, 0, 2, 7
"d:\workshops\eShop\.github\skills\bmad-testarch-ci\azure-pipelines-template.yaml", "YAML", 0, 118, 0, 0, 0, 0, 0, 0, 0, 0, 0, 0, 0, 0, 0, 0, 0, 18, 20, 156
"d:\workshops\eShop\.github\skills\bmad-testarch-ci\bmad-skill-manifest.yaml", "YAML", 0, 1, 0, 0, 0, 0, 0, 0, 0, 0, 0, 0, 0, 0, 0, 0, 0, 0, 1, 2
"d:\workshops\eShop\.github\skills\bmad-testarch-ci\checklist.md", "Markdown", 0, 0, 0, 0, 207, 0, 0, 0, 0, 0, 0, 0, 0, 0, 0, 0, 0, 0, 83, 290
"d:\workshops\eShop\.github\skills\bmad-testarch-ci\github-actions-template.yaml", "YAML", 0, 157, 0, 0, 0, 0, 0, 0, 0, 0, 0, 0, 0, 0, 0, 0, 0, 138, 34, 329
"d:\workshops\eShop\.github\skills\bmad-testarch-ci\gitlab-ci-template.yaml", "YAML", 0, 125, 0, 0, 0, 0, 0, 0, 0, 0, 0, 0, 0, 0, 0, 0, 0, 22, 12, 159
"d:\workshops\eShop\.github\skills\bmad-testarch-ci\harness-pipeline-template.yaml", "YAML", 0, 137, 0, 0, 0, 0, 0, 0, 0, 0, 0, 0, 0, 0, 0, 0, 0, 17, 7, 161
"d:\workshops\eShop\.github\skills\bmad-testarch-ci\instructions.md", "Markdown", 0, 0, 0, 0, 24, 0, 0, 0, 0, 0, 0, 0, 0, 0, 0, 0, 0, 1, 20, 45
"d:\workshops\eShop\.github\skills\bmad-testarch-ci\jenkins-pipeline-template.groovy", "Groovy", 0, 0, 0, 0, 0, 0, 0, 0, 0, 0, 0, 95, 0, 0, 0, 0, 0, 25, 10, 130
"d:\workshops\eShop\.github\skills\bmad-testarch-ci\resources\knowledge\adr-quality-readiness-checklist.md", "Markdown", 0, 0, 0, 0, 258, 0, 0, 0, 0, 0, 0, 0, 0, 0, 0, 0, 0, 0, 120, 378
"d:\workshops\eShop\.github\skills\bmad-testarch-ci\resources\knowledge\api-request.md", "Markdown", 0, 0, 0, 0, 443, 0, 0, 0, 0, 0, 0, 0, 0, 0, 0, 0, 0, 0, 121, 564
"d:\workshops\eShop\.github\skills\bmad-testarch-ci\resources\knowledge\api-testing-patterns.md", "Markdown", 0, 0, 0, 0, 754, 0, 0, 0, 0, 0, 0, 0, 0, 0, 0, 0, 0, 0, 162, 916
"d:\workshops\eShop\.github\skills\bmad-testarch-ci\resources\knowledge\auth-session.md", "Markdown", 0, 0, 0, 0, 416, 0, 0, 0, 0, 0, 0, 0, 0, 0, 0, 0, 0, 0, 133, 549
"d:\workshops\eShop\.github\skills\bmad-testarch-ci\resources\knowledge\burn-in.md", "Markdown", 0, 0, 0, 0, 198, 0, 0, 0, 0, 0, 0, 0, 0, 0, 0, 0, 0, 0, 76, 274
"d:\workshops\eShop\.github\skills\bmad-testarch-ci\resources\knowledge\ci-burn-in.md", "Markdown", 0, 0, 0, 0, 576, 0, 0, 0, 0, 0, 0, 0, 0, 0, 0, 0, 0, 0, 142, 718
"d:\workshops\eShop\.github\skills\bmad-testarch-ci\resources\knowledge\component-tdd.md", "Markdown", 0, 0, 0, 0, 380, 0, 0, 0, 0, 0, 0, 0, 0, 0, 0, 0, 0, 0, 107, 487
"d:\workshops\eShop\.github\skills\bmad-testarch-ci\resources\knowledge\contract-testing.md", "Markdown", 0, 0, 0, 0, 882, 0, 0, 0, 0, 0, 0, 0, 0, 0, 0, 0, 0, 0, 169, 1051
"d:\workshops\eShop\.github\skills\bmad-testarch-ci\resources\knowledge\data-factories.md", "Markdown", 0, 0, 0, 0, 392, 0, 0, 0, 0, 0, 0, 0, 0, 0, 0, 0, 0, 0, 109, 501
"d:\workshops\eShop\.github\skills\bmad-testarch-ci\resources\knowledge\email-auth.md", "Markdown", 0, 0, 0, 0, 564, 0, 0, 0, 0, 0, 0, 0, 0, 0, 0, 0, 0, 0, 158, 722
"d:\workshops\eShop\.github\skills\bmad-testarch-ci\resources\knowledge\error-handling.md", "Markdown", 0, 0, 0, 0, 579, 0, 0, 0, 0, 0, 0, 0, 0, 0, 0, 0, 0, 0, 147, 726
"d:\workshops\eShop\.github\skills\bmad-testarch-ci\resources\knowledge\feature-flags.md", "Markdown", 0, 0, 0, 0, 620, 0, 0, 0, 0, 0, 0, 0, 0, 0, 0, 0, 0, 0, 131, 751
"d:\workshops\eShop\.github\skills\bmad-testarch-ci\resources\knowledge\file-utils.md", "Markdown", 0, 0, 0, 0, 342, 0, 0, 0, 0, 0, 0, 0, 0, 0, 0, 0, 0, 0, 115, 457
"d:\workshops\eShop\.github\skills\bmad-testarch-ci\resources\knowledge\fixture-architecture.md", "Markdown", 0, 0, 0, 0, 316, 0, 0, 0, 0, 0, 0, 0, 0, 0, 0, 0, 0, 0, 86, 402
"d:\workshops\eShop\.github\skills\bmad-testarch-ci\resources\knowledge\fixtures-composition.md", "Markdown", 0, 0, 0, 0, 292, 0, 0, 0, 0, 0, 0, 0, 0, 0, 0, 0, 0, 0, 91, 383
"d:\workshops\eShop\.github\skills\bmad-testarch-ci\resources\knowledge\intercept-network-call.md", "Markdown", 0, 0, 0, 0, 318, 0, 0, 0, 0, 0, 0, 0, 0, 0, 0, 0, 0, 0, 109, 427
"d:\workshops\eShop\.github\skills\bmad-testarch-ci\resources\knowledge\log.md", "Markdown", 0, 0, 0, 0, 320, 0, 0, 0, 0, 0, 0, 0, 0, 0, 0, 0, 0, 0, 107, 427
"d:\workshops\eShop\.github\skills\bmad-testarch-ci\resources\knowledge\network-error-monitor.md", "Markdown", 0, 0, 0, 0, 289, 0, 0, 0, 0, 0, 0, 0, 0, 0, 0, 0, 0, 0, 113, 402
"d:\workshops\eShop\.github\skills\bmad-testarch-ci\resources\knowledge\network-first.md", "Markdown", 0, 0, 0, 0, 378, 0, 0, 0, 0, 0, 0, 0, 0, 0, 0, 0, 0, 0, 109, 487
"d:\workshops\eShop\.github\skills\bmad-testarch-ci\resources\knowledge\network-recorder.md", "Markdown", 0, 0, 0, 0, 384, 0, 0, 0, 0, 0, 0, 0, 0, 0, 0, 0, 0, 0, 144, 528
"d:\workshops\eShop\.github\skills\bmad-testarch-ci\resources\knowledge\nfr-criteria.md", "Markdown", 0, 0, 0, 0, 515, 0, 0, 0, 0, 0, 0, 0, 0, 0, 0, 0, 0, 0, 156, 671
"d:\workshops\eShop\.github\skills\bmad-testarch-ci\resources\knowledge\overview.md", "Markdown", 0, 0, 0, 0, 204, 0, 0, 0, 0, 0, 0, 0, 0, 0, 0, 0, 0, 0, 83, 287
"d:\workshops\eShop\.github\skills\bmad-testarch-ci\resources\knowledge\pact-consumer-di.md", "Markdown", 0, 0, 0, 0, 238, 0, 0, 0, 0, 0, 0, 0, 0, 0, 0, 0, 0, 0, 73, 311
"d:\workshops\eShop\.github\skills\bmad-testarch-ci\resources\knowledge\pact-consumer-framework-setup.md", "Markdown", 0, 0, 0, 0, 495, 0, 0, 0, 0, 0, 0, 0, 0, 0, 0, 0, 0, 0, 141, 636
"d:\workshops\eShop\.github\skills\bmad-testarch-ci\resources\knowledge\pact-mcp.md", "Markdown", 0, 0, 0, 0, 152, 0, 0, 0, 0, 0, 0, 0, 0, 0, 0, 0, 0, 0, 53, 205
"d:\workshops\eShop\.github\skills\bmad-testarch-ci\resources\knowledge\pactjs-utils-consumer-helpers.md", "Markdown", 0, 0, 0, 0, 216, 0, 0, 0, 0, 0, 0, 0, 0, 0, 0, 0, 0, 0, 55, 271
"d:\workshops\eShop\.github\skills\bmad-testarch-ci\resources\knowledge\pactjs-utils-overview.md", "Markdown", 0, 0, 0, 0, 174, 0, 0, 0, 0, 0, 0, 0, 0, 0, 0, 0, 0, 0, 43, 217
"d:\workshops\eShop\.github\skills\bmad-testarch-ci\resources\knowledge\pactjs-utils-provider-verifier.md", "Markdown", 0, 0, 0, 0, 258, 0, 0, 0, 0, 0, 0, 0, 0, 0, 0, 0, 0, 0, 58, 316
"d:\workshops\eShop\.github\skills\bmad-testarch-ci\resources\knowledge\pactjs-utils-request-filter.md", "Markdown", 0, 0, 0, 0, 177, 0, 0, 0, 0, 0, 0, 0, 0, 0, 0, 0, 0, 0, 48, 225
"d:\workshops\eShop\.github\skills\bmad-testarch-ci\resources\knowledge\playwright-cli.md", "Markdown", 0, 0, 0, 0, 138, 0, 0, 0, 0, 0, 0, 0, 0, 0, 0, 0, 0, 0, 55, 193
"d:\workshops\eShop\.github\skills\bmad-testarch-ci\resources\knowledge\playwright-config.md", "Markdown", 0, 0, 0, 0, 591, 0, 0, 0, 0, 0, 0, 0, 0, 0, 0, 0, 0, 0, 144, 735
"d:\workshops\eShop\.github\skills\bmad-testarch-ci\resources\knowledge\probability-impact.md", "Markdown", 0, 0, 0, 0, 496, 0, 0, 0, 0, 0, 0, 0, 0, 0, 0, 0, 0, 0, 106, 602
"d:\workshops\eShop\.github\skills\bmad-testarch-ci\resources\knowledge\recurse.md", "Markdown", 0, 0, 0, 0, 327, 0, 0, 0, 0, 0, 0, 0, 0, 0, 0, 0, 0, 0, 95, 422
"d:\workshops\eShop\.github\skills\bmad-testarch-ci\resources\knowledge\risk-governance.md", "Markdown", 0, 0, 0, 0, 499, 0, 0, 0, 0, 0, 0, 0, 0, 0, 0, 0, 0, 0, 117, 616
"d:\workshops\eShop\.github\skills\bmad-testarch-ci\resources\knowledge\selective-testing.md", "Markdown", 0, 0, 0, 0, 598, 0, 0, 0, 0, 0, 0, 0, 0, 0, 0, 0, 0, 0, 135, 733
"d:\workshops\eShop\.github\skills\bmad-testarch-ci\resources\knowledge\selector-resilience.md", "Markdown", 0, 0, 0, 0, 378, 0, 0, 0, 0, 0, 0, 0, 0, 0, 0, 0, 0, 0, 150, 528
"d:\workshops\eShop\.github\skills\bmad-testarch-ci\resources\knowledge\test-healing-patterns.md", "Markdown", 0, 0, 0, 0, 494, 0, 0, 0, 0, 0, 0, 0, 0, 0, 0, 0, 0, 0, 151, 645
"d:\workshops\eShop\.github\skills\bmad-testarch-ci\resources\knowledge\test-levels-framework.md", "Markdown", 0, 0, 0, 0, 357, 0, 0, 0, 0, 0, 0, 0, 0, 0, 0, 0, 0, 1, 116, 474
"d:\workshops\eShop\.github\skills\bmad-testarch-ci\resources\knowledge\test-priorities-matrix.md", "Markdown", 0, 0, 0, 0, 281, 0, 0, 0, 0, 0, 0, 0, 0, 0, 0, 0, 0, 1, 92, 374
"d:\workshops\eShop\.github\skills\bmad-testarch-ci\resources\knowledge\test-quality.md", "Markdown", 0, 0, 0, 0, 517, 0, 0, 0, 0, 0, 0, 0, 0, 0, 0, 0, 0, 0, 148, 665
"d:\workshops\eShop\.github\skills\bmad-testarch-ci\resources\knowledge\timing-debugging.md", "Markdown", 0, 0, 0, 0, 272, 0, 0, 0, 0, 0, 0, 0, 0, 0, 0, 0, 0, 0, 101, 373
"d:\workshops\eShop\.github\skills\bmad-testarch-ci\resources\knowledge\visual-debugging.md", "Markdown", 0, 0, 0, 0, 392, 0, 0, 0, 0, 0, 0, 0, 0, 0, 0, 0, 0, 0, 136, 528
"d:\workshops\eShop\.github\skills\bmad-testarch-ci\resources\tea-index.csv", "CSV", 0, 0, 0, 0, 0, 0, 0, 43, 0, 0, 0, 0, 0, 0, 0, 0, 0, 0, 1, 44
"d:\workshops\eShop\.github\skills\bmad-testarch-ci\steps-c\step-01-preflight.md", "Markdown", 0, 0, 0, 0, 111, 0, 0, 0, 0, 0, 0, 0, 0, 0, 0, 0, 0, 0, 48, 159
"d:\workshops\eShop\.github\skills\bmad-testarch-ci\steps-c\step-01b-resume.md", "Markdown", 0, 0, 0, 0, 68, 0, 0, 0, 0, 0, 0, 0, 0, 0, 0, 0, 0, 0, 43, 111
"d:\workshops\eShop\.github\skills\bmad-testarch-ci\steps-c\step-02-generate-pipeline.md", "Markdown", 0, 0, 0, 0, 205, 0, 0, 0, 0, 0, 0, 0, 0, 0, 0, 0, 0, 0, 81, 286
"d:\workshops\eShop\.github\skills\bmad-testarch-ci\steps-c\step-03-configure-quality-gates.md", "Markdown", 0, 0, 0, 0, 94, 0, 0, 0, 0, 0, 0, 0, 0, 0, 0, 0, 0, 0, 47, 141
"d:\workshops\eShop\.github\skills\bmad-testarch-ci\steps-c\step-04-validate-and-summary.md", "Markdown", 0, 0, 0, 0, 60, 0, 0, 0, 0, 0, 0, 0, 0, 0, 0, 0, 0, 0, 33, 93
"d:\workshops\eShop\.github\skills\bmad-testarch-ci\steps-e\step-01-assess.md", "Markdown", 0, 0, 0, 0, 37, 0, 0, 0, 0, 0, 0, 0, 0, 0, 0, 0, 0, 0, 29, 66
"d:\workshops\eShop\.github\skills\bmad-testarch-ci\steps-e\step-02-apply-edit.md", "Markdown", 0, 0, 0, 0, 33, 0, 0, 0, 0, 0, 0, 0, 0, 0, 0, 0, 0, 0, 28, 61
"d:\workshops\eShop\.github\skills\bmad-testarch-ci\steps-v\step-01-validate.md", "Markdown", 0, 0, 0, 0, 48, 0, 0, 0, 0, 0, 0, 0, 0, 0, 0, 0, 0, 0, 34, 82
"d:\workshops\eShop\.github\skills\bmad-testarch-ci\validation-report-20260127-095021.md", "Markdown", 0, 0, 0, 0, 50, 0, 0, 0, 0, 0, 0, 0, 0, 0, 0, 0, 0, 0, 23, 73
"d:\workshops\eShop\.github\skills\bmad-testarch-ci\validation-report-20260127-102401.md", "Markdown", 0, 0, 0, 0, 79, 0, 0, 0, 0, 0, 0, 0, 0, 0, 0, 0, 0, 0, 36, 115
"d:\workshops\eShop\.github\skills\bmad-testarch-ci\workflow-plan.md", "Markdown", 0, 0, 0, 0, 14, 0, 0, 0, 0, 0, 0, 0, 0, 0, 0, 0, 0, 0, 7, 21
"d:\workshops\eShop\.github\skills\bmad-testarch-ci\workflow.md", "Markdown", 0, 0, 0, 0, 27, 0, 0, 0, 0, 0, 0, 0, 0, 0, 0, 0, 0, 0, 15, 42
"d:\workshops\eShop\.github\skills\bmad-testarch-ci\workflow.yaml", "YAML", 0, 34, 0, 0, 0, 0, 0, 0, 0, 0, 0, 0, 0, 0, 0, 0, 0, 7, 8, 49
"d:\workshops\eShop\.github\skills\bmad-testarch-framework\SKILL.md", "Skill", 0, 0, 0, 0, 0, 0, 0, 0, 5, 0, 0, 0, 0, 0, 0, 0, 0, 0, 2, 7
"d:\workshops\eShop\.github\skills\bmad-testarch-framework\bmad-skill-manifest.yaml", "YAML", 0, 1, 0, 0, 0, 0, 0, 0, 0, 0, 0, 0, 0, 0, 0, 0, 0, 0, 1, 2
"d:\workshops\eShop\.github\skills\bmad-testarch-framework\checklist.md", "Markdown", 0, 0, 0, 0, 250, 0, 0, 0, 0, 0, 0, 0, 0, 0, 0, 0, 0, 0, 96, 346
"d:\workshops\eShop\.github\skills\bmad-testarch-framework\instructions.md", "Markdown", 0, 0, 0, 0, 24, 0, 0, 0, 0, 0, 0, 0, 0, 0, 0, 0, 0, 1, 20, 45
"d:\workshops\eShop\.github\skills\bmad-testarch-framework\resources\knowledge\adr-quality-readiness-checklist.md", "Markdown", 0, 0, 0, 0, 258, 0, 0, 0, 0, 0, 0, 0, 0, 0, 0, 0, 0, 0, 120, 378
"d:\workshops\eShop\.github\skills\bmad-testarch-framework\resources\knowledge\api-request.md", "Markdown", 0, 0, 0, 0, 443, 0, 0, 0, 0, 0, 0, 0, 0, 0, 0, 0, 0, 0, 121, 564
"d:\workshops\eShop\.github\skills\bmad-testarch-framework\resources\knowledge\api-testing-patterns.md", "Markdown", 0, 0, 0, 0, 754, 0, 0, 0, 0, 0, 0, 0, 0, 0, 0, 0, 0, 0, 162, 916
"d:\workshops\eShop\.github\skills\bmad-testarch-framework\resources\knowledge\auth-session.md", "Markdown", 0, 0, 0, 0, 416, 0, 0, 0, 0, 0, 0, 0, 0, 0, 0, 0, 0, 0, 133, 549
"d:\workshops\eShop\.github\skills\bmad-testarch-framework\resources\knowledge\burn-in.md", "Markdown", 0, 0, 0, 0, 198, 0, 0, 0, 0, 0, 0, 0, 0, 0, 0, 0, 0, 0, 76, 274
"d:\workshops\eShop\.github\skills\bmad-testarch-framework\resources\knowledge\ci-burn-in.md", "Markdown", 0, 0, 0, 0, 576, 0, 0, 0, 0, 0, 0, 0, 0, 0, 0, 0, 0, 0, 142, 718
"d:\workshops\eShop\.github\skills\bmad-testarch-framework\resources\knowledge\component-tdd.md", "Markdown", 0, 0, 0, 0, 380, 0, 0, 0, 0, 0, 0, 0, 0, 0, 0, 0, 0, 0, 107, 487
"d:\workshops\eShop\.github\skills\bmad-testarch-framework\resources\knowledge\contract-testing.md", "Markdown", 0, 0, 0, 0, 882, 0, 0, 0, 0, 0, 0, 0, 0, 0, 0, 0, 0, 0, 169, 1051
"d:\workshops\eShop\.github\skills\bmad-testarch-framework\resources\knowledge\data-factories.md", "Markdown", 0, 0, 0, 0, 392, 0, 0, 0, 0, 0, 0, 0, 0, 0, 0, 0, 0, 0, 109, 501
"d:\workshops\eShop\.github\skills\bmad-testarch-framework\resources\knowledge\email-auth.md", "Markdown", 0, 0, 0, 0, 564, 0, 0, 0, 0, 0, 0, 0, 0, 0, 0, 0, 0, 0, 158, 722
"d:\workshops\eShop\.github\skills\bmad-testarch-framework\resources\knowledge\error-handling.md", "Markdown", 0, 0, 0, 0, 579, 0, 0, 0, 0, 0, 0, 0, 0, 0, 0, 0, 0, 0, 147, 726
"d:\workshops\eShop\.github\skills\bmad-testarch-framework\resources\knowledge\feature-flags.md", "Markdown", 0, 0, 0, 0, 620, 0, 0, 0, 0, 0, 0, 0, 0, 0, 0, 0, 0, 0, 131, 751
"d:\workshops\eShop\.github\skills\bmad-testarch-framework\resources\knowledge\file-utils.md", "Markdown", 0, 0, 0, 0, 342, 0, 0, 0, 0, 0, 0, 0, 0, 0, 0, 0, 0, 0, 115, 457
"d:\workshops\eShop\.github\skills\bmad-testarch-framework\resources\knowledge\fixture-architecture.md", "Markdown", 0, 0, 0, 0, 316, 0, 0, 0, 0, 0, 0, 0, 0, 0, 0, 0, 0, 0, 86, 402
"d:\workshops\eShop\.github\skills\bmad-testarch-framework\resources\knowledge\fixtures-composition.md", "Markdown", 0, 0, 0, 0, 292, 0, 0, 0, 0, 0, 0, 0, 0, 0, 0, 0, 0, 0, 91, 383
"d:\workshops\eShop\.github\skills\bmad-testarch-framework\resources\knowledge\intercept-network-call.md", "Markdown", 0, 0, 0, 0, 318, 0, 0, 0, 0, 0, 0, 0, 0, 0, 0, 0, 0, 0, 109, 427
"d:\workshops\eShop\.github\skills\bmad-testarch-framework\resources\knowledge\log.md", "Markdown", 0, 0, 0, 0, 320, 0, 0, 0, 0, 0, 0, 0, 0, 0, 0, 0, 0, 0, 107, 427
"d:\workshops\eShop\.github\skills\bmad-testarch-framework\resources\knowledge\network-error-monitor.md", "Markdown", 0, 0, 0, 0, 289, 0, 0, 0, 0, 0, 0, 0, 0, 0, 0, 0, 0, 0, 113, 402
"d:\workshops\eShop\.github\skills\bmad-testarch-framework\resources\knowledge\network-first.md", "Markdown", 0, 0, 0, 0, 378, 0, 0, 0, 0, 0, 0, 0, 0, 0, 0, 0, 0, 0, 109, 487
"d:\workshops\eShop\.github\skills\bmad-testarch-framework\resources\knowledge\network-recorder.md", "Markdown", 0, 0, 0, 0, 384, 0, 0, 0, 0, 0, 0, 0, 0, 0, 0, 0, 0, 0, 144, 528
"d:\workshops\eShop\.github\skills\bmad-testarch-framework\resources\knowledge\nfr-criteria.md", "Markdown", 0, 0, 0, 0, 515, 0, 0, 0, 0, 0, 0, 0, 0, 0, 0, 0, 0, 0, 156, 671
"d:\workshops\eShop\.github\skills\bmad-testarch-framework\resources\knowledge\overview.md", "Markdown", 0, 0, 0, 0, 204, 0, 0, 0, 0, 0, 0, 0, 0, 0, 0, 0, 0, 0, 83, 287
"d:\workshops\eShop\.github\skills\bmad-testarch-framework\resources\knowledge\pact-consumer-di.md", "Markdown", 0, 0, 0, 0, 238, 0, 0, 0, 0, 0, 0, 0, 0, 0, 0, 0, 0, 0, 73, 311
"d:\workshops\eShop\.github\skills\bmad-testarch-framework\resources\knowledge\pact-consumer-framework-setup.md", "Markdown", 0, 0, 0, 0, 495, 0, 0, 0, 0, 0, 0, 0, 0, 0, 0, 0, 0, 0, 141, 636
"d:\workshops\eShop\.github\skills\bmad-testarch-framework\resources\knowledge\pact-mcp.md", "Markdown", 0, 0, 0, 0, 152, 0, 0, 0, 0, 0, 0, 0, 0, 0, 0, 0, 0, 0, 53, 205
"d:\workshops\eShop\.github\skills\bmad-testarch-framework\resources\knowledge\pactjs-utils-consumer-helpers.md", "Markdown", 0, 0, 0, 0, 216, 0, 0, 0, 0, 0, 0, 0, 0, 0, 0, 0, 0, 0, 55, 271
"d:\workshops\eShop\.github\skills\bmad-testarch-framework\resources\knowledge\pactjs-utils-overview.md", "Markdown", 0, 0, 0, 0, 174, 0, 0, 0, 0, 0, 0, 0, 0, 0, 0, 0, 0, 0, 43, 217
"d:\workshops\eShop\.github\skills\bmad-testarch-framework\resources\knowledge\pactjs-utils-provider-verifier.md", "Markdown", 0, 0, 0, 0, 258, 0, 0, 0, 0, 0, 0, 0, 0, 0, 0, 0, 0, 0, 58, 316
"d:\workshops\eShop\.github\skills\bmad-testarch-framework\resources\knowledge\pactjs-utils-request-filter.md", "Markdown", 0, 0, 0, 0, 177, 0, 0, 0, 0, 0, 0, 0, 0, 0, 0, 0, 0, 0, 48, 225
"d:\workshops\eShop\.github\skills\bmad-testarch-framework\resources\knowledge\playwright-cli.md", "Markdown", 0, 0, 0, 0, 138, 0, 0, 0, 0, 0, 0, 0, 0, 0, 0, 0, 0, 0, 55, 193
"d:\workshops\eShop\.github\skills\bmad-testarch-framework\resources\knowledge\playwright-config.md", "Markdown", 0, 0, 0, 0, 591, 0, 0, 0, 0, 0, 0, 0, 0, 0, 0, 0, 0, 0, 144, 735
"d:\workshops\eShop\.github\skills\bmad-testarch-framework\resources\knowledge\probability-impact.md", "Markdown", 0, 0, 0, 0, 496, 0, 0, 0, 0, 0, 0, 0, 0, 0, 0, 0, 0, 0, 106, 602
"d:\workshops\eShop\.github\skills\bmad-testarch-framework\resources\knowledge\recurse.md", "Markdown", 0, 0, 0, 0, 327, 0, 0, 0, 0, 0, 0, 0, 0, 0, 0, 0, 0, 0, 95, 422
"d:\workshops\eShop\.github\skills\bmad-testarch-framework\resources\knowledge\risk-governance.md", "Markdown", 0, 0, 0, 0, 499, 0, 0, 0, 0, 0, 0, 0, 0, 0, 0, 0, 0, 0, 117, 616
"d:\workshops\eShop\.github\skills\bmad-testarch-framework\resources\knowledge\selective-testing.md", "Markdown", 0, 0, 0, 0, 598, 0, 0, 0, 0, 0, 0, 0, 0, 0, 0, 0, 0, 0, 135, 733
"d:\workshops\eShop\.github\skills\bmad-testarch-framework\resources\knowledge\selector-resilience.md", "Markdown", 0, 0, 0, 0, 378, 0, 0, 0, 0, 0, 0, 0, 0, 0, 0, 0, 0, 0, 150, 528
"d:\workshops\eShop\.github\skills\bmad-testarch-framework\resources\knowledge\test-healing-patterns.md", "Markdown", 0, 0, 0, 0, 494, 0, 0, 0, 0, 0, 0, 0, 0, 0, 0, 0, 0, 0, 151, 645
"d:\workshops\eShop\.github\skills\bmad-testarch-framework\resources\knowledge\test-levels-framework.md", "Markdown", 0, 0, 0, 0, 357, 0, 0, 0, 0, 0, 0, 0, 0, 0, 0, 0, 0, 1, 116, 474
"d:\workshops\eShop\.github\skills\bmad-testarch-framework\resources\knowledge\test-priorities-matrix.md", "Markdown", 0, 0, 0, 0, 281, 0, 0, 0, 0, 0, 0, 0, 0, 0, 0, 0, 0, 1, 92, 374
"d:\workshops\eShop\.github\skills\bmad-testarch-framework\resources\knowledge\test-quality.md", "Markdown", 0, 0, 0, 0, 517, 0, 0, 0, 0, 0, 0, 0, 0, 0, 0, 0, 0, 0, 148, 665
"d:\workshops\eShop\.github\skills\bmad-testarch-framework\resources\knowledge\timing-debugging.md", "Markdown", 0, 0, 0, 0, 272, 0, 0, 0, 0, 0, 0, 0, 0, 0, 0, 0, 0, 0, 101, 373
"d:\workshops\eShop\.github\skills\bmad-testarch-framework\resources\knowledge\visual-debugging.md", "Markdown", 0, 0, 0, 0, 392, 0, 0, 0, 0, 0, 0, 0, 0, 0, 0, 0, 0, 0, 136, 528
"d:\workshops\eShop\.github\skills\bmad-testarch-framework\resources\tea-index.csv", "CSV", 0, 0, 0, 0, 0, 0, 0, 43, 0, 0, 0, 0, 0, 0, 0, 0, 0, 0, 1, 44
"d:\workshops\eShop\.github\skills\bmad-testarch-framework\steps-c\step-01-preflight.md", "Markdown", 0, 0, 0, 0, 83, 0, 0, 0, 0, 0, 0, 0, 0, 0, 0, 0, 0, 0, 50, 133
"d:\workshops\eShop\.github\skills\bmad-testarch-framework\steps-c\step-01b-resume.md", "Markdown", 0, 0, 0, 0, 73, 0, 0, 0, 0, 0, 0, 0, 0, 0, 0, 0, 0, 0, 44, 117
"d:\workshops\eShop\.github\skills\bmad-testarch-framework\steps-c\step-02-select-framework.md", "Markdown", 0, 0, 0, 0, 75, 0, 0, 0, 0, 0, 0, 0, 0, 0, 0, 0, 0, 0, 43, 118
"d:\workshops\eShop\.github\skills\bmad-testarch-framework\steps-c\step-03-scaffold-framework.md", "Markdown", 0, 0, 0, 0, 224, 0, 0, 0, 0, 0, 0, 0, 0, 0, 0, 0, 0, 0, 101, 325
"d:\workshops\eShop\.github\skills\bmad-testarch-framework\steps-c\step-04-docs-and-scripts.md", "Markdown", 0, 0, 0, 0, 69, 0, 0, 0, 0, 0, 0, 0, 0, 0, 0, 0, 0, 0, 37, 106
"d:\workshops\eShop\.github\skills\bmad-testarch-framework\steps-c\step-05-validate-and-summary.md", "Markdown", 0, 0, 0, 0, 61, 0, 0, 0, 0, 0, 0, 0, 0, 0, 0, 0, 0, 0, 33, 94
"d:\workshops\eShop\.github\skills\bmad-testarch-framework\steps-e\step-01-assess.md", "Markdown", 0, 0, 0, 0, 37, 0, 0, 0, 0, 0, 0, 0, 0, 0, 0, 0, 0, 0, 29, 66
"d:\workshops\eShop\.github\skills\bmad-testarch-framework\steps-e\step-02-apply-edit.md", "Markdown", 0, 0, 0, 0, 33, 0, 0, 0, 0, 0, 0, 0, 0, 0, 0, 0, 0, 0, 28, 61
"d:\workshops\eShop\.github\skills\bmad-testarch-framework\steps-v\step-01-validate.md", "Markdown", 0, 0, 0, 0, 40, 0, 0, 0, 0, 0, 0, 0, 0, 0, 0, 0, 0, 0, 28, 68
"d:\workshops\eShop\.github\skills\bmad-testarch-framework\validation-report-20260127-095021.md", "Markdown", 0, 0, 0, 0, 51, 0, 0, 0, 0, 0, 0, 0, 0, 0, 0, 0, 0, 0, 23, 74
"d:\workshops\eShop\.github\skills\bmad-testarch-framework\validation-report-20260127-102401.md", "Markdown", 0, 0, 0, 0, 81, 0, 0, 0, 0, 0, 0, 0, 0, 0, 0, 0, 0, 0, 36, 117
"d:\workshops\eShop\.github\skills\bmad-testarch-framework\workflow-plan.md", "Markdown", 0, 0, 0, 0, 16, 0, 0, 0, 0, 0, 0, 0, 0, 0, 0, 0, 0, 0, 7, 23
"d:\workshops\eShop\.github\skills\bmad-testarch-framework\workflow.md", "Markdown", 0, 0, 0, 0, 27, 0, 0, 0, 0, 0, 0, 0, 0, 0, 0, 0, 0, 0, 15, 42
"d:\workshops\eShop\.github\skills\bmad-testarch-framework\workflow.yaml", "YAML", 0, 34, 0, 0, 0, 0, 0, 0, 0, 0, 0, 0, 0, 0, 0, 0, 0, 7, 8, 49
"d:\workshops\eShop\.github\skills\bmad-testarch-nfr\SKILL.md", "Skill", 0, 0, 0, 0, 0, 0, 0, 0, 5, 0, 0, 0, 0, 0, 0, 0, 0, 0, 2, 7
"d:\workshops\eShop\.github\skills\bmad-testarch-nfr\bmad-skill-manifest.yaml", "YAML", 0, 1, 0, 0, 0, 0, 0, 0, 0, 0, 0, 0, 0, 0, 0, 0, 0, 0, 1, 2
"d:\workshops\eShop\.github\skills\bmad-testarch-nfr\checklist.md", "Markdown", 0, 0, 0, 0, 290, 0, 0, 0, 0, 0, 0, 0, 0, 0, 0, 0, 0, 1, 117, 408
"d:\workshops\eShop\.github\skills\bmad-testarch-nfr\instructions.md", "Markdown", 0, 0, 0, 0, 25, 0, 0, 0, 0, 0, 0, 0, 0, 0, 0, 0, 0, 0, 19, 44
"d:\workshops\eShop\.github\skills\bmad-testarch-nfr\nfr-report-template.md", "Markdown", 0, 0, 0, 0, 333, 0, 0, 0, 0, 0, 0, 0, 0, 0, 0, 0, 0, 1, 137, 471
"d:\workshops\eShop\.github\skills\bmad-testarch-nfr\resources\knowledge\adr-quality-readiness-checklist.md", "Markdown", 0, 0, 0, 0, 258, 0, 0, 0, 0, 0, 0, 0, 0, 0, 0, 0, 0, 0, 120, 378
"d:\workshops\eShop\.github\skills\bmad-testarch-nfr\resources\knowledge\api-request.md", "Markdown", 0, 0, 0, 0, 443, 0, 0, 0, 0, 0, 0, 0, 0, 0, 0, 0, 0, 0, 121, 564
"d:\workshops\eShop\.github\skills\bmad-testarch-nfr\resources\knowledge\api-testing-patterns.md", "Markdown", 0, 0, 0, 0, 754, 0, 0, 0, 0, 0, 0, 0, 0, 0, 0, 0, 0, 0, 162, 916
"d:\workshops\eShop\.github\skills\bmad-testarch-nfr\resources\knowledge\auth-session.md", "Markdown", 0, 0, 0, 0, 416, 0, 0, 0, 0, 0, 0, 0, 0, 0, 0, 0, 0, 0, 133, 549
"d:\workshops\eShop\.github\skills\bmad-testarch-nfr\resources\knowledge\burn-in.md", "Markdown", 0, 0, 0, 0, 198, 0, 0, 0, 0, 0, 0, 0, 0, 0, 0, 0, 0, 0, 76, 274
"d:\workshops\eShop\.github\skills\bmad-testarch-nfr\resources\knowledge\ci-burn-in.md", "Markdown", 0, 0, 0, 0, 576, 0, 0, 0, 0, 0, 0, 0, 0, 0, 0, 0, 0, 0, 142, 718
"d:\workshops\eShop\.github\skills\bmad-testarch-nfr\resources\knowledge\component-tdd.md", "Markdown", 0, 0, 0, 0, 380, 0, 0, 0, 0, 0, 0, 0, 0, 0, 0, 0, 0, 0, 107, 487
"d:\workshops\eShop\.github\skills\bmad-testarch-nfr\resources\knowledge\contract-testing.md", "Markdown", 0, 0, 0, 0, 882, 0, 0, 0, 0, 0, 0, 0, 0, 0, 0, 0, 0, 0, 169, 1051
"d:\workshops\eShop\.github\skills\bmad-testarch-nfr\resources\knowledge\data-factories.md", "Markdown", 0, 0, 0, 0, 392, 0, 0, 0, 0, 0, 0, 0, 0, 0, 0, 0, 0, 0, 109, 501
"d:\workshops\eShop\.github\skills\bmad-testarch-nfr\resources\knowledge\email-auth.md", "Markdown", 0, 0, 0, 0, 564, 0, 0, 0, 0, 0, 0, 0, 0, 0, 0, 0, 0, 0, 158, 722
"d:\workshops\eShop\.github\skills\bmad-testarch-nfr\resources\knowledge\error-handling.md", "Markdown", 0, 0, 0, 0, 579, 0, 0, 0, 0, 0, 0, 0, 0, 0, 0, 0, 0, 0, 147, 726
"d:\workshops\eShop\.github\skills\bmad-testarch-nfr\resources\knowledge\feature-flags.md", "Markdown", 0, 0, 0, 0, 620, 0, 0, 0, 0, 0, 0, 0, 0, 0, 0, 0, 0, 0, 131, 751
"d:\workshops\eShop\.github\skills\bmad-testarch-nfr\resources\knowledge\file-utils.md", "Markdown", 0, 0, 0, 0, 342, 0, 0, 0, 0, 0, 0, 0, 0, 0, 0, 0, 0, 0, 115, 457
"d:\workshops\eShop\.github\skills\bmad-testarch-nfr\resources\knowledge\fixture-architecture.md", "Markdown", 0, 0, 0, 0, 316, 0, 0, 0, 0, 0, 0, 0, 0, 0, 0, 0, 0, 0, 86, 402
"d:\workshops\eShop\.github\skills\bmad-testarch-nfr\resources\knowledge\fixtures-composition.md", "Markdown", 0, 0, 0, 0, 292, 0, 0, 0, 0, 0, 0, 0, 0, 0, 0, 0, 0, 0, 91, 383
"d:\workshops\eShop\.github\skills\bmad-testarch-nfr\resources\knowledge\intercept-network-call.md", "Markdown", 0, 0, 0, 0, 318, 0, 0, 0, 0, 0, 0, 0, 0, 0, 0, 0, 0, 0, 109, 427
"d:\workshops\eShop\.github\skills\bmad-testarch-nfr\resources\knowledge\log.md", "Markdown", 0, 0, 0, 0, 320, 0, 0, 0, 0, 0, 0, 0, 0, 0, 0, 0, 0, 0, 107, 427
"d:\workshops\eShop\.github\skills\bmad-testarch-nfr\resources\knowledge\network-error-monitor.md", "Markdown", 0, 0, 0, 0, 289, 0, 0, 0, 0, 0, 0, 0, 0, 0, 0, 0, 0, 0, 113, 402
"d:\workshops\eShop\.github\skills\bmad-testarch-nfr\resources\knowledge\network-first.md", "Markdown", 0, 0, 0, 0, 378, 0, 0, 0, 0, 0, 0, 0, 0, 0, 0, 0, 0, 0, 109, 487
"d:\workshops\eShop\.github\skills\bmad-testarch-nfr\resources\knowledge\network-recorder.md", "Markdown", 0, 0, 0, 0, 384, 0, 0, 0, 0, 0, 0, 0, 0, 0, 0, 0, 0, 0, 144, 528
"d:\workshops\eShop\.github\skills\bmad-testarch-nfr\resources\knowledge\nfr-criteria.md", "Markdown", 0, 0, 0, 0, 515, 0, 0, 0, 0, 0, 0, 0, 0, 0, 0, 0, 0, 0, 156, 671
"d:\workshops\eShop\.github\skills\bmad-testarch-nfr\resources\knowledge\overview.md", "Markdown", 0, 0, 0, 0, 204, 0, 0, 0, 0, 0, 0, 0, 0, 0, 0, 0, 0, 0, 83, 287
"d:\workshops\eShop\.github\skills\bmad-testarch-nfr\resources\knowledge\pact-consumer-di.md", "Markdown", 0, 0, 0, 0, 238, 0, 0, 0, 0, 0, 0, 0, 0, 0, 0, 0, 0, 0, 73, 311
"d:\workshops\eShop\.github\skills\bmad-testarch-nfr\resources\knowledge\pact-consumer-framework-setup.md", "Markdown", 0, 0, 0, 0, 495, 0, 0, 0, 0, 0, 0, 0, 0, 0, 0, 0, 0, 0, 141, 636
"d:\workshops\eShop\.github\skills\bmad-testarch-nfr\resources\knowledge\pact-mcp.md", "Markdown", 0, 0, 0, 0, 152, 0, 0, 0, 0, 0, 0, 0, 0, 0, 0, 0, 0, 0, 53, 205
"d:\workshops\eShop\.github\skills\bmad-testarch-nfr\resources\knowledge\pactjs-utils-consumer-helpers.md", "Markdown", 0, 0, 0, 0, 216, 0, 0, 0, 0, 0, 0, 0, 0, 0, 0, 0, 0, 0, 55, 271
"d:\workshops\eShop\.github\skills\bmad-testarch-nfr\resources\knowledge\pactjs-utils-overview.md", "Markdown", 0, 0, 0, 0, 174, 0, 0, 0, 0, 0, 0, 0, 0, 0, 0, 0, 0, 0, 43, 217
"d:\workshops\eShop\.github\skills\bmad-testarch-nfr\resources\knowledge\pactjs-utils-provider-verifier.md", "Markdown", 0, 0, 0, 0, 258, 0, 0, 0, 0, 0, 0, 0, 0, 0, 0, 0, 0, 0, 58, 316
"d:\workshops\eShop\.github\skills\bmad-testarch-nfr\resources\knowledge\pactjs-utils-request-filter.md", "Markdown", 0, 0, 0, 0, 177, 0, 0, 0, 0, 0, 0, 0, 0, 0, 0, 0, 0, 0, 48, 225
"d:\workshops\eShop\.github\skills\bmad-testarch-nfr\resources\knowledge\playwright-cli.md", "Markdown", 0, 0, 0, 0, 138, 0, 0, 0, 0, 0, 0, 0, 0, 0, 0, 0, 0, 0, 55, 193
"d:\workshops\eShop\.github\skills\bmad-testarch-nfr\resources\knowledge\playwright-config.md", "Markdown", 0, 0, 0, 0, 591, 0, 0, 0, 0, 0, 0, 0, 0, 0, 0, 0, 0, 0, 144, 735
"d:\workshops\eShop\.github\skills\bmad-testarch-nfr\resources\knowledge\probability-impact.md", "Markdown", 0, 0, 0, 0, 496, 0, 0, 0, 0, 0, 0, 0, 0, 0, 0, 0, 0, 0, 106, 602
"d:\workshops\eShop\.github\skills\bmad-testarch-nfr\resources\knowledge\recurse.md", "Markdown", 0, 0, 0, 0, 327, 0, 0, 0, 0, 0, 0, 0, 0, 0, 0, 0, 0, 0, 95, 422
"d:\workshops\eShop\.github\skills\bmad-testarch-nfr\resources\knowledge\risk-governance.md", "Markdown", 0, 0, 0, 0, 499, 0, 0, 0, 0, 0, 0, 0, 0, 0, 0, 0, 0, 0, 117, 616
"d:\workshops\eShop\.github\skills\bmad-testarch-nfr\resources\knowledge\selective-testing.md", "Markdown", 0, 0, 0, 0, 598, 0, 0, 0, 0, 0, 0, 0, 0, 0, 0, 0, 0, 0, 135, 733
"d:\workshops\eShop\.github\skills\bmad-testarch-nfr\resources\knowledge\selector-resilience.md", "Markdown", 0, 0, 0, 0, 378, 0, 0, 0, 0, 0, 0, 0, 0, 0, 0, 0, 0, 0, 150, 528
"d:\workshops\eShop\.github\skills\bmad-testarch-nfr\resources\knowledge\test-healing-patterns.md", "Markdown", 0, 0, 0, 0, 494, 0, 0, 0, 0, 0, 0, 0, 0, 0, 0, 0, 0, 0, 151, 645
"d:\workshops\eShop\.github\skills\bmad-testarch-nfr\resources\knowledge\test-levels-framework.md", "Markdown", 0, 0, 0, 0, 357, 0, 0, 0, 0, 0, 0, 0, 0, 0, 0, 0, 0, 1, 116, 474
"d:\workshops\eShop\.github\skills\bmad-testarch-nfr\resources\knowledge\test-priorities-matrix.md", "Markdown", 0, 0, 0, 0, 281, 0, 0, 0, 0, 0, 0, 0, 0, 0, 0, 0, 0, 1, 92, 374
"d:\workshops\eShop\.github\skills\bmad-testarch-nfr\resources\knowledge\test-quality.md", "Markdown", 0, 0, 0, 0, 517, 0, 0, 0, 0, 0, 0, 0, 0, 0, 0, 0, 0, 0, 148, 665
"d:\workshops\eShop\.github\skills\bmad-testarch-nfr\resources\knowledge\timing-debugging.md", "Markdown", 0, 0, 0, 0, 272, 0, 0, 0, 0, 0, 0, 0, 0, 0, 0, 0, 0, 0, 101, 373
"d:\workshops\eShop\.github\skills\bmad-testarch-nfr\resources\knowledge\visual-debugging.md", "Markdown", 0, 0, 0, 0, 392, 0, 0, 0, 0, 0, 0, 0, 0, 0, 0, 0, 0, 0, 136, 528
"d:\workshops\eShop\.github\skills\bmad-testarch-nfr\resources\tea-index.csv", "CSV", 0, 0, 0, 0, 0, 0, 0, 43, 0, 0, 0, 0, 0, 0, 0, 0, 0, 0, 1, 44
"d:\workshops\eShop\.github\skills\bmad-testarch-nfr\steps-c\step-01-load-context.md", "Markdown", 0, 0, 0, 0, 86, 0, 0, 0, 0, 0, 0, 0, 0, 0, 0, 0, 0, 0, 53, 139
"d:\workshops\eShop\.github\skills\bmad-testarch-nfr\steps-c\step-01b-resume.md", "Markdown", 0, 0, 0, 0, 67, 0, 0, 0, 0, 0, 0, 0, 0, 0, 0, 0, 0, 0, 40, 107
"d:\workshops\eShop\.github\skills\bmad-testarch-nfr\steps-c\step-02-define-thresholds.md", "Markdown", 0, 0, 0, 0, 70, 0, 0, 0, 0, 0, 0, 0, 0, 0, 0, 0, 0, 0, 38, 108
"d:\workshops\eShop\.github\skills\bmad-testarch-nfr\steps-c\step-03-gather-evidence.md", "Markdown", 0, 0, 0, 0, 69, 0, 0, 0, 0, 0, 0, 0, 0, 0, 0, 0, 0, 0, 40, 109
"d:\workshops\eShop\.github\skills\bmad-testarch-nfr\steps-c\step-04-evaluate-and-score.md", "Markdown", 0, 0, 0, 0, 182, 0, 0, 0, 0, 0, 0, 0, 0, 0, 0, 0, 0, 0, 73, 255
"d:\workshops\eShop\.github\skills\bmad-testarch-nfr\steps-c\step-04a-subagent-security.md", "Markdown", 0, 0, 0, 0, 104, 0, 0, 0, 0, 0, 0, 0, 0, 0, 0, 0, 0, 0, 35, 139
"d:\workshops\eShop\.github\skills\bmad-testarch-nfr\steps-c\step-04b-subagent-performance.md", "Markdown", 0, 0, 0, 0, 63, 0, 0, 0, 0, 0, 0, 0, 0, 0, 0, 0, 0, 0, 22, 85
"d:\workshops\eShop\.github\skills\bmad-testarch-nfr\steps-c\step-04c-subagent-reliability.md", "Markdown", 0, 0, 0, 0, 64, 0, 0, 0, 0, 0, 0, 0, 0, 0, 0, 0, 0, 0, 22, 86
"d:\workshops\eShop\.github\skills\bmad-testarch-nfr\steps-c\step-04d-subagent-scalability.md", "Markdown", 0, 0, 0, 0, 67, 0, 0, 0, 0, 0, 0, 0, 0, 0, 0, 0, 0, 0, 22, 89
"d:\workshops\eShop\.github\skills\bmad-testarch-nfr\steps-c\step-04e-aggregate-nfr.md", "Markdown", 0, 0, 0, 0, 190, 0, 0, 0, 0, 0, 0, 0, 0, 0, 0, 0, 0, 0, 75, 265
"d:\workshops\eShop\.github\skills\bmad-testarch-nfr\steps-c\step-05-generate-report.md", "Markdown", 0, 0, 0, 0, 69, 0, 0, 0, 0, 0, 0, 0, 0, 0, 0, 0, 0, 0, 40, 109
"d:\workshops\eShop\.github\skills\bmad-testarch-nfr\steps-e\step-01-assess.md", "Markdown", 0, 0, 0, 0, 37, 0, 0, 0, 0, 0, 0, 0, 0, 0, 0, 0, 0, 0, 29, 66
"d:\workshops\eShop\.github\skills\bmad-testarch-nfr\steps-e\step-02-apply-edit.md", "Markdown", 0, 0, 0, 0, 33, 0, 0, 0, 0, 0, 0, 0, 0, 0, 0, 0, 0, 0, 28, 61
"d:\workshops\eShop\.github\skills\bmad-testarch-nfr\steps-v\step-01-validate.md", "Markdown", 0, 0, 0, 0, 40, 0, 0, 0, 0, 0, 0, 0, 0, 0, 0, 0, 0, 0, 28, 68
"d:\workshops\eShop\.github\skills\bmad-testarch-nfr\validation-report-20260127-095021.md", "Markdown", 0, 0, 0, 0, 51, 0, 0, 0, 0, 0, 0, 0, 0, 0, 0, 0, 0, 0, 23, 74
"d:\workshops\eShop\.github\skills\bmad-testarch-nfr\validation-report-20260127-102401.md", "Markdown", 0, 0, 0, 0, 81, 0, 0, 0, 0, 0, 0, 0, 0, 0, 0, 0, 0, 0, 36, 117
"d:\workshops\eShop\.github\skills\bmad-testarch-nfr\workflow-plan.md", "Markdown", 0, 0, 0, 0, 14, 0, 0, 0, 0, 0, 0, 0, 0, 0, 0, 0, 0, 0, 6, 20
"d:\workshops\eShop\.github\skills\bmad-testarch-nfr\workflow.md", "Markdown", 0, 0, 0, 0, 27, 0, 0, 0, 0, 0, 0, 0, 0, 0, 0, 0, 0, 0, 15, 42
"d:\workshops\eShop\.github\skills\bmad-testarch-nfr\workflow.yaml", "YAML", 0, 33, 0, 0, 0, 0, 0, 0, 0, 0, 0, 0, 0, 0, 0, 0, 0, 8, 8, 49
"d:\workshops\eShop\.github\skills\bmad-testarch-test-design\SKILL.md", "Skill", 0, 0, 0, 0, 0, 0, 0, 0, 5, 0, 0, 0, 0, 0, 0, 0, 0, 0, 2, 7
"d:\workshops\eShop\.github\skills\bmad-testarch-test-design\bmad-skill-manifest.yaml", "YAML", 0, 1, 0, 0, 0, 0, 0, 0, 0, 0, 0, 0, 0, 0, 0, 0, 0, 0, 1, 2
"d:\workshops\eShop\.github\skills\bmad-testarch-test-design\checklist.md", "Markdown", 0, 0, 0, 0, 360, 0, 0, 0, 0, 0, 0, 0, 0, 0, 0, 0, 0, 0, 105, 465
"d:\workshops\eShop\.github\skills\bmad-testarch-test-design\instructions.md", "Markdown", 0, 0, 0, 0, 64, 0, 0, 0, 0, 0, 0, 0, 0, 0, 0, 0, 0, 1, 40, 105
"d:\workshops\eShop\.github\skills\bmad-testarch-test-design\resources\knowledge\adr-quality-readiness-checklist.md", "Markdown", 0, 0, 0, 0, 258, 0, 0, 0, 0, 0, 0, 0, 0, 0, 0, 0, 0, 0, 120, 378
"d:\workshops\eShop\.github\skills\bmad-testarch-test-design\resources\knowledge\api-request.md", "Markdown", 0, 0, 0, 0, 443, 0, 0, 0, 0, 0, 0, 0, 0, 0, 0, 0, 0, 0, 121, 564
"d:\workshops\eShop\.github\skills\bmad-testarch-test-design\resources\knowledge\api-testing-patterns.md", "Markdown", 0, 0, 0, 0, 754, 0, 0, 0, 0, 0, 0, 0, 0, 0, 0, 0, 0, 0, 162, 916
"d:\workshops\eShop\.github\skills\bmad-testarch-test-design\resources\knowledge\auth-session.md", "Markdown", 0, 0, 0, 0, 416, 0, 0, 0, 0, 0, 0, 0, 0, 0, 0, 0, 0, 0, 133, 549
"d:\workshops\eShop\.github\skills\bmad-testarch-test-design\resources\knowledge\burn-in.md", "Markdown", 0, 0, 0, 0, 198, 0, 0, 0, 0, 0, 0, 0, 0, 0, 0, 0, 0, 0, 76, 274
"d:\workshops\eShop\.github\skills\bmad-testarch-test-design\resources\knowledge\ci-burn-in.md", "Markdown", 0, 0, 0, 0, 576, 0, 0, 0, 0, 0, 0, 0, 0, 0, 0, 0, 0, 0, 142, 718
"d:\workshops\eShop\.github\skills\bmad-testarch-test-design\resources\knowledge\component-tdd.md", "Markdown", 0, 0, 0, 0, 380, 0, 0, 0, 0, 0, 0, 0, 0, 0, 0, 0, 0, 0, 107, 487
"d:\workshops\eShop\.github\skills\bmad-testarch-test-design\resources\knowledge\contract-testing.md", "Markdown", 0, 0, 0, 0, 882, 0, 0, 0, 0, 0, 0, 0, 0, 0, 0, 0, 0, 0, 169, 1051
"d:\workshops\eShop\.github\skills\bmad-testarch-test-design\resources\knowledge\data-factories.md", "Markdown", 0, 0, 0, 0, 392, 0, 0, 0, 0, 0, 0, 0, 0, 0, 0, 0, 0, 0, 109, 501
"d:\workshops\eShop\.github\skills\bmad-testarch-test-design\resources\knowledge\email-auth.md", "Markdown", 0, 0, 0, 0, 564, 0, 0, 0, 0, 0, 0, 0, 0, 0, 0, 0, 0, 0, 158, 722
"d:\workshops\eShop\.github\skills\bmad-testarch-test-design\resources\knowledge\error-handling.md", "Markdown", 0, 0, 0, 0, 579, 0, 0, 0, 0, 0, 0, 0, 0, 0, 0, 0, 0, 0, 147, 726
"d:\workshops\eShop\.github\skills\bmad-testarch-test-design\resources\knowledge\feature-flags.md", "Markdown", 0, 0, 0, 0, 620, 0, 0, 0, 0, 0, 0, 0, 0, 0, 0, 0, 0, 0, 131, 751
"d:\workshops\eShop\.github\skills\bmad-testarch-test-design\resources\knowledge\file-utils.md", "Markdown", 0, 0, 0, 0, 342, 0, 0, 0, 0, 0, 0, 0, 0, 0, 0, 0, 0, 0, 115, 457
"d:\workshops\eShop\.github\skills\bmad-testarch-test-design\resources\knowledge\fixture-architecture.md", "Markdown", 0, 0, 0, 0, 316, 0, 0, 0, 0, 0, 0, 0, 0, 0, 0, 0, 0, 0, 86, 402
"d:\workshops\eShop\.github\skills\bmad-testarch-test-design\resources\knowledge\fixtures-composition.md", "Markdown", 0, 0, 0, 0, 292, 0, 0, 0, 0, 0, 0, 0, 0, 0, 0, 0, 0, 0, 91, 383
"d:\workshops\eShop\.github\skills\bmad-testarch-test-design\resources\knowledge\intercept-network-call.md", "Markdown", 0, 0, 0, 0, 318, 0, 0, 0, 0, 0, 0, 0, 0, 0, 0, 0, 0, 0, 109, 427
"d:\workshops\eShop\.github\skills\bmad-testarch-test-design\resources\knowledge\log.md", "Markdown", 0, 0, 0, 0, 320, 0, 0, 0, 0, 0, 0, 0, 0, 0, 0, 0, 0, 0, 107, 427
"d:\workshops\eShop\.github\skills\bmad-testarch-test-design\resources\knowledge\network-error-monitor.md", "Markdown", 0, 0, 0, 0, 289, 0, 0, 0, 0, 0, 0, 0, 0, 0, 0, 0, 0, 0, 113, 402
"d:\workshops\eShop\.github\skills\bmad-testarch-test-design\resources\knowledge\network-first.md", "Markdown", 0, 0, 0, 0, 378, 0, 0, 0, 0, 0, 0, 0, 0, 0, 0, 0, 0, 0, 109, 487
"d:\workshops\eShop\.github\skills\bmad-testarch-test-design\resources\knowledge\network-recorder.md", "Markdown", 0, 0, 0, 0, 384, 0, 0, 0, 0, 0, 0, 0, 0, 0, 0, 0, 0, 0, 144, 528
"d:\workshops\eShop\.github\skills\bmad-testarch-test-design\resources\knowledge\nfr-criteria.md", "Markdown", 0, 0, 0, 0, 515, 0, 0, 0, 0, 0, 0, 0, 0, 0, 0, 0, 0, 0, 156, 671
"d:\workshops\eShop\.github\skills\bmad-testarch-test-design\resources\knowledge\overview.md", "Markdown", 0, 0, 0, 0, 204, 0, 0, 0, 0, 0, 0, 0, 0, 0, 0, 0, 0, 0, 83, 287
"d:\workshops\eShop\.github\skills\bmad-testarch-test-design\resources\knowledge\pact-consumer-di.md", "Markdown", 0, 0, 0, 0, 238, 0, 0, 0, 0, 0, 0, 0, 0, 0, 0, 0, 0, 0, 73, 311
"d:\workshops\eShop\.github\skills\bmad-testarch-test-design\resources\knowledge\pact-consumer-framework-setup.md", "Markdown", 0, 0, 0, 0, 495, 0, 0, 0, 0, 0, 0, 0, 0, 0, 0, 0, 0, 0, 141, 636
"d:\workshops\eShop\.github\skills\bmad-testarch-test-design\resources\knowledge\pact-mcp.md", "Markdown", 0, 0, 0, 0, 152, 0, 0, 0, 0, 0, 0, 0, 0, 0, 0, 0, 0, 0, 53, 205
"d:\workshops\eShop\.github\skills\bmad-testarch-test-design\resources\knowledge\pactjs-utils-consumer-helpers.md", "Markdown", 0, 0, 0, 0, 216, 0, 0, 0, 0, 0, 0, 0, 0, 0, 0, 0, 0, 0, 55, 271
"d:\workshops\eShop\.github\skills\bmad-testarch-test-design\resources\knowledge\pactjs-utils-overview.md", "Markdown", 0, 0, 0, 0, 174, 0, 0, 0, 0, 0, 0, 0, 0, 0, 0, 0, 0, 0, 43, 217
"d:\workshops\eShop\.github\skills\bmad-testarch-test-design\resources\knowledge\pactjs-utils-provider-verifier.md", "Markdown", 0, 0, 0, 0, 258, 0, 0, 0, 0, 0, 0, 0, 0, 0, 0, 0, 0, 0, 58, 316
"d:\workshops\eShop\.github\skills\bmad-testarch-test-design\resources\knowledge\pactjs-utils-request-filter.md", "Markdown", 0, 0, 0, 0, 177, 0, 0, 0, 0, 0, 0, 0, 0, 0, 0, 0, 0, 0, 48, 225
"d:\workshops\eShop\.github\skills\bmad-testarch-test-design\resources\knowledge\playwright-cli.md", "Markdown", 0, 0, 0, 0, 138, 0, 0, 0, 0, 0, 0, 0, 0, 0, 0, 0, 0, 0, 55, 193
"d:\workshops\eShop\.github\skills\bmad-testarch-test-design\resources\knowledge\playwright-config.md", "Markdown", 0, 0, 0, 0, 591, 0, 0, 0, 0, 0, 0, 0, 0, 0, 0, 0, 0, 0, 144, 735
"d:\workshops\eShop\.github\skills\bmad-testarch-test-design\resources\knowledge\probability-impact.md", "Markdown", 0, 0, 0, 0, 496, 0, 0, 0, 0, 0, 0, 0, 0, 0, 0, 0, 0, 0, 106, 602
"d:\workshops\eShop\.github\skills\bmad-testarch-test-design\resources\knowledge\recurse.md", "Markdown", 0, 0, 0, 0, 327, 0, 0, 0, 0, 0, 0, 0, 0, 0, 0, 0, 0, 0, 95, 422
"d:\workshops\eShop\.github\skills\bmad-testarch-test-design\resources\knowledge\risk-governance.md", "Markdown", 0, 0, 0, 0, 499, 0, 0, 0, 0, 0, 0, 0, 0, 0, 0, 0, 0, 0, 117, 616
"d:\workshops\eShop\.github\skills\bmad-testarch-test-design\resources\knowledge\selective-testing.md", "Markdown", 0, 0, 0, 0, 598, 0, 0, 0, 0, 0, 0, 0, 0, 0, 0, 0, 0, 0, 135, 733
"d:\workshops\eShop\.github\skills\bmad-testarch-test-design\resources\knowledge\selector-resilience.md", "Markdown", 0, 0, 0, 0, 378, 0, 0, 0, 0, 0, 0, 0, 0, 0, 0, 0, 0, 0, 150, 528
"d:\workshops\eShop\.github\skills\bmad-testarch-test-design\resources\knowledge\test-healing-patterns.md", "Markdown", 0, 0, 0, 0, 494, 0, 0, 0, 0, 0, 0, 0, 0, 0, 0, 0, 0, 0, 151, 645
"d:\workshops\eShop\.github\skills\bmad-testarch-test-design\resources\knowledge\test-levels-framework.md", "Markdown", 0, 0, 0, 0, 357, 0, 0, 0, 0, 0, 0, 0, 0, 0, 0, 0, 0, 1, 116, 474
"d:\workshops\eShop\.github\skills\bmad-testarch-test-design\resources\knowledge\test-priorities-matrix.md", "Markdown", 0, 0, 0, 0, 281, 0, 0, 0, 0, 0, 0, 0, 0, 0, 0, 0, 0, 1, 92, 374
"d:\workshops\eShop\.github\skills\bmad-testarch-test-design\resources\knowledge\test-quality.md", "Markdown", 0, 0, 0, 0, 517, 0, 0, 0, 0, 0, 0, 0, 0, 0, 0, 0, 0, 0, 148, 665
"d:\workshops\eShop\.github\skills\bmad-testarch-test-design\resources\knowledge\timing-debugging.md", "Markdown", 0, 0, 0, 0, 272, 0, 0, 0, 0, 0, 0, 0, 0, 0, 0, 0, 0, 0, 101, 373
"d:\workshops\eShop\.github\skills\bmad-testarch-test-design\resources\knowledge\visual-debugging.md", "Markdown", 0, 0, 0, 0, 392, 0, 0, 0, 0, 0, 0, 0, 0, 0, 0, 0, 0, 0, 136, 528
"d:\workshops\eShop\.github\skills\bmad-testarch-test-design\resources\tea-index.csv", "CSV", 0, 0, 0, 0, 0, 0, 0, 43, 0, 0, 0, 0, 0, 0, 0, 0, 0, 0, 1, 44
"d:\workshops\eShop\.github\skills\bmad-testarch-test-design\steps-c\step-01-detect-mode.md", "Markdown", 0, 0, 0, 0, 83, 0, 0, 0, 0, 0, 0, 0, 0, 0, 0, 0, 0, 0, 52, 135
"d:\workshops\eShop\.github\skills\bmad-testarch-test-design\steps-c\step-01b-resume.md", "Markdown", 0, 0, 0, 0, 64, 0, 0, 0, 0, 0, 0, 0, 0, 0, 0, 0, 0, 0, 39, 103
"d:\workshops\eShop\.github\skills\bmad-testarch-test-design\steps-c\step-02-load-context.md", "Markdown", 0, 0, 0, 0, 151, 0, 0, 0, 0, 0, 0, 0, 0, 0, 0, 0, 0, 0, 92, 243
"d:\workshops\eShop\.github\skills\bmad-testarch-test-design\steps-c\step-03-risk-and-testability.md", "Markdown", 0, 0, 0, 0, 71, 0, 0, 0, 0, 0, 0, 0, 0, 0, 0, 0, 0, 0, 40, 111
"d:\workshops\eShop\.github\skills\bmad-testarch-test-design\steps-c\step-04-coverage-plan.md", "Markdown", 0, 0, 0, 0, 81, 0, 0, 0, 0, 0, 0, 0, 0, 0, 0, 0, 0, 0, 43, 124
"d:\workshops\eShop\.github\skills\bmad-testarch-test-design\steps-c\step-05-generate-output.md", "Markdown", 0, 0, 0, 0, 155, 0, 0, 0, 0, 0, 0, 0, 0, 0, 0, 0, 0, 0, 68, 223
"d:\workshops\eShop\.github\skills\bmad-testarch-test-design\steps-e\step-01-assess.md", "Markdown", 0, 0, 0, 0, 37, 0, 0, 0, 0, 0, 0, 0, 0, 0, 0, 0, 0, 0, 29, 66
"d:\workshops\eShop\.github\skills\bmad-testarch-test-design\steps-e\step-02-apply-edit.md", "Markdown", 0, 0, 0, 0, 33, 0, 0, 0, 0, 0, 0, 0, 0, 0, 0, 0, 0, 0, 28, 61
"d:\workshops\eShop\.github\skills\bmad-testarch-test-design\steps-v\step-01-validate.md", "Markdown", 0, 0, 0, 0, 40, 0, 0, 0, 0, 0, 0, 0, 0, 0, 0, 0, 0, 0, 28, 68
"d:\workshops\eShop\.github\skills\bmad-testarch-test-design\test-design-architecture-template.md", "Markdown", 0, 0, 0, 0, 146, 0, 0, 0, 0, 0, 0, 0, 0, 0, 0, 0, 0, 0, 85, 231
"d:\workshops\eShop\.github\skills\bmad-testarch-test-design\test-design-handoff-template.md", "Markdown", 0, 0, 0, 0, 43, 0, 0, 0, 0, 0, 0, 0, 0, 0, 0, 0, 0, 5, 23, 71
"d:\workshops\eShop\.github\skills\bmad-testarch-test-design\test-design-qa-template.md", "Markdown", 0, 0, 0, 0, 263, 0, 0, 0, 0, 0, 0, 0, 0, 0, 0, 0, 0, 0, 134, 397
"d:\workshops\eShop\.github\skills\bmad-testarch-test-design\test-design-template.md", "Markdown", 0, 0, 0, 0, 223, 0, 0, 0, 0, 0, 0, 0, 0, 0, 0, 0, 0, 0, 122, 345
"d:\workshops\eShop\.github\skills\bmad-testarch-test-design\validation-report-20260127-095021.md", "Markdown", 0, 0, 0, 0, 51, 0, 0, 0, 0, 0, 0, 0, 0, 0, 0, 0, 0, 0, 23, 74
"d:\workshops\eShop\.github\skills\bmad-testarch-test-design\validation-report-20260127-102401.md", "Markdown", 0, 0, 0, 0, 81, 0, 0, 0, 0, 0, 0, 0, 0, 0, 0, 0, 0, 0, 36, 117
"d:\workshops\eShop\.github\skills\bmad-testarch-test-design\workflow-plan.md", "Markdown", 0, 0, 0, 0, 16, 0, 0, 0, 0, 0, 0, 0, 0, 0, 0, 0, 0, 0, 7, 23
"d:\workshops\eShop\.github\skills\bmad-testarch-test-design\workflow.md", "Markdown", 0, 0, 0, 0, 27, 0, 0, 0, 0, 0, 0, 0, 0, 0, 0, 0, 0, 0, 15, 42
"d:\workshops\eShop\.github\skills\bmad-testarch-test-design\workflow.yaml", "YAML", 0, 52, 0, 0, 0, 0, 0, 0, 0, 0, 0, 0, 0, 0, 0, 0, 0, 15, 11, 78
"d:\workshops\eShop\.github\skills\bmad-testarch-test-review\SKILL.md", "Skill", 0, 0, 0, 0, 0, 0, 0, 0, 5, 0, 0, 0, 0, 0, 0, 0, 0, 0, 2, 7
"d:\workshops\eShop\.github\skills\bmad-testarch-test-review\bmad-skill-manifest.yaml", "YAML", 0, 1, 0, 0, 0, 0, 0, 0, 0, 0, 0, 0, 0, 0, 0, 0, 0, 0, 1, 2
"d:\workshops\eShop\.github\skills\bmad-testarch-test-review\checklist.md", "Markdown", 0, 0, 0, 0, 345, 0, 0, 0, 0, 0, 0, 0, 0, 0, 0, 0, 0, 0, 131, 476
"d:\workshops\eShop\.github\skills\bmad-testarch-test-review\instructions.md", "Markdown", 0, 0, 0, 0, 26, 0, 0, 0, 0, 0, 0, 0, 0, 0, 0, 0, 0, 0, 20, 46
"d:\workshops\eShop\.github\skills\bmad-testarch-test-review\resources\knowledge\adr-quality-readiness-checklist.md", "Markdown", 0, 0, 0, 0, 258, 0, 0, 0, 0, 0, 0, 0, 0, 0, 0, 0, 0, 0, 120, 378
"d:\workshops\eShop\.github\skills\bmad-testarch-test-review\resources\knowledge\api-request.md", "Markdown", 0, 0, 0, 0, 443, 0, 0, 0, 0, 0, 0, 0, 0, 0, 0, 0, 0, 0, 121, 564
"d:\workshops\eShop\.github\skills\bmad-testarch-test-review\resources\knowledge\api-testing-patterns.md", "Markdown", 0, 0, 0, 0, 754, 0, 0, 0, 0, 0, 0, 0, 0, 0, 0, 0, 0, 0, 162, 916
"d:\workshops\eShop\.github\skills\bmad-testarch-test-review\resources\knowledge\auth-session.md", "Markdown", 0, 0, 0, 0, 416, 0, 0, 0, 0, 0, 0, 0, 0, 0, 0, 0, 0, 0, 133, 549
"d:\workshops\eShop\.github\skills\bmad-testarch-test-review\resources\knowledge\burn-in.md", "Markdown", 0, 0, 0, 0, 198, 0, 0, 0, 0, 0, 0, 0, 0, 0, 0, 0, 0, 0, 76, 274
"d:\workshops\eShop\.github\skills\bmad-testarch-test-review\resources\knowledge\ci-burn-in.md", "Markdown", 0, 0, 0, 0, 576, 0, 0, 0, 0, 0, 0, 0, 0, 0, 0, 0, 0, 0, 142, 718
"d:\workshops\eShop\.github\skills\bmad-testarch-test-review\resources\knowledge\component-tdd.md", "Markdown", 0, 0, 0, 0, 380, 0, 0, 0, 0, 0, 0, 0, 0, 0, 0, 0, 0, 0, 107, 487
"d:\workshops\eShop\.github\skills\bmad-testarch-test-review\resources\knowledge\contract-testing.md", "Markdown", 0, 0, 0, 0, 882, 0, 0, 0, 0, 0, 0, 0, 0, 0, 0, 0, 0, 0, 169, 1051
"d:\workshops\eShop\.github\skills\bmad-testarch-test-review\resources\knowledge\data-factories.md", "Markdown", 0, 0, 0, 0, 392, 0, 0, 0, 0, 0, 0, 0, 0, 0, 0, 0, 0, 0, 109, 501
"d:\workshops\eShop\.github\skills\bmad-testarch-test-review\resources\knowledge\email-auth.md", "Markdown", 0, 0, 0, 0, 564, 0, 0, 0, 0, 0, 0, 0, 0, 0, 0, 0, 0, 0, 158, 722
"d:\workshops\eShop\.github\skills\bmad-testarch-test-review\resources\knowledge\error-handling.md", "Markdown", 0, 0, 0, 0, 579, 0, 0, 0, 0, 0, 0, 0, 0, 0, 0, 0, 0, 0, 147, 726
"d:\workshops\eShop\.github\skills\bmad-testarch-test-review\resources\knowledge\feature-flags.md", "Markdown", 0, 0, 0, 0, 620, 0, 0, 0, 0, 0, 0, 0, 0, 0, 0, 0, 0, 0, 131, 751
"d:\workshops\eShop\.github\skills\bmad-testarch-test-review\resources\knowledge\file-utils.md", "Markdown", 0, 0, 0, 0, 342, 0, 0, 0, 0, 0, 0, 0, 0, 0, 0, 0, 0, 0, 115, 457
"d:\workshops\eShop\.github\skills\bmad-testarch-test-review\resources\knowledge\fixture-architecture.md", "Markdown", 0, 0, 0, 0, 316, 0, 0, 0, 0, 0, 0, 0, 0, 0, 0, 0, 0, 0, 86, 402
"d:\workshops\eShop\.github\skills\bmad-testarch-test-review\resources\knowledge\fixtures-composition.md", "Markdown", 0, 0, 0, 0, 292, 0, 0, 0, 0, 0, 0, 0, 0, 0, 0, 0, 0, 0, 91, 383
"d:\workshops\eShop\.github\skills\bmad-testarch-test-review\resources\knowledge\intercept-network-call.md", "Markdown", 0, 0, 0, 0, 318, 0, 0, 0, 0, 0, 0, 0, 0, 0, 0, 0, 0, 0, 109, 427
"d:\workshops\eShop\.github\skills\bmad-testarch-test-review\resources\knowledge\log.md", "Markdown", 0, 0, 0, 0, 320, 0, 0, 0, 0, 0, 0, 0, 0, 0, 0, 0, 0, 0, 107, 427
"d:\workshops\eShop\.github\skills\bmad-testarch-test-review\resources\knowledge\network-error-monitor.md", "Markdown", 0, 0, 0, 0, 289, 0, 0, 0, 0, 0, 0, 0, 0, 0, 0, 0, 0, 0, 113, 402
"d:\workshops\eShop\.github\skills\bmad-testarch-test-review\resources\knowledge\network-first.md", "Markdown", 0, 0, 0, 0, 378, 0, 0, 0, 0, 0, 0, 0, 0, 0, 0, 0, 0, 0, 109, 487
"d:\workshops\eShop\.github\skills\bmad-testarch-test-review\resources\knowledge\network-recorder.md", "Markdown", 0, 0, 0, 0, 384, 0, 0, 0, 0, 0, 0, 0, 0, 0, 0, 0, 0, 0, 144, 528
"d:\workshops\eShop\.github\skills\bmad-testarch-test-review\resources\knowledge\nfr-criteria.md", "Markdown", 0, 0, 0, 0, 515, 0, 0, 0, 0, 0, 0, 0, 0, 0, 0, 0, 0, 0, 156, 671
"d:\workshops\eShop\.github\skills\bmad-testarch-test-review\resources\knowledge\overview.md", "Markdown", 0, 0, 0, 0, 204, 0, 0, 0, 0, 0, 0, 0, 0, 0, 0, 0, 0, 0, 83, 287
"d:\workshops\eShop\.github\skills\bmad-testarch-test-review\resources\knowledge\pact-consumer-di.md", "Markdown", 0, 0, 0, 0, 238, 0, 0, 0, 0, 0, 0, 0, 0, 0, 0, 0, 0, 0, 73, 311
"d:\workshops\eShop\.github\skills\bmad-testarch-test-review\resources\knowledge\pact-consumer-framework-setup.md", "Markdown", 0, 0, 0, 0, 495, 0, 0, 0, 0, 0, 0, 0, 0, 0, 0, 0, 0, 0, 141, 636
"d:\workshops\eShop\.github\skills\bmad-testarch-test-review\resources\knowledge\pact-mcp.md", "Markdown", 0, 0, 0, 0, 152, 0, 0, 0, 0, 0, 0, 0, 0, 0, 0, 0, 0, 0, 53, 205
"d:\workshops\eShop\.github\skills\bmad-testarch-test-review\resources\knowledge\pactjs-utils-consumer-helpers.md", "Markdown", 0, 0, 0, 0, 216, 0, 0, 0, 0, 0, 0, 0, 0, 0, 0, 0, 0, 0, 55, 271
"d:\workshops\eShop\.github\skills\bmad-testarch-test-review\resources\knowledge\pactjs-utils-overview.md", "Markdown", 0, 0, 0, 0, 174, 0, 0, 0, 0, 0, 0, 0, 0, 0, 0, 0, 0, 0, 43, 217
"d:\workshops\eShop\.github\skills\bmad-testarch-test-review\resources\knowledge\pactjs-utils-provider-verifier.md", "Markdown", 0, 0, 0, 0, 258, 0, 0, 0, 0, 0, 0, 0, 0, 0, 0, 0, 0, 0, 58, 316
"d:\workshops\eShop\.github\skills\bmad-testarch-test-review\resources\knowledge\pactjs-utils-request-filter.md", "Markdown", 0, 0, 0, 0, 177, 0, 0, 0, 0, 0, 0, 0, 0, 0, 0, 0, 0, 0, 48, 225
"d:\workshops\eShop\.github\skills\bmad-testarch-test-review\resources\knowledge\playwright-cli.md", "Markdown", 0, 0, 0, 0, 138, 0, 0, 0, 0, 0, 0, 0, 0, 0, 0, 0, 0, 0, 55, 193
"d:\workshops\eShop\.github\skills\bmad-testarch-test-review\resources\knowledge\playwright-config.md", "Markdown", 0, 0, 0, 0, 591, 0, 0, 0, 0, 0, 0, 0, 0, 0, 0, 0, 0, 0, 144, 735
"d:\workshops\eShop\.github\skills\bmad-testarch-test-review\resources\knowledge\probability-impact.md", "Markdown", 0, 0, 0, 0, 496, 0, 0, 0, 0, 0, 0, 0, 0, 0, 0, 0, 0, 0, 106, 602
"d:\workshops\eShop\.github\skills\bmad-testarch-test-review\resources\knowledge\recurse.md", "Markdown", 0, 0, 0, 0, 327, 0, 0, 0, 0, 0, 0, 0, 0, 0, 0, 0, 0, 0, 95, 422
"d:\workshops\eShop\.github\skills\bmad-testarch-test-review\resources\knowledge\risk-governance.md", "Markdown", 0, 0, 0, 0, 499, 0, 0, 0, 0, 0, 0, 0, 0, 0, 0, 0, 0, 0, 117, 616
"d:\workshops\eShop\.github\skills\bmad-testarch-test-review\resources\knowledge\selective-testing.md", "Markdown", 0, 0, 0, 0, 598, 0, 0, 0, 0, 0, 0, 0, 0, 0, 0, 0, 0, 0, 135, 733
"d:\workshops\eShop\.github\skills\bmad-testarch-test-review\resources\knowledge\selector-resilience.md", "Markdown", 0, 0, 0, 0, 378, 0, 0, 0, 0, 0, 0, 0, 0, 0, 0, 0, 0, 0, 150, 528
"d:\workshops\eShop\.github\skills\bmad-testarch-test-review\resources\knowledge\test-healing-patterns.md", "Markdown", 0, 0, 0, 0, 494, 0, 0, 0, 0, 0, 0, 0, 0, 0, 0, 0, 0, 0, 151, 645
"d:\workshops\eShop\.github\skills\bmad-testarch-test-review\resources\knowledge\test-levels-framework.md", "Markdown", 0, 0, 0, 0, 357, 0, 0, 0, 0, 0, 0, 0, 0, 0, 0, 0, 0, 1, 116, 474
"d:\workshops\eShop\.github\skills\bmad-testarch-test-review\resources\knowledge\test-priorities-matrix.md", "Markdown", 0, 0, 0, 0, 281, 0, 0, 0, 0, 0, 0, 0, 0, 0, 0, 0, 0, 1, 92, 374
"d:\workshops\eShop\.github\skills\bmad-testarch-test-review\resources\knowledge\test-quality.md", "Markdown", 0, 0, 0, 0, 517, 0, 0, 0, 0, 0, 0, 0, 0, 0, 0, 0, 0, 0, 148, 665
"d:\workshops\eShop\.github\skills\bmad-testarch-test-review\resources\knowledge\timing-debugging.md", "Markdown", 0, 0, 0, 0, 272, 0, 0, 0, 0, 0, 0, 0, 0, 0, 0, 0, 0, 0, 101, 373
"d:\workshops\eShop\.github\skills\bmad-testarch-test-review\resources\knowledge\visual-debugging.md", "Markdown", 0, 0, 0, 0, 392, 0, 0, 0, 0, 0, 0, 0, 0, 0, 0, 0, 0, 0, 136, 528
"d:\workshops\eShop\.github\skills\bmad-testarch-test-review\resources\tea-index.csv", "CSV", 0, 0, 0, 0, 0, 0, 0, 43, 0, 0, 0, 0, 0, 0, 0, 0, 0, 0, 1, 44
"d:\workshops\eShop\.github\skills\bmad-testarch-test-review\steps-c\step-01-load-context.md", "Markdown", 0, 0, 0, 0, 121, 0, 0, 0, 0, 0, 0, 0, 0, 0, 0, 0, 0, 0, 77, 198
"d:\workshops\eShop\.github\skills\bmad-testarch-test-review\steps-c\step-01b-resume.md", "Markdown", 0, 0, 0, 0, 65, 0, 0, 0, 0, 0, 0, 0, 0, 0, 0, 0, 0, 0, 40, 105
"d:\workshops\eShop\.github\skills\bmad-testarch-test-review\steps-c\step-02-discover-tests.md", "Markdown", 0, 0, 0, 0, 79, 0, 0, 0, 0, 0, 0, 0, 0, 0, 0, 0, 0, 0, 41, 120
"d:\workshops\eShop\.github\skills\bmad-testarch-test-review\steps-c\step-03-quality-evaluation.md", "Markdown", 0, 0, 0, 0, 196, 0, 0, 0, 0, 0, 0, 0, 0, 0, 0, 0, 0, 0, 79, 275
"d:\workshops\eShop\.github\skills\bmad-testarch-test-review\steps-c\step-03a-subagent-determinism.md", "Markdown", 0, 0, 0, 0, 166, 0, 0, 0, 0, 0, 0, 0, 0, 0, 0, 0, 0, 0, 49, 215
"d:\workshops\eShop\.github\skills\bmad-testarch-test-review\steps-c\step-03b-subagent-isolation.md", "Markdown", 0, 0, 0, 0, 92, 0, 0, 0, 0, 0, 0, 0, 0, 0, 0, 0, 0, 0, 34, 126
"d:\workshops\eShop\.github\skills\bmad-testarch-test-review\steps-c\step-03c-subagent-maintainability.md", "Markdown", 0, 0, 0, 0, 77, 0, 0, 0, 0, 0, 0, 0, 0, 0, 0, 0, 0, 0, 26, 103
"d:\workshops\eShop\.github\skills\bmad-testarch-test-review\steps-c\step-03e-subagent-performance.md", "Markdown", 0, 0, 0, 0, 92, 0, 0, 0, 0, 0, 0, 0, 0, 0, 0, 0, 0, 0, 26, 118
"d:\workshops\eShop\.github\skills\bmad-testarch-test-review\steps-c\step-03f-aggregate-scores.md", "Markdown", 0, 0, 0, 0, 199, 0, 0, 0, 0, 0, 0, 0, 0, 0, 0, 0, 0, 0, 79, 278
"d:\workshops\eShop\.github\skills\bmad-testarch-test-review\steps-c\step-04-generate-report.md", "Markdown", 0, 0, 0, 0, 72, 0, 0, 0, 0, 0, 0, 0, 0, 0, 0, 0, 0, 0, 40, 112
"d:\workshops\eShop\.github\skills\bmad-testarch-test-review\steps-e\step-01-assess.md", "Markdown", 0, 0, 0, 0, 37, 0, 0, 0, 0, 0, 0, 0, 0, 0, 0, 0, 0, 0, 29, 66
"d:\workshops\eShop\.github\skills\bmad-testarch-test-review\steps-e\step-02-apply-edit.md", "Markdown", 0, 0, 0, 0, 33, 0, 0, 0, 0, 0, 0, 0, 0, 0, 0, 0, 0, 0, 28, 61
"d:\workshops\eShop\.github\skills\bmad-testarch-test-review\steps-v\step-01-validate.md", "Markdown", 0, 0, 0, 0, 40, 0, 0, 0, 0, 0, 0, 0, 0, 0, 0, 0, 0, 0, 28, 68
"d:\workshops\eShop\.github\skills\bmad-testarch-test-review\test-review-template.md", "Markdown", 0, 0, 0, 0, 264, 0, 0, 0, 0, 0, 0, 0, 0, 0, 0, 0, 0, 0, 124, 388
"d:\workshops\eShop\.github\skills\bmad-testarch-test-review\validation-report-20260127-095021.md", "Markdown", 0, 0, 0, 0, 50, 0, 0, 0, 0, 0, 0, 0, 0, 0, 0, 0, 0, 0, 23, 73
"d:\workshops\eShop\.github\skills\bmad-testarch-test-review\validation-report-20260127-102401.md", "Markdown", 0, 0, 0, 0, 79, 0, 0, 0, 0, 0, 0, 0, 0, 0, 0, 0, 0, 0, 36, 115
"d:\workshops\eShop\.github\skills\bmad-testarch-test-review\workflow-plan.md", "Markdown", 0, 0, 0, 0, 13, 0, 0, 0, 0, 0, 0, 0, 0, 0, 0, 0, 0, 0, 6, 19
"d:\workshops\eShop\.github\skills\bmad-testarch-test-review\workflow.md", "Markdown", 0, 0, 0, 0, 27, 0, 0, 0, 0, 0, 0, 0, 0, 0, 0, 0, 0, 0, 15, 42
"d:\workshops\eShop\.github\skills\bmad-testarch-test-review\workflow.yaml", "YAML", 0, 34, 0, 0, 0, 0, 0, 0, 0, 0, 0, 0, 0, 0, 0, 0, 0, 7, 8, 49
"d:\workshops\eShop\.github\skills\bmad-testarch-trace\SKILL.md", "Skill", 0, 0, 0, 0, 0, 0, 0, 0, 5, 0, 0, 0, 0, 0, 0, 0, 0, 0, 2, 7
"d:\workshops\eShop\.github\skills\bmad-testarch-trace\bmad-skill-manifest.yaml", "YAML", 0, 1, 0, 0, 0, 0, 0, 0, 0, 0, 0, 0, 0, 0, 0, 0, 0, 0, 1, 2
"d:\workshops\eShop\.github\skills\bmad-testarch-trace\checklist.md", "Markdown", 0, 0, 0, 0, 459, 0, 0, 0, 0, 0, 0, 0, 0, 0, 0, 0, 0, 1, 188, 648
"d:\workshops\eShop\.github\skills\bmad-testarch-trace\instructions.md", "Markdown", 0, 0, 0, 0, 25, 0, 0, 0, 0, 0, 0, 0, 0, 0, 0, 0, 0, 0, 19, 44
"d:\workshops\eShop\.github\skills\bmad-testarch-trace\resources\knowledge\adr-quality-readiness-checklist.md", "Markdown", 0, 0, 0, 0, 258, 0, 0, 0, 0, 0, 0, 0, 0, 0, 0, 0, 0, 0, 120, 378
"d:\workshops\eShop\.github\skills\bmad-testarch-trace\resources\knowledge\api-request.md", "Markdown", 0, 0, 0, 0, 443, 0, 0, 0, 0, 0, 0, 0, 0, 0, 0, 0, 0, 0, 121, 564
"d:\workshops\eShop\.github\skills\bmad-testarch-trace\resources\knowledge\api-testing-patterns.md", "Markdown", 0, 0, 0, 0, 754, 0, 0, 0, 0, 0, 0, 0, 0, 0, 0, 0, 0, 0, 162, 916
"d:\workshops\eShop\.github\skills\bmad-testarch-trace\resources\knowledge\auth-session.md", "Markdown", 0, 0, 0, 0, 416, 0, 0, 0, 0, 0, 0, 0, 0, 0, 0, 0, 0, 0, 133, 549
"d:\workshops\eShop\.github\skills\bmad-testarch-trace\resources\knowledge\burn-in.md", "Markdown", 0, 0, 0, 0, 198, 0, 0, 0, 0, 0, 0, 0, 0, 0, 0, 0, 0, 0, 76, 274
"d:\workshops\eShop\.github\skills\bmad-testarch-trace\resources\knowledge\ci-burn-in.md", "Markdown", 0, 0, 0, 0, 576, 0, 0, 0, 0, 0, 0, 0, 0, 0, 0, 0, 0, 0, 142, 718
"d:\workshops\eShop\.github\skills\bmad-testarch-trace\resources\knowledge\component-tdd.md", "Markdown", 0, 0, 0, 0, 380, 0, 0, 0, 0, 0, 0, 0, 0, 0, 0, 0, 0, 0, 107, 487
"d:\workshops\eShop\.github\skills\bmad-testarch-trace\resources\knowledge\contract-testing.md", "Markdown", 0, 0, 0, 0, 882, 0, 0, 0, 0, 0, 0, 0, 0, 0, 0, 0, 0, 0, 169, 1051
"d:\workshops\eShop\.github\skills\bmad-testarch-trace\resources\knowledge\data-factories.md", "Markdown", 0, 0, 0, 0, 392, 0, 0, 0, 0, 0, 0, 0, 0, 0, 0, 0, 0, 0, 109, 501
"d:\workshops\eShop\.github\skills\bmad-testarch-trace\resources\knowledge\email-auth.md", "Markdown", 0, 0, 0, 0, 564, 0, 0, 0, 0, 0, 0, 0, 0, 0, 0, 0, 0, 0, 158, 722
"d:\workshops\eShop\.github\skills\bmad-testarch-trace\resources\knowledge\error-handling.md", "Markdown", 0, 0, 0, 0, 579, 0, 0, 0, 0, 0, 0, 0, 0, 0, 0, 0, 0, 0, 147, 726
"d:\workshops\eShop\.github\skills\bmad-testarch-trace\resources\knowledge\feature-flags.md", "Markdown", 0, 0, 0, 0, 620, 0, 0, 0, 0, 0, 0, 0, 0, 0, 0, 0, 0, 0, 131, 751
"d:\workshops\eShop\.github\skills\bmad-testarch-trace\resources\knowledge\file-utils.md", "Markdown", 0, 0, 0, 0, 342, 0, 0, 0, 0, 0, 0, 0, 0, 0, 0, 0, 0, 0, 115, 457
"d:\workshops\eShop\.github\skills\bmad-testarch-trace\resources\knowledge\fixture-architecture.md", "Markdown", 0, 0, 0, 0, 316, 0, 0, 0, 0, 0, 0, 0, 0, 0, 0, 0, 0, 0, 86, 402
"d:\workshops\eShop\.github\skills\bmad-testarch-trace\resources\knowledge\fixtures-composition.md", "Markdown", 0, 0, 0, 0, 292, 0, 0, 0, 0, 0, 0, 0, 0, 0, 0, 0, 0, 0, 91, 383
"d:\workshops\eShop\.github\skills\bmad-testarch-trace\resources\knowledge\intercept-network-call.md", "Markdown", 0, 0, 0, 0, 318, 0, 0, 0, 0, 0, 0, 0, 0, 0, 0, 0, 0, 0, 109, 427
"d:\workshops\eShop\.github\skills\bmad-testarch-trace\resources\knowledge\log.md", "Markdown", 0, 0, 0, 0, 320, 0, 0, 0, 0, 0, 0, 0, 0, 0, 0, 0, 0, 0, 107, 427
"d:\workshops\eShop\.github\skills\bmad-testarch-trace\resources\knowledge\network-error-monitor.md", "Markdown", 0, 0, 0, 0, 289, 0, 0, 0, 0, 0, 0, 0, 0, 0, 0, 0, 0, 0, 113, 402
"d:\workshops\eShop\.github\skills\bmad-testarch-trace\resources\knowledge\network-first.md", "Markdown", 0, 0, 0, 0, 378, 0, 0, 0, 0, 0, 0, 0, 0, 0, 0, 0, 0, 0, 109, 487
"d:\workshops\eShop\.github\skills\bmad-testarch-trace\resources\knowledge\network-recorder.md", "Markdown", 0, 0, 0, 0, 384, 0, 0, 0, 0, 0, 0, 0, 0, 0, 0, 0, 0, 0, 144, 528
"d:\workshops\eShop\.github\skills\bmad-testarch-trace\resources\knowledge\nfr-criteria.md", "Markdown", 0, 0, 0, 0, 515, 0, 0, 0, 0, 0, 0, 0, 0, 0, 0, 0, 0, 0, 156, 671
"d:\workshops\eShop\.github\skills\bmad-testarch-trace\resources\knowledge\overview.md", "Markdown", 0, 0, 0, 0, 204, 0, 0, 0, 0, 0, 0, 0, 0, 0, 0, 0, 0, 0, 83, 287
"d:\workshops\eShop\.github\skills\bmad-testarch-trace\resources\knowledge\pact-consumer-di.md", "Markdown", 0, 0, 0, 0, 238, 0, 0, 0, 0, 0, 0, 0, 0, 0, 0, 0, 0, 0, 73, 311
"d:\workshops\eShop\.github\skills\bmad-testarch-trace\resources\knowledge\pact-consumer-framework-setup.md", "Markdown", 0, 0, 0, 0, 495, 0, 0, 0, 0, 0, 0, 0, 0, 0, 0, 0, 0, 0, 141, 636
"d:\workshops\eShop\.github\skills\bmad-testarch-trace\resources\knowledge\pact-mcp.md", "Markdown", 0, 0, 0, 0, 152, 0, 0, 0, 0, 0, 0, 0, 0, 0, 0, 0, 0, 0, 53, 205
"d:\workshops\eShop\.github\skills\bmad-testarch-trace\resources\knowledge\pactjs-utils-consumer-helpers.md", "Markdown", 0, 0, 0, 0, 216, 0, 0, 0, 0, 0, 0, 0, 0, 0, 0, 0, 0, 0, 55, 271
"d:\workshops\eShop\.github\skills\bmad-testarch-trace\resources\knowledge\pactjs-utils-overview.md", "Markdown", 0, 0, 0, 0, 174, 0, 0, 0, 0, 0, 0, 0, 0, 0, 0, 0, 0, 0, 43, 217
"d:\workshops\eShop\.github\skills\bmad-testarch-trace\resources\knowledge\pactjs-utils-provider-verifier.md", "Markdown", 0, 0, 0, 0, 258, 0, 0, 0, 0, 0, 0, 0, 0, 0, 0, 0, 0, 0, 58, 316
"d:\workshops\eShop\.github\skills\bmad-testarch-trace\resources\knowledge\pactjs-utils-request-filter.md", "Markdown", 0, 0, 0, 0, 177, 0, 0, 0, 0, 0, 0, 0, 0, 0, 0, 0, 0, 0, 48, 225
"d:\workshops\eShop\.github\skills\bmad-testarch-trace\resources\knowledge\playwright-cli.md", "Markdown", 0, 0, 0, 0, 138, 0, 0, 0, 0, 0, 0, 0, 0, 0, 0, 0, 0, 0, 55, 193
"d:\workshops\eShop\.github\skills\bmad-testarch-trace\resources\knowledge\playwright-config.md", "Markdown", 0, 0, 0, 0, 591, 0, 0, 0, 0, 0, 0, 0, 0, 0, 0, 0, 0, 0, 144, 735
"d:\workshops\eShop\.github\skills\bmad-testarch-trace\resources\knowledge\probability-impact.md", "Markdown", 0, 0, 0, 0, 496, 0, 0, 0, 0, 0, 0, 0, 0, 0, 0, 0, 0, 0, 106, 602
"d:\workshops\eShop\.github\skills\bmad-testarch-trace\resources\knowledge\recurse.md", "Markdown", 0, 0, 0, 0, 327, 0, 0, 0, 0, 0, 0, 0, 0, 0, 0, 0, 0, 0, 95, 422
"d:\workshops\eShop\.github\skills\bmad-testarch-trace\resources\knowledge\risk-governance.md", "Markdown", 0, 0, 0, 0, 499, 0, 0, 0, 0, 0, 0, 0, 0, 0, 0, 0, 0, 0, 117, 616
"d:\workshops\eShop\.github\skills\bmad-testarch-trace\resources\knowledge\selective-testing.md", "Markdown", 0, 0, 0, 0, 598, 0, 0, 0, 0, 0, 0, 0, 0, 0, 0, 0, 0, 0, 135, 733
"d:\workshops\eShop\.github\skills\bmad-testarch-trace\resources\knowledge\selector-resilience.md", "Markdown", 0, 0, 0, 0, 378, 0, 0, 0, 0, 0, 0, 0, 0, 0, 0, 0, 0, 0, 150, 528
"d:\workshops\eShop\.github\skills\bmad-testarch-trace\resources\knowledge\test-healing-patterns.md", "Markdown", 0, 0, 0, 0, 494, 0, 0, 0, 0, 0, 0, 0, 0, 0, 0, 0, 0, 0, 151, 645
"d:\workshops\eShop\.github\skills\bmad-testarch-trace\resources\knowledge\test-levels-framework.md", "Markdown", 0, 0, 0, 0, 357, 0, 0, 0, 0, 0, 0, 0, 0, 0, 0, 0, 0, 1, 116, 474
"d:\workshops\eShop\.github\skills\bmad-testarch-trace\resources\knowledge\test-priorities-matrix.md", "Markdown", 0, 0, 0, 0, 281, 0, 0, 0, 0, 0, 0, 0, 0, 0, 0, 0, 0, 1, 92, 374
"d:\workshops\eShop\.github\skills\bmad-testarch-trace\resources\knowledge\test-quality.md", "Markdown", 0, 0, 0, 0, 517, 0, 0, 0, 0, 0, 0, 0, 0, 0, 0, 0, 0, 0, 148, 665
"d:\workshops\eShop\.github\skills\bmad-testarch-trace\resources\knowledge\timing-debugging.md", "Markdown", 0, 0, 0, 0, 272, 0, 0, 0, 0, 0, 0, 0, 0, 0, 0, 0, 0, 0, 101, 373
"d:\workshops\eShop\.github\skills\bmad-testarch-trace\resources\knowledge\visual-debugging.md", "Markdown", 0, 0, 0, 0, 392, 0, 0, 0, 0, 0, 0, 0, 0, 0, 0, 0, 0, 0, 136, 528
"d:\workshops\eShop\.github\skills\bmad-testarch-trace\resources\tea-index.csv", "CSV", 0, 0, 0, 0, 0, 0, 0, 43, 0, 0, 0, 0, 0, 0, 0, 0, 0, 0, 1, 44
"d:\workshops\eShop\.github\skills\bmad-testarch-trace\steps-c\step-01-load-context.md", "Markdown", 0, 0, 0, 0, 68, 0, 0, 0, 0, 0, 0, 0, 0, 0, 0, 0, 0, 0, 38, 106
"d:\workshops\eShop\.github\skills\bmad-testarch-trace\steps-c\step-01b-resume.md", "Markdown", 0, 0, 0, 0, 64, 0, 0, 0, 0, 0, 0, 0, 0, 0, 0, 0, 0, 0, 39, 103
"d:\workshops\eShop\.github\skills\bmad-testarch-trace\steps-c\step-02-discover-tests.md", "Markdown", 0, 0, 0, 0, 74, 0, 0, 0, 0, 0, 0, 0, 0, 0, 0, 0, 0, 0, 39, 113
"d:\workshops\eShop\.github\skills\bmad-testarch-trace\steps-c\step-03-map-criteria.md", "Markdown", 0, 0, 0, 0, 65, 0, 0, 0, 0, 0, 0, 0, 0, 0, 0, 0, 0, 0, 33, 98
"d:\workshops\eShop\.github\skills\bmad-testarch-trace\steps-c\step-04-analyze-gaps.md", "Markdown", 0, 0, 0, 0, 317, 0, 0, 0, 0, 0, 0, 0, 0, 0, 0, 0, 0, 0, 105, 422
"d:\workshops\eShop\.github\skills\bmad-testarch-trace\steps-c\step-05-gate-decision.md", "Markdown", 0, 0, 0, 0, 187, 0, 0, 0, 0, 0, 0, 0, 0, 0, 0, 0, 0, 0, 80, 267
"d:\workshops\eShop\.github\skills\bmad-testarch-trace\steps-e\step-01-assess.md", "Markdown", 0, 0, 0, 0, 37, 0, 0, 0, 0, 0, 0, 0, 0, 0, 0, 0, 0, 0, 29, 66
"d:\workshops\eShop\.github\skills\bmad-testarch-trace\steps-e\step-02-apply-edit.md", "Markdown", 0, 0, 0, 0, 33, 0, 0, 0, 0, 0, 0, 0, 0, 0, 0, 0, 0, 0, 28, 61
"d:\workshops\eShop\.github\skills\bmad-testarch-trace\steps-v\step-01-validate.md", "Markdown", 0, 0, 0, 0, 40, 0, 0, 0, 0, 0, 0, 0, 0, 0, 0, 0, 0, 0, 28, 68
"d:\workshops\eShop\.github\skills\bmad-testarch-trace\trace-template.md", "Markdown", 0, 0, 0, 0, 482, 0, 0, 0, 0, 0, 0, 0, 0, 0, 0, 0, 0, 1, 226, 709
"d:\workshops\eShop\.github\skills\bmad-testarch-trace\validation-report-20260127-095021.md", "Markdown", 0, 0, 0, 0, 51, 0, 0, 0, 0, 0, 0, 0, 0, 0, 0, 0, 0, 0, 23, 74
"d:\workshops\eShop\.github\skills\bmad-testarch-trace\validation-report-20260127-102401.md", "Markdown", 0, 0, 0, 0, 81, 0, 0, 0, 0, 0, 0, 0, 0, 0, 0, 0, 0, 0, 36, 117
"d:\workshops\eShop\.github\skills\bmad-testarch-trace\workflow-plan.md", "Markdown", 0, 0, 0, 0, 15, 0, 0, 0, 0, 0, 0, 0, 0, 0, 0, 0, 0, 0, 7, 22
"d:\workshops\eShop\.github\skills\bmad-testarch-trace\workflow.md", "Markdown", 0, 0, 0, 0, 27, 0, 0, 0, 0, 0, 0, 0, 0, 0, 0, 0, 0, 0, 15, 42
"d:\workshops\eShop\.github\skills\bmad-testarch-trace\workflow.yaml", "YAML", 0, 39, 0, 0, 0, 0, 0, 0, 0, 0, 0, 0, 0, 0, 0, 0, 0, 9, 9, 57
"d:\workshops\eShop\.github\skills\bmad-validate-prd\SKILL.md", "Skill", 0, 0, 0, 0, 0, 0, 0, 0, 5, 0, 0, 0, 0, 0, 0, 0, 0, 0, 2, 7
"d:\workshops\eShop\.github\skills\bmad-validate-prd\data\domain-complexity.csv", "CSV", 0, 0, 0, 0, 0, 0, 0, 15, 0, 0, 0, 0, 0, 0, 0, 0, 0, 0, 0, 15
"d:\workshops\eShop\.github\skills\bmad-validate-prd\data\prd-purpose.md", "Markdown", 0, 0, 0, 0, 137, 0, 0, 0, 0, 0, 0, 0, 0, 0, 0, 0, 0, 0, 61, 198
"d:\workshops\eShop\.github\skills\bmad-validate-prd\data\project-types.csv", "CSV", 0, 0, 0, 0, 0, 0, 0, 11, 0, 0, 0, 0, 0, 0, 0, 0, 0, 0, 0, 11
"d:\workshops\eShop\.github\skills\bmad-validate-prd\steps-v\step-v-01-discovery.md", "Markdown", 0, 0, 0, 0, 150, 0, 0, 0, 0, 0, 0, 0, 0, 0, 0, 0, 0, 0, 72, 222
"d:\workshops\eShop\.github\skills\bmad-validate-prd\steps-v\step-v-02-format-detection.md", "Markdown", 0, 0, 0, 0, 130, 0, 0, 0, 0, 0, 0, 0, 0, 0, 0, 0, 0, 0, 59, 189
"d:\workshops\eShop\.github\skills\bmad-validate-prd\steps-v\step-v-02b-parity-check.md", "Markdown", 0, 0, 0, 0, 146, 0, 0, 0, 0, 0, 0, 0, 0, 0, 0, 0, 0, 0, 61, 207
"d:\workshops\eShop\.github\skills\bmad-validate-prd\steps-v\step-v-03-density-validation.md", "Markdown", 0, 0, 0, 0, 120, 0, 0, 0, 0, 0, 0, 0, 0, 0, 0, 0, 0, 0, 52, 172
"d:\workshops\eShop\.github\skills\bmad-validate-prd\steps-v\step-v-04-brief-coverage-validation.md", "Markdown", 0, 0, 0, 0, 148, 0, 0, 0, 0, 0, 0, 0, 0, 0, 0, 0, 0, 0, 64, 212
"d:\workshops\eShop\.github\skills\bmad-validate-prd\steps-v\step-v-05-measurability-validation.md", "Markdown", 0, 0, 0, 0, 155, 0, 0, 0, 0, 0, 0, 0, 0, 0, 0, 0, 0, 0, 71, 226
"d:\workshops\eShop\.github\skills\bmad-validate-prd\steps-v\step-v-06-traceability-validation.md", "Markdown", 0, 0, 0, 0, 149, 0, 0, 0, 0, 0, 0, 0, 0, 0, 0, 0, 0, 0, 66, 215
"d:\workshops\eShop\.github\skills\bmad-validate-prd\steps-v\step-v-07-implementation-leakage-validation.md", "Markdown", 0, 0, 0, 0, 136, 0, 0, 0, 0, 0, 0, 0, 0, 0, 0, 0, 0, 0, 67, 203
"d:\workshops\eShop\.github\skills\bmad-validate-prd\steps-v\step-v-08-domain-compliance-validation.md", "Markdown", 0, 0, 0, 0, 169, 0, 0, 0, 0, 0, 0, 0, 0, 0, 0, 0, 0, 0, 72, 241
"d:\workshops\eShop\.github\skills\bmad-validate-prd\steps-v\step-v-09-project-type-validation.md", "Markdown", 0, 0, 0, 0, 182, 0, 0, 0, 0, 0, 0, 0, 0, 0, 0, 0, 0, 0, 79, 261
"d:\workshops\eShop\.github\skills\bmad-validate-prd\steps-v\step-v-10-smart-validation.md", "Markdown", 0, 0, 0, 0, 145, 0, 0, 0, 0, 0, 0, 0, 0, 0, 0, 0, 0, 0, 62, 207
"d:\workshops\eShop\.github\skills\bmad-validate-prd\steps-v\step-v-11-holistic-quality-validation.md", "Markdown", 0, 0, 0, 0, 188, 0, 0, 0, 0, 0, 0, 0, 0, 0, 0, 0, 0, 0, 74, 262
"d:\workshops\eShop\.github\skills\bmad-validate-prd\steps-v\step-v-12-completeness-validation.md", "Markdown", 0, 0, 0, 0, 170, 0, 0, 0, 0, 0, 0, 0, 0, 0, 0, 0, 0, 0, 70, 240
"d:\workshops\eShop\.github\skills\bmad-validate-prd\steps-v\step-v-13-report-complete.md", "Markdown", 0, 0, 0, 0, 171, 0, 0, 0, 0, 0, 0, 0, 0, 0, 0, 0, 0, 0, 59, 230
"d:\workshops\eShop\.github\skills\bmad-validate-prd\workflow.md", "Markdown", 0, 0, 0, 0, 42, 0, 0, 0, 0, 0, 0, 0, 0, 0, 0, 0, 0, 0, 21, 63
"d:\workshops\eShop\.github\skills\bmad-workflow-builder\SKILL.md", "Skill", 0, 0, 0, 0, 0, 0, 0, 0, 44, 0, 0, 0, 0, 0, 0, 0, 0, 0, 28, 72
"d:\workshops\eShop\.github\skills\bmad-workflow-builder\assets\SKILL-template.md", "Markdown", 0, 0, 0, 0, 15, 0, 0, 0, 0, 0, 0, 0, 0, 0, 0, 0, 0, 0, 7, 22
"d:\workshops\eShop\.github\skills\bmad-workflow-builder\build-process.md", "Markdown", 0, 0, 0, 0, 107, 0, 0, 0, 0, 0, 0, 0, 0, 0, 0, 0, 0, 0, 60, 167
"d:\workshops\eShop\.github\skills\bmad-workflow-builder\quality-analysis.md", "Markdown", 0, 0, 0, 0, 99, 0, 0, 0, 0, 0, 0, 0, 0, 0, 0, 0, 0, 0, 52, 151
"d:\workshops\eShop\.github\skills\bmad-workflow-builder\quality-scan-enhancement-opportunities.md", "Markdown", 0, 0, 0, 0, 127, 0, 0, 0, 0, 0, 0, 0, 0, 0, 0, 0, 0, 0, 59, 186
"d:\workshops\eShop\.github\skills\bmad-workflow-builder\quality-scan-execution-efficiency.md", "Markdown", 0, 0, 0, 0, 174, 0, 0, 0, 0, 0, 0, 0, 0, 0, 0, 0, 0, 0, 62, 236
"d:\workshops\eShop\.github\skills\bmad-workflow-builder\quality-scan-prompt-craft.md", "Markdown", 0, 0, 0, 0, 188, 0, 0, 0, 0, 0, 0, 0, 0, 0, 0, 0, 0, 0, 86, 274
"d:\workshops\eShop\.github\skills\bmad-workflow-builder\quality-scan-script-opportunities.md", "Markdown", 0, 0, 0, 0, 130, 0, 0, 0, 0, 0, 0, 0, 0, 0, 0, 0, 0, 0, 83, 213
"d:\workshops\eShop\.github\skills\bmad-workflow-builder\quality-scan-skill-cohesion.md", "Markdown", 0, 0, 0, 0, 107, 0, 0, 0, 0, 0, 0, 0, 0, 0, 0, 0, 0, 0, 48, 155
"d:\workshops\eShop\.github\skills\bmad-workflow-builder\quality-scan-workflow-integrity.md", "Markdown", 0, 0, 0, 0, 150, 0, 0, 0, 0, 0, 0, 0, 0, 0, 0, 0, 0, 0, 61, 211
"d:\workshops\eShop\.github\skills\bmad-workflow-builder\references\classification-reference.md", "Markdown", 0, 0, 0, 0, 46, 0, 0, 0, 0, 0, 0, 0, 0, 0, 0, 0, 0, 0, 18, 64
"d:\workshops\eShop\.github\skills\bmad-workflow-builder\references\complex-workflow-patterns.md", "Markdown", 0, 0, 0, 0, 81, 0, 0, 0, 0, 0, 0, 0, 0, 0, 0, 0, 0, 0, 43, 124
"d:\workshops\eShop\.github\skills\bmad-workflow-builder\references\convert-process.md", "Markdown", 0, 0, 0, 0, 77, 0, 0, 0, 0, 0, 0, 0, 0, 0, 0, 0, 0, 0, 30, 107
"d:\workshops\eShop\.github\skills\bmad-workflow-builder\references\quality-dimensions.md", "Markdown", 0, 0, 0, 0, 31, 0, 0, 0, 0, 0, 0, 0, 0, 0, 0, 0, 0, 0, 23, 54
"d:\workshops\eShop\.github\skills\bmad-workflow-builder\references\script-opportunities-reference.md", "Markdown", 0, 0, 0, 0, 76, 0, 0, 0, 0, 0, 0, 0, 0, 0, 0, 0, 0, 0, 25, 101
"d:\workshops\eShop\.github\skills\bmad-workflow-builder\references\script-standards.md", "Markdown", 0, 0, 0, 0, 64, 0, 0, 0, 0, 0, 0, 0, 0, 0, 0, 0, 0, 0, 29, 93
"d:\workshops\eShop\.github\skills\bmad-workflow-builder\references\skill-best-practices.md", "Markdown", 0, 0, 0, 0, 71, 0, 0, 0, 0, 0, 0, 0, 0, 0, 0, 0, 0, 0, 39, 110
"d:\workshops\eShop\.github\skills\bmad-workflow-builder\references\standard-fields.md", "Markdown", 0, 0, 0, 0, 92, 0, 0, 0, 0, 0, 0, 0, 0, 0, 0, 0, 0, 0, 53, 145
"d:\workshops\eShop\.github\skills\bmad-workflow-builder\references\template-substitution-rules.md", "Markdown", 0, 0, 0, 0, 22, 0, 0, 0, 0, 0, 0, 0, 0, 0, 0, 0, 0, 0, 14, 36
"d:\workshops\eShop\.github\skills\bmad-workflow-builder\report-quality-scan-creator.md", "Markdown", 0, 0, 0, 0, 191, 0, 0, 0, 0, 0, 0, 0, 0, 0, 0, 0, 0, 0, 68, 259
"d:\workshops\eShop\.github\skills\bmad-workflow-builder\scripts\generate-convert-report.py", "Python", 0, 0, 0, 0, 0, 0, 0, 0, 0, 358, 0, 0, 0, 0, 0, 0, 0, 18, 31, 407
"d:\workshops\eShop\.github\skills\bmad-workflow-builder\scripts\generate-html-report.py", "Python", 0, 0, 0, 0, 0, 0, 0, 0, 0, 485, 0, 0, 0, 0, 0, 0, 0, 22, 33, 540
"d:\workshops\eShop\.github\skills\bmad-workflow-builder\scripts\prepass-execution-deps.py", "Python", 0, 0, 0, 0, 0, 0, 0, 0, 0, 206, 0, 0, 0, 0, 0, 0, 0, 39, 44, 289
"d:\workshops\eShop\.github\skills\bmad-workflow-builder\scripts\prepass-prompt-metrics.py", "Python", 0, 0, 0, 0, 0, 0, 0, 0, 0, 210, 0, 0, 0, 0, 0, 0, 0, 36, 40, 286
"d:\workshops\eShop\.github\skills\bmad-workflow-builder\scripts\prepass-workflow-integrity.py", "Python", 0, 0, 0, 0, 0, 0, 0, 0, 0, 354, 0, 0, 0, 0, 0, 0, 0, 54, 73, 481
"d:\workshops\eShop\.github\skills\bmad-workflow-builder\scripts\scan-path-standards.py", "Python", 0, 0, 0, 0, 0, 0, 0, 0, 0, 217, 0, 0, 0, 0, 0, 0, 0, 40, 43, 300
"d:\workshops\eShop\.github\skills\bmad-workflow-builder\scripts\scan-scripts.py", "Python", 0, 0, 0, 0, 0, 0, 0, 0, 0, 589, 0, 0, 0, 0, 0, 0, 0, 65, 92, 746
"d:\workshops\eShop\.github\skills\bmad-workflow-builder\scripts\tests\test_generate_convert_report.py", "Python", 0, 0, 0, 0, 0, 0, 0, 0, 0, 183, 0, 0, 0, 0, 0, 0, 0, 24, 37, 244
"d:\workshops\eShop\.github\skills\wds-0-alignment-signoff\SKILL.md", "Skill", 0, 0, 0, 0, 0, 0, 0, 0, 5, 0, 0, 0, 0, 0, 0, 0, 0, 0, 2, 7
"d:\workshops\eShop\.github\skills\wds-0-alignment-signoff\bmad-skill-manifest.yaml", "YAML", 0, 1, 0, 0, 0, 0, 0, 0, 0, 0, 0, 0, 0, 0, 0, 0, 0, 0, 1, 2
"d:\workshops\eShop\.github\skills\wds-0-alignment-signoff\data\01-start-understand-routing.md", "Markdown", 0, 0, 0, 0, 20, 0, 0, 0, 0, 0, 0, 0, 0, 0, 0, 0, 0, 0, 10, 30
"d:\workshops\eShop\.github\skills\wds-0-alignment-signoff\data\02-explore-sections-routing.md", "Markdown", 0, 0, 0, 0, 164, 0, 0, 0, 0, 0, 0, 0, 0, 0, 0, 0, 0, 0, 68, 232
"d:\workshops\eShop\.github\skills\wds-0-alignment-signoff\data\03-synthesize-present-routing.md", "Markdown", 0, 0, 0, 0, 19, 0, 0, 0, 0, 0, 0, 0, 0, 0, 0, 0, 0, 0, 11, 30
"d:\workshops\eShop\.github\skills\wds-0-alignment-signoff\data\04-generate-signoff-routing.md", "Markdown", 0, 0, 0, 0, 21, 0, 0, 0, 0, 0, 0, 0, 0, 0, 0, 0, 0, 0, 11, 32
"d:\workshops\eShop\.github\skills\wds-0-alignment-signoff\data\05-build-contract-routing.md", "Markdown", 0, 0, 0, 0, 28, 0, 0, 0, 0, 0, 0, 0, 0, 0, 0, 0, 0, 0, 11, 39
"d:\workshops\eShop\.github\skills\wds-0-alignment-signoff\data\06-build-signoff-internal-routing.md", "Markdown", 0, 0, 0, 0, 18, 0, 0, 0, 0, 0, 0, 0, 0, 0, 0, 0, 0, 0, 11, 29
"d:\workshops\eShop\.github\skills\wds-0-alignment-signoff\steps-c\step-01a-understand-situation.md", "Markdown", 0, 0, 0, 0, 70, 0, 0, 0, 0, 0, 0, 0, 0, 0, 0, 0, 0, 0, 33, 103
"d:\workshops\eShop\.github\skills\wds-0-alignment-signoff\steps-c\step-01b-determine-if-needed.md", "Markdown", 0, 0, 0, 0, 75, 0, 0, 0, 0, 0, 0, 0, 0, 0, 0, 0, 0, 0, 39, 114
"d:\workshops\eShop\.github\skills\wds-0-alignment-signoff\steps-c\step-01c-offer-extract.md", "Markdown", 0, 0, 0, 0, 77, 0, 0, 0, 0, 0, 0, 0, 0, 0, 0, 0, 0, 0, 36, 113
"d:\workshops\eShop\.github\skills\wds-0-alignment-signoff\steps-c\step-01d-extract-info.md", "Markdown", 0, 0, 0, 0, 86, 0, 0, 0, 0, 0, 0, 0, 0, 0, 0, 0, 0, 0, 35, 121
"d:\workshops\eShop\.github\skills\wds-0-alignment-signoff\steps-c\step-01e-detect-starting-point.md", "Markdown", 0, 0, 0, 0, 81, 0, 0, 0, 0, 0, 0, 0, 0, 0, 0, 0, 0, 0, 35, 116
"d:\workshops\eShop\.github\skills\wds-0-alignment-signoff\steps-c\step-02a-explore-realization.md", "Markdown", 0, 0, 0, 0, 86, 0, 0, 0, 0, 0, 0, 0, 0, 0, 0, 0, 0, 0, 39, 125
"d:\workshops\eShop\.github\skills\wds-0-alignment-signoff\steps-c\step-02b-explore-solution.md", "Markdown", 0, 0, 0, 0, 71, 0, 0, 0, 0, 0, 0, 0, 0, 0, 0, 0, 0, 0, 37, 108
"d:\workshops\eShop\.github\skills\wds-0-alignment-signoff\steps-c\step-02c-explore-why-it-matters.md", "Markdown", 0, 0, 0, 0, 78, 0, 0, 0, 0, 0, 0, 0, 0, 0, 0, 0, 0, 0, 35, 113
"d:\workshops\eShop\.github\skills\wds-0-alignment-signoff\steps-c\step-02d-explore-how-we-see-it-working.md", "Markdown", 0, 0, 0, 0, 74, 0, 0, 0, 0, 0, 0, 0, 0, 0, 0, 0, 0, 0, 35, 109
"d:\workshops\eShop\.github\skills\wds-0-alignment-signoff\steps-c\step-02e-explore-paths-we-explored.md", "Markdown", 0, 0, 0, 0, 73, 0, 0, 0, 0, 0, 0, 0, 0, 0, 0, 0, 0, 0, 35, 108
"d:\workshops\eShop\.github\skills\wds-0-alignment-signoff\steps-c\step-02f-explore-recommended-solution.md", "Markdown", 0, 0, 0, 0, 72, 0, 0, 0, 0, 0, 0, 0, 0, 0, 0, 0, 0, 0, 34, 106
"d:\workshops\eShop\.github\skills\wds-0-alignment-signoff\steps-c\step-02g-explore-path-forward.md", "Markdown", 0, 0, 0, 0, 82, 0, 0, 0, 0, 0, 0, 0, 0, 0, 0, 0, 0, 0, 36, 118
"d:\workshops\eShop\.github\skills\wds-0-alignment-signoff\steps-c\step-02h-explore-value-we-create.md", "Markdown", 0, 0, 0, 0, 83, 0, 0, 0, 0, 0, 0, 0, 0, 0, 0, 0, 0, 0, 37, 120
"d:\workshops\eShop\.github\skills\wds-0-alignment-signoff\steps-c\step-02i-explore-cost-of-inaction.md", "Markdown", 0, 0, 0, 0, 81, 0, 0, 0, 0, 0, 0, 0, 0, 0, 0, 0, 0, 0, 36, 117
"d:\workshops\eShop\.github\skills\wds-0-alignment-signoff\steps-c\step-02j-explore-our-commitment.md", "Markdown", 0, 0, 0, 0, 77, 0, 0, 0, 0, 0, 0, 0, 0, 0, 0, 0, 0, 0, 36, 113
"d:\workshops\eShop\.github\skills\wds-0-alignment-signoff\steps-c\step-02k-explore-summary.md", "Markdown", 0, 0, 0, 0, 72, 0, 0, 0, 0, 0, 0, 0, 0, 0, 0, 0, 0, 0, 34, 106
"d:\workshops\eShop\.github\skills\wds-0-alignment-signoff\steps-c\step-03a-reflect-back.md", "Markdown", 0, 0, 0, 0, 79, 0, 0, 0, 0, 0, 0, 0, 0, 0, 0, 0, 0, 0, 36, 115
"d:\workshops\eShop\.github\skills\wds-0-alignment-signoff\steps-c\step-03b-synthesize-document.md", "Markdown", 0, 0, 0, 0, 83, 0, 0, 0, 0, 0, 0, 0, 0, 0, 0, 0, 0, 0, 39, 122
"d:\workshops\eShop\.github\skills\wds-0-alignment-signoff\steps-c\step-03d-present-approval.md", "Markdown", 0, 0, 0, 0, 88, 0, 0, 0, 0, 0, 0, 0, 0, 0, 0, 0, 0, 0, 39, 127
"d:\workshops\eShop\.github\skills\wds-0-alignment-signoff\steps-c\step-04a-offer-signoff.md", "Markdown", 0, 0, 0, 0, 82, 0, 0, 0, 0, 0, 0, 0, 0, 0, 0, 0, 0, 0, 40, 122
"d:\workshops\eShop\.github\skills\wds-0-alignment-signoff\steps-c\step-04b-determine-business-model.md", "Markdown", 0, 0, 0, 0, 85, 0, 0, 0, 0, 0, 0, 0, 0, 0, 0, 0, 0, 0, 40, 125
"d:\workshops\eShop\.github\skills\wds-0-alignment-signoff\steps-c\step-05a-contract-overview.md", "Markdown", 0, 0, 0, 0, 71, 0, 0, 0, 0, 0, 0, 0, 0, 0, 0, 0, 0, 0, 35, 106
"d:\workshops\eShop\.github\skills\wds-0-alignment-signoff\steps-c\step-05b-contract-business-model.md", "Markdown", 0, 0, 0, 0, 85, 0, 0, 0, 0, 0, 0, 0, 0, 0, 0, 0, 0, 0, 39, 124
"d:\workshops\eShop\.github\skills\wds-0-alignment-signoff\steps-c\step-05c-contract-scope.md", "Markdown", 0, 0, 0, 0, 87, 0, 0, 0, 0, 0, 0, 0, 0, 0, 0, 0, 0, 0, 37, 124
"d:\workshops\eShop\.github\skills\wds-0-alignment-signoff\steps-c\step-05d-contract-payment.md", "Markdown", 0, 0, 0, 0, 98, 0, 0, 0, 0, 0, 0, 0, 0, 0, 0, 0, 0, 0, 41, 139
"d:\workshops\eShop\.github\skills\wds-0-alignment-signoff\steps-c\step-05e-contract-timeline.md", "Markdown", 0, 0, 0, 0, 75, 0, 0, 0, 0, 0, 0, 0, 0, 0, 0, 0, 0, 0, 37, 112
"d:\workshops\eShop\.github\skills\wds-0-alignment-signoff\steps-c\step-05f-contract-availability.md", "Markdown", 0, 0, 0, 0, 78, 0, 0, 0, 0, 0, 0, 0, 0, 0, 0, 0, 0, 0, 37, 115
"d:\workshops\eShop\.github\skills\wds-0-alignment-signoff\steps-c\step-05g-contract-confidentiality.md", "Markdown", 0, 0, 0, 0, 82, 0, 0, 0, 0, 0, 0, 0, 0, 0, 0, 0, 0, 0, 38, 120
"d:\workshops\eShop\.github\skills\wds-0-alignment-signoff\steps-c\step-05h-contract-not-to-exceed.md", "Markdown", 0, 0, 0, 0, 89, 0, 0, 0, 0, 0, 0, 0, 0, 0, 0, 0, 0, 0, 38, 127
"d:\workshops\eShop\.github\skills\wds-0-alignment-signoff\steps-c\step-05i-contract-work-initiation.md", "Markdown", 0, 0, 0, 0, 81, 0, 0, 0, 0, 0, 0, 0, 0, 0, 0, 0, 0, 0, 37, 118
"d:\workshops\eShop\.github\skills\wds-0-alignment-signoff\steps-c\step-05j-contract-terms.md", "Markdown", 0, 0, 0, 0, 79, 0, 0, 0, 0, 0, 0, 0, 0, 0, 0, 0, 0, 0, 36, 115
"d:\workshops\eShop\.github\skills\wds-0-alignment-signoff\steps-c\step-05k-contract-approval.md", "Markdown", 0, 0, 0, 0, 77, 0, 0, 0, 0, 0, 0, 0, 0, 0, 0, 0, 0, 0, 36, 113
"d:\workshops\eShop\.github\skills\wds-0-alignment-signoff\steps-c\step-05l-finalize-contract.md", "Markdown", 0, 0, 0, 0, 83, 0, 0, 0, 0, 0, 0, 0, 0, 0, 0, 0, 0, 0, 39, 122
"d:\workshops\eShop\.github\skills\wds-0-alignment-signoff\steps-c\step-06a-build-internal-signoff.md", "Markdown", 0, 0, 0, 0, 106, 0, 0, 0, 0, 0, 0, 0, 0, 0, 0, 0, 0, 0, 40, 146
"d:\workshops\eShop\.github\skills\wds-0-alignment-signoff\steps-c\step-06b-finalize-signoff.md", "Markdown", 0, 0, 0, 0, 81, 0, 0, 0, 0, 0, 0, 0, 0, 0, 0, 0, 0, 0, 38, 119
"d:\workshops\eShop\.github\skills\wds-0-alignment-signoff\workflow.md", "Markdown", 0, 0, 0, 0, 106, 0, 0, 0, 0, 0, 0, 0, 0, 0, 0, 0, 0, 0, 41, 147
"d:\workshops\eShop\.github\skills\wds-0-project-setup\SKILL.md", "Skill", 0, 0, 0, 0, 0, 0, 0, 0, 5, 0, 0, 0, 0, 0, 0, 0, 0, 0, 2, 7
"d:\workshops\eShop\.github\skills\wds-0-project-setup\bmad-skill-manifest.yaml", "YAML", 0, 1, 0, 0, 0, 0, 0, 0, 0, 0, 0, 0, 0, 0, 0, 0, 0, 0, 1, 2
"d:\workshops\eShop\.github\skills\wds-0-project-setup\resources\agent-guides\freya\design-system.md", "Markdown", 0, 0, 0, 0, 242, 0, 0, 0, 0, 0, 0, 0, 0, 0, 0, 0, 0, 0, 92, 334
"d:\workshops\eShop\.github\skills\wds-0-project-setup\resources\agent-guides\freya\specification-quality.md", "Markdown", 0, 0, 0, 0, 191, 0, 0, 0, 0, 0, 0, 0, 0, 0, 0, 0, 0, 0, 72, 263
"d:\workshops\eShop\.github\skills\wds-0-project-setup\resources\wds-1-project-brief\templates\00-project-info.template.md", "Markdown", 0, 0, 0, 0, 56, 0, 0, 0, 0, 0, 0, 0, 0, 0, 0, 0, 0, 0, 28, 84
"d:\workshops\eShop\.github\skills\wds-0-project-setup\resources\wds-1-project-brief\templates\content-language.template.md", "Markdown", 0, 0, 0, 0, 166, 0, 0, 0, 0, 0, 0, 0, 0, 0, 0, 0, 0, 0, 80, 246
"d:\workshops\eShop\.github\skills\wds-0-project-setup\resources\wds-1-project-brief\templates\contract.template.md", "Markdown", 0, 0, 0, 0, 173, 0, 0, 0, 0, 0, 0, 0, 0, 0, 0, 0, 0, 0, 125, 298
"d:\workshops\eShop\.github\skills\wds-0-project-setup\resources\wds-1-project-brief\templates\inspiration-analysis.template.md", "Markdown", 0, 0, 0, 0, 75, 0, 0, 0, 0, 0, 0, 0, 0, 0, 0, 0, 0, 0, 30, 105
"d:\workshops\eShop\.github\skills\wds-0-project-setup\resources\wds-1-project-brief\templates\pitch.template.md", "Markdown", 0, 0, 0, 0, 51, 0, 0, 0, 0, 0, 0, 0, 0, 0, 0, 0, 0, 0, 43, 94
"d:\workshops\eShop\.github\skills\wds-0-project-setup\resources\wds-1-project-brief\templates\platform-requirements.template.md", "Markdown", 0, 0, 0, 0, 148, 0, 0, 0, 0, 0, 0, 0, 0, 0, 0, 0, 0, 0, 71, 219
"d:\workshops\eShop\.github\skills\wds-0-project-setup\resources\wds-1-project-brief\templates\platform-requirements.template.yaml", "YAML", 0, 56, 0, 0, 0, 0, 0, 0, 0, 0, 0, 0, 0, 0, 0, 0, 0, 2, 12, 70
"d:\workshops\eShop\.github\skills\wds-0-project-setup\resources\wds-1-project-brief\templates\project-brief-dialog\00-context.md", "Markdown", 0, 0, 0, 0, 46, 0, 0, 0, 0, 0, 0, 0, 0, 0, 0, 0, 0, 0, 25, 71
"d:\workshops\eShop\.github\skills\wds-0-project-setup\resources\wds-1-project-brief\templates\project-brief-dialog\02-vision.md", "Markdown", 0, 0, 0, 0, 54, 0, 0, 0, 0, 0, 0, 0, 0, 0, 0, 0, 0, 0, 32, 86
"d:\workshops\eShop\.github\skills\wds-0-project-setup\resources\wds-1-project-brief\templates\project-brief-dialog\03-users.md", "Markdown", 0, 0, 0, 0, 50, 0, 0, 0, 0, 0, 0, 0, 0, 0, 0, 0, 0, 0, 33, 83
"d:\workshops\eShop\.github\skills\wds-0-project-setup\resources\wds-1-project-brief\templates\project-brief-dialog\04-concept.md", "Markdown", 0, 0, 0, 0, 50, 0, 0, 0, 0, 0, 0, 0, 0, 0, 0, 0, 0, 0, 33, 83
"d:\workshops\eShop\.github\skills\wds-0-project-setup\resources\wds-1-project-brief\templates\project-brief-dialog\06-inspiration.md", "Markdown", 0, 0, 0, 0, 49, 0, 0, 0, 0, 0, 0, 0, 0, 0, 0, 0, 0, 0, 24, 73
"d:\workshops\eShop\.github\skills\wds-0-project-setup\resources\wds-1-project-brief\templates\project-brief-dialog\07-positioning.md", "Markdown", 0, 0, 0, 0, 54, 0, 0, 0, 0, 0, 0, 0, 0, 0, 0, 0, 0, 0, 33, 87
"d:\workshops\eShop\.github\skills\wds-0-project-setup\resources\wds-1-project-brief\templates\project-brief-dialog\USAGE.md", "Markdown", 0, 0, 0, 0, 55, 0, 0, 0, 0, 0, 0, 0, 0, 0, 0, 0, 0, 0, 27, 82
"d:\workshops\eShop\.github\skills\wds-0-project-setup\resources\wds-1-project-brief\templates\project-brief-dialog\decisions.md", "Markdown", 0, 0, 0, 0, 55, 0, 0, 0, 0, 0, 0, 0, 0, 0, 0, 0, 0, 0, 31, 86
"d:\workshops\eShop\.github\skills\wds-0-project-setup\resources\wds-1-project-brief\templates\project-brief-dialog\progress-tracker.md", "Markdown", 0, 0, 0, 0, 51, 0, 0, 0, 0, 0, 0, 0, 0, 0, 0, 0, 0, 0, 26, 77
"d:\workshops\eShop\.github\skills\wds-0-project-setup\resources\wds-1-project-brief\templates\project-brief.template.md", "Markdown", 0, 0, 0, 0, 113, 0, 0, 0, 0, 0, 0, 0, 0, 0, 0, 0, 0, 0, 75, 188
"d:\workshops\eShop\.github\skills\wds-0-project-setup\resources\wds-1-project-brief\templates\service-agreement.template.md", "Markdown", 0, 0, 0, 0, 163, 0, 0, 0, 0, 0, 0, 0, 0, 0, 0, 0, 0, 0, 115, 278
"d:\workshops\eShop\.github\skills\wds-0-project-setup\resources\wds-1-project-brief\templates\signoff.template.md", "Markdown", 0, 0, 0, 0, 102, 0, 0, 0, 0, 0, 0, 0, 0, 0, 0, 0, 0, 0, 87, 189
"d:\workshops\eShop\.github\skills\wds-0-project-setup\resources\wds-1-project-brief\templates\simplified-brief.template.md", "Markdown", 0, 0, 0, 0, 24, 0, 0, 0, 0, 0, 0, 0, 0, 0, 0, 0, 0, 0, 21, 45
"d:\workshops\eShop\.github\skills\wds-0-project-setup\resources\wds-1-project-brief\templates\visual-direction.template.md", "Markdown", 0, 0, 0, 0, 130, 0, 0, 0, 0, 0, 0, 0, 0, 0, 0, 0, 0, 0, 80, 210
"d:\workshops\eShop\.github\skills\wds-0-project-setup\resources\wds-2-trigger-mapping\templates\feature-impact.template.md", "Markdown", 0, 0, 0, 0, 30, 0, 0, 0, 0, 0, 0, 0, 0, 0, 0, 0, 0, 0, 18, 48
"d:\workshops\eShop\.github\skills\wds-0-project-setup\resources\wds-2-trigger-mapping\templates\persona-document.template.md", "Markdown", 0, 0, 0, 0, 344, 0, 0, 0, 0, 0, 0, 0, 0, 0, 0, 0, 0, 0, 142, 486
"d:\workshops\eShop\.github\skills\wds-0-project-setup\resources\wds-2-trigger-mapping\templates\trigger-map.template.md", "Markdown", 0, 0, 0, 0, 112, 0, 0, 0, 0, 0, 0, 0, 0, 0, 0, 0, 0, 0, 58, 170
"d:\workshops\eShop\.github\skills\wds-0-project-setup\resources\wds-4-ux-design\templates\page-specification.template.md", "Markdown", 0, 0, 0, 0, 163, 0, 0, 0, 0, 0, 0, 0, 0, 0, 0, 0, 0, 69, 83, 315
"d:\workshops\eShop\.github\skills\wds-0-project-setup\resources\wds-4-ux-design\templates\scenario-overview.template.md", "Markdown", 0, 0, 0, 0, 99, 0, 0, 0, 0, 0, 0, 0, 0, 0, 0, 0, 0, 0, 61, 160
"d:\workshops\eShop\.github\skills\wds-0-project-setup\resources\wds-7-design-system\templates\catalog.template.html", "HTML", 0, 0, 0, 0, 0, 303, 0, 0, 0, 0, 0, 0, 0, 0, 0, 0, 0, 11, 50, 364
"d:\workshops\eShop\.github\skills\wds-0-project-setup\resources\wds-7-design-system\templates\component-library-config.template.md", "Markdown", 0, 0, 0, 0, 45, 0, 0, 0, 0, 0, 0, 0, 0, 0, 0, 0, 0, 0, 21, 66
"d:\workshops\eShop\.github\skills\wds-0-project-setup\resources\wds-7-design-system\templates\component.template.md", "Markdown", 0, 0, 0, 0, 75, 0, 0, 0, 0, 0, 0, 0, 0, 0, 0, 0, 0, 0, 60, 135
"d:\workshops\eShop\.github\skills\wds-0-project-setup\resources\wds-7-design-system\templates\design-tokens.template.md", "Markdown", 0, 0, 0, 0, 126, 0, 0, 0, 0, 0, 0, 0, 0, 0, 0, 0, 0, 0, 43, 169
"d:\workshops\eShop\.github\skills\wds-0-project-setup\steps\step-01-welcome.md", "Markdown", 0, 0, 0, 0, 122, 0, 0, 0, 0, 0, 0, 0, 0, 0, 0, 0, 0, 0, 62, 184
"d:\workshops\eShop\.github\skills\wds-0-project-setup\steps\step-02-structure.md", "Markdown", 0, 0, 0, 0, 148, 0, 0, 0, 0, 0, 0, 0, 0, 0, 0, 0, 0, 0, 78, 226
"d:\workshops\eShop\.github\skills\wds-0-project-setup\templates\folder-guides\00-design-log.template.md", "Markdown", 0, 0, 0, 0, 37, 0, 0, 0, 0, 0, 0, 0, 0, 0, 0, 0, 0, 0, 23, 60
"d:\workshops\eShop\.github\skills\wds-0-project-setup\templates\folder-guides\00-design-system.template.md", "Markdown", 0, 0, 0, 0, 128, 0, 0, 0, 0, 0, 0, 0, 0, 0, 0, 0, 0, 59, 65, 252
"d:\workshops\eShop\.github\skills\wds-0-project-setup\templates\folder-guides\00-product-brief.template.md", "Markdown", 0, 0, 0, 0, 38, 0, 0, 0, 0, 0, 0, 0, 0, 0, 0, 0, 0, 0, 22, 60
"d:\workshops\eShop\.github\skills\wds-0-project-setup\templates\folder-guides\00-trigger-map.template.md", "Markdown", 0, 0, 0, 0, 42, 0, 0, 0, 0, 0, 0, 0, 0, 0, 0, 0, 0, 0, 25, 67
"d:\workshops\eShop\.github\skills\wds-0-project-setup\templates\folder-guides\00-ux-scenarios.template.md", "Markdown", 0, 0, 0, 0, 62, 0, 0, 0, 0, 0, 0, 0, 0, 0, 0, 0, 0, 0, 24, 86
"d:\workshops\eShop\.github\skills\wds-0-project-setup\workflow.md", "Markdown", 0, 0, 0, 0, 73, 0, 0, 0, 0, 0, 0, 0, 0, 0, 0, 0, 0, 0, 32, 105
"d:\workshops\eShop\.github\skills\wds-1-project-brief\SKILL.md", "Skill", 0, 0, 0, 0, 0, 0, 0, 0, 5, 0, 0, 0, 0, 0, 0, 0, 0, 0, 2, 7
"d:\workshops\eShop\.github\skills\wds-1-project-brief\bmad-skill-manifest.yaml", "YAML", 0, 1, 0, 0, 0, 0, 0, 0, 0, 0, 0, 0, 0, 0, 0, 0, 0, 0, 1, 2
"d:\workshops\eShop\.github\skills\wds-1-project-brief\data\positioning-explore.md", "Markdown", 0, 0, 0, 0, 72, 0, 0, 0, 0, 0, 0, 0, 0, 0, 0, 0, 0, 0, 41, 113
"d:\workshops\eShop\.github\skills\wds-1-project-brief\data\positioning-open-conversation.md", "Markdown", 0, 0, 0, 0, 49, 0, 0, 0, 0, 0, 0, 0, 0, 0, 0, 0, 0, 0, 24, 73
"d:\workshops\eShop\.github\skills\wds-1-project-brief\data\positioning-reflect-confirm.md", "Markdown", 0, 0, 0, 0, 68, 0, 0, 0, 0, 0, 0, 0, 0, 0, 0, 0, 0, 0, 31, 99
"d:\workshops\eShop\.github\skills\wds-1-project-brief\data\positioning-synthesize.md", "Markdown", 0, 0, 0, 0, 88, 0, 0, 0, 0, 0, 0, 0, 0, 0, 0, 0, 0, 0, 45, 133
"d:\workshops\eShop\.github\skills\wds-1-project-brief\data\tone-of-voice-example.md", "Markdown", 0, 0, 0, 0, 36, 0, 0, 0, 0, 0, 0, 0, 0, 0, 0, 0, 0, 0, 17, 53
"d:\workshops\eShop\.github\skills\wds-1-project-brief\data\tone-of-voice-output-template.md", "Markdown", 0, 0, 0, 0, 53, 0, 0, 0, 0, 0, 0, 0, 0, 0, 0, 0, 0, 0, 24, 77
"d:\workshops\eShop\.github\skills\wds-1-project-brief\data\vision-explore.md", "Markdown", 0, 0, 0, 0, 46, 0, 0, 0, 0, 0, 0, 0, 0, 0, 0, 0, 0, 0, 30, 76
"d:\workshops\eShop\.github\skills\wds-1-project-brief\data\vision-open-conversation.md", "Markdown", 0, 0, 0, 0, 47, 0, 0, 0, 0, 0, 0, 0, 0, 0, 0, 0, 0, 0, 28, 75
"d:\workshops\eShop\.github\skills\wds-1-project-brief\data\vision-reflect-confirm.md", "Markdown", 0, 0, 0, 0, 43, 0, 0, 0, 0, 0, 0, 0, 0, 0, 0, 0, 0, 0, 30, 73
"d:\workshops\eShop\.github\skills\wds-1-project-brief\data\vision-synthesize.md", "Markdown", 0, 0, 0, 0, 54, 0, 0, 0, 0, 0, 0, 0, 0, 0, 0, 0, 0, 0, 28, 82
"d:\workshops\eShop\.github\skills\wds-1-project-brief\steps-c\step-00-simplified-brief.md", "Markdown", 0, 0, 0, 0, 107, 0, 0, 0, 0, 0, 0, 0, 0, 0, 0, 0, 0, 0, 37, 144
"d:\workshops\eShop\.github\skills\wds-1-project-brief\steps-c\step-01-init.md", "Markdown", 0, 0, 0, 0, 79, 0, 0, 0, 0, 0, 0, 0, 0, 0, 0, 0, 0, 0, 25, 104
"d:\workshops\eShop\.github\skills\wds-1-project-brief\steps-c\step-02-vision.md", "Markdown", 0, 0, 0, 0, 77, 0, 0, 0, 0, 0, 0, 0, 0, 0, 0, 0, 0, 0, 25, 102
"d:\workshops\eShop\.github\skills\wds-1-project-brief\steps-c\step-03-positioning.md", "Markdown", 0, 0, 0, 0, 81, 0, 0, 0, 0, 0, 0, 0, 0, 0, 0, 0, 0, 0, 27, 108
"d:\workshops\eShop\.github\skills\wds-1-project-brief\steps-c\step-05-business-model.md", "Markdown", 0, 0, 0, 0, 80, 0, 0, 0, 0, 0, 0, 0, 0, 0, 0, 0, 0, 0, 27, 107
"d:\workshops\eShop\.github\skills\wds-1-project-brief\steps-c\step-06-business-customers.md", "Markdown", 0, 0, 0, 0, 73, 0, 0, 0, 0, 0, 0, 0, 0, 0, 0, 0, 0, 0, 25, 98
"d:\workshops\eShop\.github\skills\wds-1-project-brief\steps-c\step-07-target-users.md", "Markdown", 0, 0, 0, 0, 74, 0, 0, 0, 0, 0, 0, 0, 0, 0, 0, 0, 0, 0, 25, 99
"d:\workshops\eShop\.github\skills\wds-1-project-brief\steps-c\step-07a-product-concept.md", "Markdown", 0, 0, 0, 0, 84, 0, 0, 0, 0, 0, 0, 0, 0, 0, 0, 0, 0, 0, 30, 114
"d:\workshops\eShop\.github\skills\wds-1-project-brief\steps-c\step-08-success-criteria.md", "Markdown", 0, 0, 0, 0, 72, 0, 0, 0, 0, 0, 0, 0, 0, 0, 0, 0, 0, 0, 26, 98
"d:\workshops\eShop\.github\skills\wds-1-project-brief\steps-c\step-09-competitive-landscape.md", "Markdown", 0, 0, 0, 0, 75, 0, 0, 0, 0, 0, 0, 0, 0, 0, 0, 0, 0, 0, 27, 102
"d:\workshops\eShop\.github\skills\wds-1-project-brief\steps-c\step-10-constraints.md", "Markdown", 0, 0, 0, 0, 67, 0, 0, 0, 0, 0, 0, 0, 0, 0, 0, 0, 0, 0, 24, 91
"d:\workshops\eShop\.github\skills\wds-1-project-brief\steps-c\step-10a-platform-strategy.md", "Markdown", 0, 0, 0, 0, 90, 0, 0, 0, 0, 0, 0, 0, 0, 0, 0, 0, 0, 0, 31, 121
"d:\workshops\eShop\.github\skills\wds-1-project-brief\steps-c\step-11-tone-of-voice.md", "Markdown", 0, 0, 0, 0, 127, 0, 0, 0, 0, 0, 0, 0, 0, 0, 0, 0, 0, 0, 40, 167
"d:\workshops\eShop\.github\skills\wds-1-project-brief\steps-c\step-12-create-product-brief.md", "Markdown", 0, 0, 0, 0, 171, 0, 0, 0, 0, 0, 0, 0, 0, 0, 0, 0, 0, 0, 65, 236
"d:\workshops\eShop\.github\skills\wds-1-project-brief\steps-c\step-13-content-init.md", "Markdown", 0, 0, 0, 0, 86, 0, 0, 0, 0, 0, 0, 0, 0, 0, 0, 0, 0, 0, 26, 112
"d:\workshops\eShop\.github\skills\wds-1-project-brief\steps-c\step-14-personality.md", "Markdown", 0, 0, 0, 0, 101, 0, 0, 0, 0, 0, 0, 0, 0, 0, 0, 0, 0, 0, 31, 132
"d:\workshops\eShop\.github\skills\wds-1-project-brief\steps-c\step-15-tone.md", "Markdown", 0, 0, 0, 0, 99, 0, 0, 0, 0, 0, 0, 0, 0, 0, 0, 0, 0, 0, 34, 133
"d:\workshops\eShop\.github\skills\wds-1-project-brief\steps-c\step-16-languages.md", "Markdown", 0, 0, 0, 0, 104, 0, 0, 0, 0, 0, 0, 0, 0, 0, 0, 0, 0, 0, 34, 138
"d:\workshops\eShop\.github\skills\wds-1-project-brief\steps-c\step-17-seo-keywords.md", "Markdown", 0, 0, 0, 0, 138, 0, 0, 0, 0, 0, 0, 0, 0, 0, 0, 0, 0, 0, 45, 183
"d:\workshops\eShop\.github\skills\wds-1-project-brief\steps-c\step-17a-content-structure.md", "Markdown", 0, 0, 0, 0, 76, 0, 0, 0, 0, 0, 0, 0, 0, 0, 0, 0, 0, 0, 33, 109
"d:\workshops\eShop\.github\skills\wds-1-project-brief\steps-c\step-18-create-content-document.md", "Markdown", 0, 0, 0, 0, 125, 0, 0, 0, 0, 0, 0, 0, 0, 0, 0, 0, 0, 0, 39, 164
"d:\workshops\eShop\.github\skills\wds-1-project-brief\steps-c\step-19-inspiration-workshop.md", "Markdown", 0, 0, 0, 0, 85, 0, 0, 0, 0, 0, 0, 0, 0, 0, 0, 0, 0, 0, 31, 116
"d:\workshops\eShop\.github\skills\wds-1-project-brief\steps-c\step-20-visual-init.md", "Markdown", 0, 0, 0, 0, 95, 0, 0, 0, 0, 0, 0, 0, 0, 0, 0, 0, 0, 0, 26, 121
"d:\workshops\eShop\.github\skills\wds-1-project-brief\steps-c\step-21-existing-brand.md", "Markdown", 0, 0, 0, 0, 112, 0, 0, 0, 0, 0, 0, 0, 0, 0, 0, 0, 0, 0, 37, 149
"d:\workshops\eShop\.github\skills\wds-1-project-brief\steps-c\step-22-references.md", "Markdown", 0, 0, 0, 0, 101, 0, 0, 0, 0, 0, 0, 0, 0, 0, 0, 0, 0, 0, 37, 138
"d:\workshops\eShop\.github\skills\wds-1-project-brief\steps-c\step-23-design-style.md", "Markdown", 0, 0, 0, 0, 110, 0, 0, 0, 0, 0, 0, 0, 0, 0, 0, 0, 0, 0, 35, 145
"d:\workshops\eShop\.github\skills\wds-1-project-brief\steps-c\step-24-layout-effects.md", "Markdown", 0, 0, 0, 0, 113, 0, 0, 0, 0, 0, 0, 0, 0, 0, 0, 0, 0, 0, 37, 150
"d:\workshops\eShop\.github\skills\wds-1-project-brief\steps-c\step-25-imagery.md", "Markdown", 0, 0, 0, 0, 120, 0, 0, 0, 0, 0, 0, 0, 0, 0, 0, 0, 0, 0, 39, 159
"d:\workshops\eShop\.github\skills\wds-1-project-brief\steps-c\step-26-create-visual-document.md", "Markdown", 0, 0, 0, 0, 108, 0, 0, 0, 0, 0, 0, 0, 0, 0, 0, 0, 0, 0, 39, 147
"d:\workshops\eShop\.github\skills\wds-1-project-brief\steps-c\step-27-platform-init.md", "Markdown", 0, 0, 0, 0, 86, 0, 0, 0, 0, 0, 0, 0, 0, 0, 0, 0, 0, 0, 26, 112
"d:\workshops\eShop\.github\skills\wds-1-project-brief\steps-c\step-28-tech-stack.md", "Markdown", 0, 0, 0, 0, 97, 0, 0, 0, 0, 0, 0, 0, 0, 0, 0, 0, 0, 0, 29, 126
"d:\workshops\eShop\.github\skills\wds-1-project-brief\steps-c\step-29-integrations.md", "Markdown", 0, 0, 0, 0, 102, 0, 0, 0, 0, 0, 0, 0, 0, 0, 0, 0, 0, 0, 30, 132
"d:\workshops\eShop\.github\skills\wds-1-project-brief\steps-c\step-30-contact-strategy.md", "Markdown", 0, 0, 0, 0, 105, 0, 0, 0, 0, 0, 0, 0, 0, 0, 0, 0, 0, 0, 31, 136
"d:\workshops\eShop\.github\skills\wds-1-project-brief\steps-c\step-31-multilingual.md", "Markdown", 0, 0, 0, 0, 124, 0, 0, 0, 0, 0, 0, 0, 0, 0, 0, 0, 0, 0, 34, 158
"d:\workshops\eShop\.github\skills\wds-1-project-brief\steps-c\step-32-create-platform-document.md", "Markdown", 0, 0, 0, 0, 103, 0, 0, 0, 0, 0, 0, 0, 0, 0, 0, 0, 0, 0, 34, 137
"d:\workshops\eShop\.github\skills\wds-1-project-brief\steps-c\step-33-analyze-brief.md", "Markdown", 0, 0, 0, 0, 73, 0, 0, 0, 0, 0, 0, 0, 0, 0, 0, 0, 0, 0, 24, 97
"d:\workshops\eShop\.github\skills\wds-1-project-brief\steps-c\step-34-create-summary.md", "Markdown", 0, 0, 0, 0, 78, 0, 0, 0, 0, 0, 0, 0, 0, 0, 0, 0, 0, 0, 33, 111
"d:\workshops\eShop\.github\skills\wds-1-project-brief\steps-c\step-35-update-design-log.md", "Markdown", 0, 0, 0, 0, 97, 0, 0, 0, 0, 0, 0, 0, 0, 0, 0, 0, 0, 0, 37, 134
"d:\workshops\eShop\.github\skills\wds-1-project-brief\steps-c\step-36-provide-activation.md", "Markdown", 0, 0, 0, 0, 80, 0, 0, 0, 0, 0, 0, 0, 0, 0, 0, 0, 0, 0, 31, 111
"d:\workshops\eShop\.github\skills\wds-1-project-brief\steps-v\step-01-brief-completeness.md", "Markdown", 0, 0, 0, 0, 91, 0, 0, 0, 0, 0, 0, 0, 0, 0, 0, 0, 0, 0, 32, 123
"d:\workshops\eShop\.github\skills\wds-1-project-brief\steps-v\step-02-trigger-map-consistency.md", "Markdown", 0, 0, 0, 0, 92, 0, 0, 0, 0, 0, 0, 0, 0, 0, 0, 0, 0, 0, 32, 124
"d:\workshops\eShop\.github\skills\wds-1-project-brief\steps-v\step-03-seo-strategy.md", "Markdown", 0, 0, 0, 0, 86, 0, 0, 0, 0, 0, 0, 0, 0, 0, 0, 0, 0, 0, 32, 118
"d:\workshops\eShop\.github\skills\wds-1-project-brief\steps-v\step-04-content-language.md", "Markdown", 0, 0, 0, 0, 91, 0, 0, 0, 0, 0, 0, 0, 0, 0, 0, 0, 0, 0, 34, 125
"d:\workshops\eShop\.github\skills\wds-1-project-brief\steps-v\step-05-visual-direction.md", "Markdown", 0, 0, 0, 0, 91, 0, 0, 0, 0, 0, 0, 0, 0, 0, 0, 0, 0, 0, 34, 125
"d:\workshops\eShop\.github\skills\wds-1-project-brief\steps-v\step-06-platform-requirements.md", "Markdown", 0, 0, 0, 0, 112, 0, 0, 0, 0, 0, 0, 0, 0, 0, 0, 0, 0, 0, 43, 155
"d:\workshops\eShop\.github\skills\wds-1-project-brief\templates\00-project-info.template.md", "Markdown", 0, 0, 0, 0, 56, 0, 0, 0, 0, 0, 0, 0, 0, 0, 0, 0, 0, 0, 28, 84
"d:\workshops\eShop\.github\skills\wds-1-project-brief\templates\content-language.template.md", "Markdown", 0, 0, 0, 0, 166, 0, 0, 0, 0, 0, 0, 0, 0, 0, 0, 0, 0, 0, 80, 246
"d:\workshops\eShop\.github\skills\wds-1-project-brief\templates\contract.template.md", "Markdown", 0, 0, 0, 0, 173, 0, 0, 0, 0, 0, 0, 0, 0, 0, 0, 0, 0, 0, 125, 298
"d:\workshops\eShop\.github\skills\wds-1-project-brief\templates\inspiration-analysis.template.md", "Markdown", 0, 0, 0, 0, 75, 0, 0, 0, 0, 0, 0, 0, 0, 0, 0, 0, 0, 0, 30, 105
"d:\workshops\eShop\.github\skills\wds-1-project-brief\templates\pitch.template.md", "Markdown", 0, 0, 0, 0, 51, 0, 0, 0, 0, 0, 0, 0, 0, 0, 0, 0, 0, 0, 43, 94
"d:\workshops\eShop\.github\skills\wds-1-project-brief\templates\platform-requirements.template.md", "Markdown", 0, 0, 0, 0, 148, 0, 0, 0, 0, 0, 0, 0, 0, 0, 0, 0, 0, 0, 71, 219
"d:\workshops\eShop\.github\skills\wds-1-project-brief\templates\platform-requirements.template.yaml", "YAML", 0, 56, 0, 0, 0, 0, 0, 0, 0, 0, 0, 0, 0, 0, 0, 0, 0, 2, 12, 70
"d:\workshops\eShop\.github\skills\wds-1-project-brief\templates\project-brief-dialog\00-context.md", "Markdown", 0, 0, 0, 0, 46, 0, 0, 0, 0, 0, 0, 0, 0, 0, 0, 0, 0, 0, 25, 71
"d:\workshops\eShop\.github\skills\wds-1-project-brief\templates\project-brief-dialog\02-vision.md", "Markdown", 0, 0, 0, 0, 54, 0, 0, 0, 0, 0, 0, 0, 0, 0, 0, 0, 0, 0, 32, 86
"d:\workshops\eShop\.github\skills\wds-1-project-brief\templates\project-brief-dialog\03-users.md", "Markdown", 0, 0, 0, 0, 50, 0, 0, 0, 0, 0, 0, 0, 0, 0, 0, 0, 0, 0, 33, 83
"d:\workshops\eShop\.github\skills\wds-1-project-brief\templates\project-brief-dialog\04-concept.md", "Markdown", 0, 0, 0, 0, 50, 0, 0, 0, 0, 0, 0, 0, 0, 0, 0, 0, 0, 0, 33, 83
"d:\workshops\eShop\.github\skills\wds-1-project-brief\templates\project-brief-dialog\06-inspiration.md", "Markdown", 0, 0, 0, 0, 49, 0, 0, 0, 0, 0, 0, 0, 0, 0, 0, 0, 0, 0, 24, 73
"d:\workshops\eShop\.github\skills\wds-1-project-brief\templates\project-brief-dialog\07-positioning.md", "Markdown", 0, 0, 0, 0, 54, 0, 0, 0, 0, 0, 0, 0, 0, 0, 0, 0, 0, 0, 33, 87
"d:\workshops\eShop\.github\skills\wds-1-project-brief\templates\project-brief-dialog\USAGE.md", "Markdown", 0, 0, 0, 0, 55, 0, 0, 0, 0, 0, 0, 0, 0, 0, 0, 0, 0, 0, 27, 82
"d:\workshops\eShop\.github\skills\wds-1-project-brief\templates\project-brief-dialog\decisions.md", "Markdown", 0, 0, 0, 0, 55, 0, 0, 0, 0, 0, 0, 0, 0, 0, 0, 0, 0, 0, 31, 86
"d:\workshops\eShop\.github\skills\wds-1-project-brief\templates\project-brief-dialog\progress-tracker.md", "Markdown", 0, 0, 0, 0, 51, 0, 0, 0, 0, 0, 0, 0, 0, 0, 0, 0, 0, 0, 26, 77
"d:\workshops\eShop\.github\skills\wds-1-project-brief\templates\project-brief.template.md", "Markdown", 0, 0, 0, 0, 113, 0, 0, 0, 0, 0, 0, 0, 0, 0, 0, 0, 0, 0, 75, 188
"d:\workshops\eShop\.github\skills\wds-1-project-brief\templates\service-agreement.template.md", "Markdown", 0, 0, 0, 0, 163, 0, 0, 0, 0, 0, 0, 0, 0, 0, 0, 0, 0, 0, 115, 278
"d:\workshops\eShop\.github\skills\wds-1-project-brief\templates\signoff.template.md", "Markdown", 0, 0, 0, 0, 102, 0, 0, 0, 0, 0, 0, 0, 0, 0, 0, 0, 0, 0, 87, 189
"d:\workshops\eShop\.github\skills\wds-1-project-brief\templates\simplified-brief.template.md", "Markdown", 0, 0, 0, 0, 24, 0, 0, 0, 0, 0, 0, 0, 0, 0, 0, 0, 0, 0, 21, 45
"d:\workshops\eShop\.github\skills\wds-1-project-brief\templates\visual-direction.template.md", "Markdown", 0, 0, 0, 0, 130, 0, 0, 0, 0, 0, 0, 0, 0, 0, 0, 0, 0, 0, 80, 210
"d:\workshops\eShop\.github\skills\wds-1-project-brief\workflow-validate.md", "Markdown", 0, 0, 0, 0, 33, 0, 0, 0, 0, 0, 0, 0, 0, 0, 0, 0, 0, 0, 19, 52
"d:\workshops\eShop\.github\skills\wds-1-project-brief\workflow.md", "Markdown", 0, 0, 0, 0, 88, 0, 0, 0, 0, 0, 0, 0, 0, 0, 0, 0, 0, 0, 34, 122
"d:\workshops\eShop\.github\skills\wds-2-trigger-mapping\SKILL.md", "Skill", 0, 0, 0, 0, 0, 0, 0, 0, 5, 0, 0, 0, 0, 0, 0, 0, 0, 0, 2, 7
"d:\workshops\eShop\.github\skills\wds-2-trigger-mapping\bmad-skill-manifest.yaml", "YAML", 0, 1, 0, 0, 0, 0, 0, 0, 0, 0, 0, 0, 0, 0, 0, 0, 0, 0, 1, 2
"d:\workshops\eShop\.github\skills\wds-2-trigger-mapping\data\business-goals-template.md", "Markdown", 0, 0, 0, 0, 105, 0, 0, 0, 0, 0, 0, 0, 0, 0, 0, 0, 0, 0, 46, 151
"d:\workshops\eShop\.github\skills\wds-2-trigger-mapping\data\key-insights-structure.md", "Markdown", 0, 0, 0, 0, 162, 0, 0, 0, 0, 0, 0, 0, 0, 0, 0, 0, 0, 0, 61, 223
"d:\workshops\eShop\.github\skills\wds-2-trigger-mapping\data\mermaid-formatting-guide.md", "Markdown", 0, 0, 0, 0, 207, 0, 0, 0, 0, 0, 0, 0, 0, 0, 0, 0, 0, 0, 56, 263
"d:\workshops\eShop\.github\skills\wds-2-trigger-mapping\data\quality-checklist.md", "Markdown", 0, 0, 0, 0, 154, 0, 0, 0, 0, 0, 0, 0, 0, 0, 0, 0, 0, 0, 59, 213
"d:\workshops\eShop\.github\skills\wds-2-trigger-mapping\steps-c\step-00a-documentation-synthesis.md", "Markdown", 0, 0, 0, 0, 102, 0, 0, 0, 0, 0, 0, 0, 0, 0, 0, 0, 0, 0, 46, 148
"d:\workshops\eShop\.github\skills\wds-2-trigger-mapping\steps-c\step-00b-business-goals-extract.md", "Markdown", 0, 0, 0, 0, 105, 0, 0, 0, 0, 0, 0, 0, 0, 0, 0, 0, 0, 0, 48, 153
"d:\workshops\eShop\.github\skills\wds-2-trigger-mapping\steps-c\step-00c-target-groups-extract.md", "Markdown", 0, 0, 0, 0, 103, 0, 0, 0, 0, 0, 0, 0, 0, 0, 0, 0, 0, 0, 47, 150
"d:\workshops\eShop\.github\skills\wds-2-trigger-mapping\steps-c\step-00d-driving-forces-extract.md", "Markdown", 0, 0, 0, 0, 96, 0, 0, 0, 0, 0, 0, 0, 0, 0, 0, 0, 0, 0, 48, 144
"d:\workshops\eShop\.github\skills\wds-2-trigger-mapping\steps-c\step-00e-prioritization-extract.md", "Markdown", 0, 0, 0, 0, 109, 0, 0, 0, 0, 0, 0, 0, 0, 0, 0, 0, 0, 0, 51, 160
"d:\workshops\eShop\.github\skills\wds-2-trigger-mapping\steps-c\step-00f-gap-analysis.md", "Markdown", 0, 0, 0, 0, 105, 0, 0, 0, 0, 0, 0, 0, 0, 0, 0, 0, 0, 0, 47, 152
"d:\workshops\eShop\.github\skills\wds-2-trigger-mapping\steps-c\step-01-overview.md", "Markdown", 0, 0, 0, 0, 133, 0, 0, 0, 0, 0, 0, 0, 0, 0, 0, 0, 0, 0, 53, 186
"d:\workshops\eShop\.github\skills\wds-2-trigger-mapping\steps-c\step-02-business-goals.md", "Markdown", 0, 0, 0, 0, 122, 0, 0, 0, 0, 0, 0, 0, 0, 0, 0, 0, 0, 0, 59, 181
"d:\workshops\eShop\.github\skills\wds-2-trigger-mapping\steps-c\step-03-target-groups.md", "Markdown", 0, 0, 0, 0, 123, 0, 0, 0, 0, 0, 0, 0, 0, 0, 0, 0, 0, 0, 58, 181
"d:\workshops\eShop\.github\skills\wds-2-trigger-mapping\steps-c\step-04-driving-forces.md", "Markdown", 0, 0, 0, 0, 131, 0, 0, 0, 0, 0, 0, 0, 0, 0, 0, 0, 0, 0, 61, 192
"d:\workshops\eShop\.github\skills\wds-2-trigger-mapping\steps-c\step-05-prioritization.md", "Markdown", 0, 0, 0, 0, 120, 0, 0, 0, 0, 0, 0, 0, 0, 0, 0, 0, 0, 0, 66, 186
"d:\workshops\eShop\.github\skills\wds-2-trigger-mapping\steps-c\step-06a-extract-features.md", "Markdown", 0, 0, 0, 0, 93, 0, 0, 0, 0, 0, 0, 0, 0, 0, 0, 0, 0, 0, 39, 132
"d:\workshops\eShop\.github\skills\wds-2-trigger-mapping\steps-c\step-06b-confirm-assessment.md", "Markdown", 0, 0, 0, 0, 80, 0, 0, 0, 0, 0, 0, 0, 0, 0, 0, 0, 0, 0, 39, 119
"d:\workshops\eShop\.github\skills\wds-2-trigger-mapping\steps-c\step-06c-make-assessment.md", "Markdown", 0, 0, 0, 0, 112, 0, 0, 0, 0, 0, 0, 0, 0, 0, 0, 0, 0, 0, 45, 157
"d:\workshops\eShop\.github\skills\wds-2-trigger-mapping\steps-c\step-06d-generate-document.md", "Markdown", 0, 0, 0, 0, 111, 0, 0, 0, 0, 0, 0, 0, 0, 0, 0, 0, 0, 0, 49, 160
"d:\workshops\eShop\.github\skills\wds-2-trigger-mapping\steps-c\step-06e-feature-wrap-up.md", "Markdown", 0, 0, 0, 0, 93, 0, 0, 0, 0, 0, 0, 0, 0, 0, 0, 0, 0, 0, 41, 134
"d:\workshops\eShop\.github\skills\wds-2-trigger-mapping\steps-c\step-07a-generate-hub.md", "Markdown", 0, 0, 0, 0, 126, 0, 0, 0, 0, 0, 0, 0, 0, 0, 0, 0, 0, 0, 57, 183
"d:\workshops\eShop\.github\skills\wds-2-trigger-mapping\steps-c\step-07b-generate-business-goals.md", "Markdown", 0, 0, 0, 0, 99, 0, 0, 0, 0, 0, 0, 0, 0, 0, 0, 0, 0, 0, 40, 139
"d:\workshops\eShop\.github\skills\wds-2-trigger-mapping\steps-c\step-07c-generate-primary-persona.md", "Markdown", 0, 0, 0, 0, 93, 0, 0, 0, 0, 0, 0, 0, 0, 0, 0, 0, 0, 0, 44, 137
"d:\workshops\eShop\.github\skills\wds-2-trigger-mapping\steps-c\step-07d-generate-secondary-persona.md", "Markdown", 0, 0, 0, 0, 95, 0, 0, 0, 0, 0, 0, 0, 0, 0, 0, 0, 0, 0, 45, 140
"d:\workshops\eShop\.github\skills\wds-2-trigger-mapping\steps-c\step-07e-generate-tertiary-persona.md", "Markdown", 0, 0, 0, 0, 92, 0, 0, 0, 0, 0, 0, 0, 0, 0, 0, 0, 0, 0, 43, 135
"d:\workshops\eShop\.github\skills\wds-2-trigger-mapping\steps-c\step-07f-generate-key-insights.md", "Markdown", 0, 0, 0, 0, 93, 0, 0, 0, 0, 0, 0, 0, 0, 0, 0, 0, 0, 0, 41, 134
"d:\workshops\eShop\.github\skills\wds-2-trigger-mapping\steps-c\step-07g-quality-check.md", "Markdown", 0, 0, 0, 0, 110, 0, 0, 0, 0, 0, 0, 0, 0, 0, 0, 0, 0, 0, 40, 150
"d:\workshops\eShop\.github\skills\wds-2-trigger-mapping\steps-c\step-08a-mermaid-init-structure.md", "Markdown", 0, 0, 0, 0, 95, 0, 0, 0, 0, 0, 0, 0, 0, 0, 0, 0, 0, 0, 44, 139
"d:\workshops\eShop\.github\skills\wds-2-trigger-mapping\steps-c\step-08b-mermaid-business-goals.md", "Markdown", 0, 0, 0, 0, 103, 0, 0, 0, 0, 0, 0, 0, 0, 0, 0, 0, 0, 0, 37, 140
"d:\workshops\eShop\.github\skills\wds-2-trigger-mapping\steps-c\step-08c-mermaid-platform.md", "Markdown", 0, 0, 0, 0, 100, 0, 0, 0, 0, 0, 0, 0, 0, 0, 0, 0, 0, 0, 36, 136
"d:\workshops\eShop\.github\skills\wds-2-trigger-mapping\steps-c\step-08d-mermaid-target-groups.md", "Markdown", 0, 0, 0, 0, 103, 0, 0, 0, 0, 0, 0, 0, 0, 0, 0, 0, 0, 0, 38, 141
"d:\workshops\eShop\.github\skills\wds-2-trigger-mapping\steps-c\step-08e-mermaid-driving-forces.md", "Markdown", 0, 0, 0, 0, 115, 0, 0, 0, 0, 0, 0, 0, 0, 0, 0, 0, 0, 0, 40, 155
"d:\workshops\eShop\.github\skills\wds-2-trigger-mapping\steps-c\step-08f-mermaid-connections.md", "Markdown", 0, 0, 0, 0, 82, 0, 0, 0, 0, 0, 0, 0, 0, 0, 0, 0, 0, 0, 38, 120
"d:\workshops\eShop\.github\skills\wds-2-trigger-mapping\steps-c\step-08g-mermaid-styling.md", "Markdown", 0, 0, 0, 0, 110, 0, 0, 0, 0, 0, 0, 0, 0, 0, 0, 0, 0, 0, 42, 152
"d:\workshops\eShop\.github\skills\wds-2-trigger-mapping\steps-c\step-08h-mermaid-quality.md", "Markdown", 0, 0, 0, 0, 119, 0, 0, 0, 0, 0, 0, 0, 0, 0, 0, 0, 0, 0, 47, 166
"d:\workshops\eShop\.github\skills\wds-2-trigger-mapping\steps-c\step-09a-finalize-hub.md", "Markdown", 0, 0, 0, 0, 88, 0, 0, 0, 0, 0, 0, 0, 0, 0, 0, 0, 0, 0, 37, 125
"d:\workshops\eShop\.github\skills\wds-2-trigger-mapping\steps-c\step-09b-add-cross-references.md", "Markdown", 0, 0, 0, 0, 77, 0, 0, 0, 0, 0, 0, 0, 0, 0, 0, 0, 0, 0, 32, 109
"d:\workshops\eShop\.github\skills\wds-2-trigger-mapping\steps-c\step-09c-quality-check.md", "Markdown", 0, 0, 0, 0, 79, 0, 0, 0, 0, 0, 0, 0, 0, 0, 0, 0, 0, 0, 32, 111
"d:\workshops\eShop\.github\skills\wds-2-trigger-mapping\steps-c\step-09d-create-handover-package.md", "Markdown", 0, 0, 0, 0, 95, 0, 0, 0, 0, 0, 0, 0, 0, 0, 0, 0, 0, 0, 40, 135
"d:\workshops\eShop\.github\skills\wds-2-trigger-mapping\steps-c\step-09e-update-design-log.md", "Markdown", 0, 0, 0, 0, 104, 0, 0, 0, 0, 0, 0, 0, 0, 0, 0, 0, 0, 0, 46, 150
"d:\workshops\eShop\.github\skills\wds-2-trigger-mapping\steps-c\step-09f-provide-activation.md", "Markdown", 0, 0, 0, 0, 92, 0, 0, 0, 0, 0, 0, 0, 0, 0, 0, 0, 0, 0, 44, 136
"d:\workshops\eShop\.github\skills\wds-2-trigger-mapping\steps-v\step-01-target-group-coverage.md", "Markdown", 0, 0, 0, 0, 87, 0, 0, 0, 0, 0, 0, 0, 0, 0, 0, 0, 0, 0, 38, 125
"d:\workshops\eShop\.github\skills\wds-2-trigger-mapping\steps-v\step-02-prioritization-integrity.md", "Markdown", 0, 0, 0, 0, 92, 0, 0, 0, 0, 0, 0, 0, 0, 0, 0, 0, 0, 0, 38, 130
"d:\workshops\eShop\.github\skills\wds-2-trigger-mapping\steps-v\step-03-persona-consistency.md", "Markdown", 0, 0, 0, 0, 93, 0, 0, 0, 0, 0, 0, 0, 0, 0, 0, 0, 0, 0, 38, 131
"d:\workshops\eShop\.github\skills\wds-2-trigger-mapping\steps-v\step-04-feature-impact-alignment.md", "Markdown", 0, 0, 0, 0, 90, 0, 0, 0, 0, 0, 0, 0, 0, 0, 0, 0, 0, 0, 40, 130
"d:\workshops\eShop\.github\skills\wds-2-trigger-mapping\steps-v\step-05-cross-document-coherence.md", "Markdown", 0, 0, 0, 0, 112, 0, 0, 0, 0, 0, 0, 0, 0, 0, 0, 0, 0, 0, 45, 157
"d:\workshops\eShop\.github\skills\wds-2-trigger-mapping\templates\feature-impact.template.md", "Markdown", 0, 0, 0, 0, 30, 0, 0, 0, 0, 0, 0, 0, 0, 0, 0, 0, 0, 0, 18, 48
"d:\workshops\eShop\.github\skills\wds-2-trigger-mapping\templates\persona-document.template.md", "Markdown", 0, 0, 0, 0, 344, 0, 0, 0, 0, 0, 0, 0, 0, 0, 0, 0, 0, 0, 142, 486
"d:\workshops\eShop\.github\skills\wds-2-trigger-mapping\templates\trigger-map.template.md", "Markdown", 0, 0, 0, 0, 112, 0, 0, 0, 0, 0, 0, 0, 0, 0, 0, 0, 0, 0, 58, 170
"d:\workshops\eShop\.github\skills\wds-2-trigger-mapping\workflow-validate.md", "Markdown", 0, 0, 0, 0, 25, 0, 0, 0, 0, 0, 0, 0, 0, 0, 0, 0, 0, 0, 18, 43
"d:\workshops\eShop\.github\skills\wds-2-trigger-mapping\workflow.md", "Markdown", 0, 0, 0, 0, 55, 0, 0, 0, 0, 0, 0, 0, 0, 0, 0, 0, 0, 0, 34, 89
"d:\workshops\eShop\.github\skills\wds-3-scenarios\SKILL.md", "Skill", 0, 0, 0, 0, 0, 0, 0, 0, 5, 0, 0, 0, 0, 0, 0, 0, 0, 0, 2, 7
"d:\workshops\eShop\.github\skills\wds-3-scenarios\bmad-skill-manifest.yaml", "YAML", 0, 1, 0, 0, 0, 0, 0, 0, 0, 0, 0, 0, 0, 0, 0, 0, 0, 0, 1, 2
"d:\workshops\eShop\.github\skills\wds-3-scenarios\data\quality-checklist.md", "Markdown", 0, 0, 0, 0, 113, 0, 0, 0, 0, 0, 0, 0, 0, 0, 0, 0, 0, 0, 49, 162
"d:\workshops\eShop\.github\skills\wds-3-scenarios\data\scenario-outline-template.md", "Markdown", 0, 0, 0, 0, 71, 0, 0, 0, 0, 0, 0, 0, 0, 0, 0, 0, 0, 0, 51, 122
"d:\workshops\eShop\.github\skills\wds-3-scenarios\data\validation-standards.md", "Markdown", 0, 0, 0, 0, 42, 0, 0, 0, 0, 0, 0, 0, 0, 0, 0, 0, 0, 0, 17, 59
"d:\workshops\eShop\.github\skills\wds-3-scenarios\steps-c\step-01-load-context.md", "Markdown", 0, 0, 0, 0, 121, 0, 0, 0, 0, 0, 0, 0, 0, 0, 0, 0, 0, 0, 50, 171
"d:\workshops\eShop\.github\skills\wds-3-scenarios\steps-c\step-02-analyze-scope.md", "Markdown", 0, 0, 0, 0, 133, 0, 0, 0, 0, 0, 0, 0, 0, 0, 0, 0, 0, 0, 60, 193
"d:\workshops\eShop\.github\skills\wds-3-scenarios\steps-c\step-03-build-strategic-context.md", "Markdown", 0, 0, 0, 0, 133, 0, 0, 0, 0, 0, 0, 0, 0, 0, 0, 0, 0, 0, 59, 192
"d:\workshops\eShop\.github\skills\wds-3-scenarios\steps-c\step-04-suggest-scenarios.md", "Markdown", 0, 0, 0, 0, 126, 0, 0, 0, 0, 0, 0, 0, 0, 0, 0, 0, 0, 0, 56, 182
"d:\workshops\eShop\.github\skills\wds-3-scenarios\steps-c\step-05-outline-scenario.md", "Markdown", 0, 0, 0, 0, 221, 0, 0, 0, 0, 0, 0, 0, 0, 0, 0, 0, 0, 0, 108, 329
"d:\workshops\eShop\.github\skills\wds-3-scenarios\steps-c\step-06-generate-overview.md", "Markdown", 0, 0, 0, 0, 116, 0, 0, 0, 0, 0, 0, 0, 0, 0, 0, 0, 0, 0, 58, 174
"d:\workshops\eShop\.github\skills\wds-3-scenarios\steps-c\step-07-quality-review.md", "Markdown", 0, 0, 0, 0, 128, 0, 0, 0, 0, 0, 0, 0, 0, 0, 0, 0, 0, 0, 60, 188
"d:\workshops\eShop\.github\skills\wds-3-scenarios\steps-c\step-08-update-design-log.md", "Markdown", 0, 0, 0, 0, 102, 0, 0, 0, 0, 0, 0, 0, 0, 0, 0, 0, 0, 0, 49, 151
"d:\workshops\eShop\.github\skills\wds-3-scenarios\steps-c\step-09-handover.md", "Markdown", 0, 0, 0, 0, 128, 0, 0, 0, 0, 0, 0, 0, 0, 0, 0, 0, 0, 0, 54, 182
"d:\workshops\eShop\.github\skills\wds-3-scenarios\steps-v\step-01-scenario-coverage.md", "Markdown", 0, 0, 0, 0, 87, 0, 0, 0, 0, 0, 0, 0, 0, 0, 0, 0, 0, 0, 43, 130
"d:\workshops\eShop\.github\skills\wds-3-scenarios\steps-v\step-02-navigation-patterns.md", "Markdown", 0, 0, 0, 0, 102, 0, 0, 0, 0, 0, 0, 0, 0, 0, 0, 0, 0, 0, 47, 149
"d:\workshops\eShop\.github\skills\wds-3-scenarios\steps-v\step-03-outline-completeness.md", "Markdown", 0, 0, 0, 0, 106, 0, 0, 0, 0, 0, 0, 0, 0, 0, 0, 0, 0, 0, 45, 151
"d:\workshops\eShop\.github\skills\wds-3-scenarios\steps-v\step-04-cross-scenario-consistency.md", "Markdown", 0, 0, 0, 0, 106, 0, 0, 0, 0, 0, 0, 0, 0, 0, 0, 0, 0, 0, 47, 153
"d:\workshops\eShop\.github\skills\wds-3-scenarios\steps-v\step-05-seo-keyword-alignment.md", "Markdown", 0, 0, 0, 0, 118, 0, 0, 0, 0, 0, 0, 0, 0, 0, 0, 0, 0, 0, 55, 173
"d:\workshops\eShop\.github\skills\wds-3-scenarios\workflow-validate.md", "Markdown", 0, 0, 0, 0, 25, 0, 0, 0, 0, 0, 0, 0, 0, 0, 0, 0, 0, 0, 18, 43
"d:\workshops\eShop\.github\skills\wds-3-scenarios\workflow.md", "Markdown", 0, 0, 0, 0, 70, 0, 0, 0, 0, 0, 0, 0, 0, 0, 0, 0, 0, 0, 38, 108
"d:\workshops\eShop\.github\skills\wds-4-ux-design\SKILL.md", "Skill", 0, 0, 0, 0, 0, 0, 0, 0, 5, 0, 0, 0, 0, 0, 0, 0, 0, 0, 2, 7
"d:\workshops\eShop\.github\skills\wds-4-ux-design\bmad-skill-manifest.yaml", "YAML", 0, 1, 0, 0, 0, 0, 0, 0, 0, 0, 0, 0, 0, 0, 0, 0, 0, 0, 1, 2
"d:\workshops\eShop\.github\skills\wds-4-ux-design\data\delivery-templates.md", "Markdown", 0, 0, 0, 0, 134, 0, 0, 0, 0, 0, 0, 0, 0, 0, 0, 0, 0, 0, 55, 189
"d:\workshops\eShop\.github\skills\wds-4-ux-design\data\design-deliveries-guide.md", "Markdown", 0, 0, 0, 0, 344, 0, 0, 0, 0, 0, 0, 0, 0, 0, 0, 0, 0, 0, 146, 490
"d:\workshops\eShop\.github\skills\wds-4-ux-design\data\guides\DESIGN-LOOP-GUIDE.md", "Markdown", 0, 0, 0, 0, 112, 0, 0, 0, 0, 0, 0, 0, 0, 0, 0, 0, 0, 0, 68, 180
"d:\workshops\eShop\.github\skills\wds-4-ux-design\data\guides\HTML-VS-VISUAL-STYLES.md", "Markdown", 0, 0, 0, 0, 161, 0, 0, 0, 0, 0, 0, 0, 0, 0, 0, 0, 0, 3, 80, 244
"d:\workshops\eShop\.github\skills\wds-4-ux-design\data\guides\NANO-BANANA-PROMPT-GUIDE.md", "Markdown", 0, 0, 0, 0, 354, 0, 0, 0, 0, 0, 0, 0, 0, 0, 0, 0, 0, 0, 115, 469
"d:\workshops\eShop\.github\skills\wds-4-ux-design\data\guides\SKETCH-TEXT-ANALYSIS-GUIDE.md", "Markdown", 0, 0, 0, 0, 373, 0, 0, 0, 0, 0, 0, 0, 0, 0, 0, 0, 0, 0, 160, 533
"d:\workshops\eShop\.github\skills\wds-4-ux-design\data\guides\SKETCH-TEXT-QUICK-REFERENCE.md", "Markdown", 0, 0, 0, 0, 148, 0, 0, 0, 0, 0, 0, 0, 0, 0, 0, 0, 0, 0, 75, 223
"d:\workshops\eShop\.github\skills\wds-4-ux-design\data\guides\TRANSLATION-ORGANIZATION-GUIDE.md", "Markdown", 0, 0, 0, 0, 345, 0, 0, 0, 0, 0, 0, 0, 0, 0, 0, 0, 0, 0, 169, 514
"d:\workshops\eShop\.github\skills\wds-4-ux-design\data\guides\WDS-SPECIFICATION-PATTERN.md", "Markdown", 0, 0, 0, 0, 299, 0, 0, 0, 0, 0, 0, 0, 0, 0, 0, 0, 0, 0, 138, 437
"d:\workshops\eShop\.github\skills\wds-4-ux-design\data\handoff-dialog-scripts.md", "Markdown", 0, 0, 0, 0, 197, 0, 0, 0, 0, 0, 0, 0, 0, 0, 0, 0, 0, 0, 80, 277
"d:\workshops\eShop\.github\skills\wds-4-ux-design\data\modular-architecture\00-MODULAR-ARCHITECTURE-GUIDE.md", "Markdown", 0, 0, 0, 0, 36, 0, 0, 0, 0, 0, 0, 0, 0, 0, 0, 0, 0, 0, 36, 72
"d:\workshops\eShop\.github\skills\wds-4-ux-design\data\modular-architecture\00-foundation\agent-designer-collaboration.md", "Markdown", 0, 0, 0, 0, 327, 0, 0, 0, 0, 0, 0, 0, 0, 0, 0, 0, 0, 0, 162, 489
"d:\workshops\eShop\.github\skills\wds-4-ux-design\data\modular-architecture\01-core-concepts\complexity-detection.md", "Markdown", 0, 0, 0, 0, 82, 0, 0, 0, 0, 0, 0, 0, 0, 0, 0, 0, 0, 0, 42, 124
"d:\workshops\eShop\.github\skills\wds-4-ux-design\data\modular-architecture\01-core-concepts\content-placement-rules.md", "Markdown", 0, 0, 0, 0, 100, 0, 0, 0, 0, 0, 0, 0, 0, 0, 0, 0, 0, 0, 45, 145
"d:\workshops\eShop\.github\skills\wds-4-ux-design\data\modular-architecture\01-core-concepts\three-tier-overview.md", "Markdown", 0, 0, 0, 0, 99, 0, 0, 0, 0, 0, 0, 0, 0, 0, 0, 0, 0, 0, 46, 145
"d:\workshops\eShop\.github\skills\wds-4-ux-design\data\modular-architecture\02-workflows\01-what-are-storyboards.md", "Markdown", 0, 0, 0, 0, 45, 0, 0, 0, 0, 0, 0, 0, 0, 0, 0, 0, 0, 0, 26, 71
"d:\workshops\eShop\.github\skills\wds-4-ux-design\data\modular-architecture\02-workflows\01-when-to-use.md", "Markdown", 0, 0, 0, 0, 38, 0, 0, 0, 0, 0, 0, 0, 0, 0, 0, 0, 0, 0, 31, 69
"d:\workshops\eShop\.github\skills\wds-4-ux-design\data\modular-architecture\02-workflows\02-file-structure.md", "Markdown", 0, 0, 0, 0, 58, 0, 0, 0, 0, 0, 0, 0, 0, 0, 0, 0, 0, 0, 29, 87
"d:\workshops\eShop\.github\skills\wds-4-ux-design\data\modular-architecture\02-workflows\complexity-router-workflow.md", "Markdown", 0, 0, 0, 0, 101, 0, 0, 0, 0, 0, 0, 0, 0, 0, 0, 0, 0, 0, 55, 156
"d:\workshops\eShop\.github\skills\wds-4-ux-design\data\modular-architecture\02-workflows\page-specification-workflow.md", "Markdown", 0, 0, 0, 0, 208, 0, 0, 0, 0, 0, 0, 0, 0, 0, 0, 0, 0, 0, 105, 313
"d:\workshops\eShop\.github\skills\wds-4-ux-design\data\modular-architecture\02-workflows\storyboards-guide.md", "Markdown", 0, 0, 0, 0, 38, 0, 0, 0, 0, 0, 0, 0, 0, 0, 0, 0, 0, 0, 38, 76
"d:\workshops\eShop\.github\skills\wds-4-ux-design\data\modular-architecture\03-quick-refs\benefits.md", "Markdown", 0, 0, 0, 0, 80, 0, 0, 0, 0, 0, 0, 0, 0, 0, 0, 0, 0, 0, 49, 129
"d:\workshops\eShop\.github\skills\wds-4-ux-design\data\modular-architecture\03-quick-refs\decision-tree.md", "Markdown", 0, 0, 0, 0, 51, 0, 0, 0, 0, 0, 0, 0, 0, 0, 0, 0, 0, 0, 17, 68
"d:\workshops\eShop\.github\skills\wds-4-ux-design\data\modular-architecture\COMPONENT-FILE-STRUCTURE.md", "Markdown", 0, 0, 0, 0, 522, 0, 0, 0, 0, 0, 0, 0, 0, 0, 0, 0, 0, 0, 221, 743
"d:\workshops\eShop\.github\skills\wds-4-ux-design\data\modular-architecture\CONTENT-PLACEMENT-GUIDE.md", "Markdown", 0, 0, 0, 0, 377, 0, 0, 0, 0, 0, 0, 0, 0, 0, 0, 0, 0, 0, 176, 553
"d:\workshops\eShop\.github\skills\wds-4-ux-design\data\modular-architecture\CROSS-PAGE-CONSISTENCY.md", "Markdown", 0, 0, 0, 0, 207, 0, 0, 0, 0, 0, 0, 0, 0, 0, 0, 0, 0, 0, 95, 302
"d:\workshops\eShop\.github\skills\wds-4-ux-design\data\modular-architecture\STORYBOARD-INTEGRATION.md", "Markdown", 0, 0, 0, 0, 491, 0, 0, 0, 0, 0, 0, 0, 0, 0, 0, 0, 0, 0, 224, 715
"d:\workshops\eShop\.github\skills\wds-4-ux-design\data\modular-architecture\workflow.md", "Markdown", 0, 0, 0, 0, 184, 0, 0, 0, 0, 0, 0, 0, 0, 0, 0, 0, 0, 0, 105, 289
"d:\workshops\eShop\.github\skills\wds-4-ux-design\data\object-types\COMPLEXITY-ROUTER.md", "Markdown", 0, 0, 0, 0, 559, 0, 0, 0, 0, 0, 0, 0, 0, 0, 0, 0, 0, 0, 284, 843
"d:\workshops\eShop\.github\skills\wds-4-ux-design\data\object-types\ROUTER-FLOW-DIAGRAM.md", "Markdown", 0, 0, 0, 0, 221, 0, 0, 0, 0, 0, 0, 0, 0, 0, 0, 0, 0, 0, 55, 276
"d:\workshops\eShop\.github\skills\wds-4-ux-design\data\object-types\TEXT-DETECTION-PRIORITY.md", "Markdown", 0, 0, 0, 0, 265, 0, 0, 0, 0, 0, 0, 0, 0, 0, 0, 0, 0, 0, 127, 392
"d:\workshops\eShop\.github\skills\wds-4-ux-design\data\object-types\object-router.md", "Markdown", 0, 0, 0, 0, 233, 0, 0, 0, 0, 0, 0, 0, 0, 0, 0, 0, 0, 0, 117, 350
"d:\workshops\eShop\.github\skills\wds-4-ux-design\data\object-types\templates\button.md", "Markdown", 0, 0, 0, 0, 229, 0, 0, 0, 0, 0, 0, 0, 0, 0, 0, 0, 0, 0, 117, 346
"d:\workshops\eShop\.github\skills\wds-4-ux-design\data\object-types\templates\heading-text.md", "Markdown", 0, 0, 0, 0, 369, 0, 0, 0, 0, 0, 0, 0, 0, 0, 0, 0, 0, 0, 181, 550
"d:\workshops\eShop\.github\skills\wds-4-ux-design\data\object-types\templates\image.md", "Markdown", 0, 0, 0, 0, 108, 0, 0, 0, 0, 0, 0, 0, 0, 0, 0, 0, 0, 0, 58, 166
"d:\workshops\eShop\.github\skills\wds-4-ux-design\data\object-types\templates\link.md", "Markdown", 0, 0, 0, 0, 108, 0, 0, 0, 0, 0, 0, 0, 0, 0, 0, 0, 0, 0, 60, 168
"d:\workshops\eShop\.github\skills\wds-4-ux-design\data\object-types\templates\text-input.md", "Markdown", 0, 0, 0, 0, 301, 0, 0, 0, 0, 0, 0, 0, 0, 0, 0, 0, 0, 0, 163, 464
"d:\workshops\eShop\.github\skills\wds-4-ux-design\data\object-types\workflow.md", "Markdown", 0, 0, 0, 0, 86, 0, 0, 0, 0, 0, 0, 0, 0, 0, 0, 0, 0, 0, 42, 128
"d:\workshops\eShop\.github\skills\wds-4-ux-design\data\page-creation-flows\flow-a-sketch.md", "Markdown", 0, 0, 0, 0, 17, 0, 0, 0, 0, 0, 0, 0, 0, 0, 0, 0, 0, 0, 12, 29
"d:\workshops\eShop\.github\skills\wds-4-ux-design\data\page-creation-flows\flow-b-verbal.md", "Markdown", 0, 0, 0, 0, 93, 0, 0, 0, 0, 0, 0, 0, 0, 0, 0, 0, 0, 0, 46, 139
"d:\workshops\eShop\.github\skills\wds-4-ux-design\data\page-creation-flows\flow-c-ascii.md", "Markdown", 0, 0, 0, 0, 65, 0, 0, 0, 0, 0, 0, 0, 0, 0, 0, 0, 0, 0, 28, 93
"d:\workshops\eShop\.github\skills\wds-4-ux-design\data\page-creation-flows\flow-d-reference.md", "Markdown", 0, 0, 0, 0, 43, 0, 0, 0, 0, 0, 0, 0, 0, 0, 0, 0, 0, 0, 27, 70
"d:\workshops\eShop\.github\skills\wds-4-ux-design\data\page-creation-flows\flow-e-html.md", "Markdown", 0, 0, 0, 0, 89, 0, 0, 0, 0, 0, 0, 0, 0, 0, 0, 0, 0, 0, 43, 132
"d:\workshops\eShop\.github\skills\wds-4-ux-design\data\page-creation-flows\lightweight-page-template.md", "Markdown", 0, 0, 0, 0, 86, 0, 0, 0, 0, 0, 0, 0, 0, 0, 0, 0, 0, 14, 36, 136
"d:\workshops\eShop\.github\skills\wds-4-ux-design\data\page-creation-flows\page-init-lightweight.md", "Markdown", 0, 0, 0, 0, 127, 0, 0, 0, 0, 0, 0, 0, 0, 0, 0, 0, 0, 0, 70, 197
"d:\workshops\eShop\.github\skills\wds-4-ux-design\data\page-creation-flows\page-process-templates.md", "Markdown", 0, 0, 0, 0, 97, 0, 0, 0, 0, 0, 0, 0, 0, 0, 0, 0, 0, 0, 34, 131
"d:\workshops\eShop\.github\skills\wds-4-ux-design\data\page-creation-flows\placeholder-templates.md", "Markdown", 0, 0, 0, 0, 109, 0, 0, 0, 0, 0, 0, 0, 0, 0, 0, 0, 0, 0, 45, 154
"d:\workshops\eShop\.github\skills\wds-4-ux-design\data\page-creation-flows\workshop-c-placeholder-pages.md", "Markdown", 0, 0, 0, 0, 109, 0, 0, 0, 0, 0, 0, 0, 0, 0, 0, 0, 0, 0, 60, 169
"d:\workshops\eShop\.github\skills\wds-4-ux-design\data\page-creation-flows\workshop-page-creation.md", "Markdown", 0, 0, 0, 0, 88, 0, 0, 0, 0, 0, 0, 0, 0, 0, 0, 0, 0, 0, 47, 135
"d:\workshops\eShop\.github\skills\wds-4-ux-design\data\page-creation-flows\workshop-page-process.md", "Markdown", 0, 0, 0, 0, 158, 0, 0, 0, 0, 0, 0, 0, 0, 0, 0, 0, 0, 0, 78, 236
"d:\workshops\eShop\.github\skills\wds-4-ux-design\data\quality-guide.md", "Markdown", 0, 0, 0, 0, 500, 0, 0, 0, 0, 0, 0, 0, 0, 0, 0, 0, 0, 0, 154, 654
"d:\workshops\eShop\.github\skills\wds-4-ux-design\data\scenario-init\01-platform-confirmation.md", "Markdown", 0, 0, 0, 0, 118, 0, 0, 0, 0, 0, 0, 0, 0, 0, 0, 0, 0, 0, 50, 168
"d:\workshops\eShop\.github\skills\wds-4-ux-design\data\scenario-init\02-feature-selection.md", "Markdown", 0, 0, 0, 0, 44, 0, 0, 0, 0, 0, 0, 0, 0, 0, 0, 0, 0, 0, 27, 71
"d:\workshops\eShop\.github\skills\wds-4-ux-design\data\scenario-init\03-entry-point.md", "Markdown", 0, 0, 0, 0, 44, 0, 0, 0, 0, 0, 0, 0, 0, 0, 0, 0, 0, 0, 24, 68
"d:\workshops\eShop\.github\skills\wds-4-ux-design\data\scenario-init\04-mental-state.md", "Markdown", 0, 0, 0, 0, 50, 0, 0, 0, 0, 0, 0, 0, 0, 0, 0, 0, 0, 0, 25, 75
"d:\workshops\eShop\.github\skills\wds-4-ux-design\data\scenario-init\05-mutual-success.md", "Markdown", 0, 0, 0, 0, 43, 0, 0, 0, 0, 0, 0, 0, 0, 0, 0, 0, 0, 0, 27, 70
"d:\workshops\eShop\.github\skills\wds-4-ux-design\data\scenario-init\06-shortest-path.md", "Markdown", 0, 0, 0, 0, 61, 0, 0, 0, 0, 0, 0, 0, 0, 0, 0, 0, 0, 0, 32, 93
"d:\workshops\eShop\.github\skills\wds-4-ux-design\data\scenario-init\07-reference-trigger-map.md", "Markdown", 0, 0, 0, 0, 54, 0, 0, 0, 0, 0, 0, 0, 0, 0, 0, 0, 0, 0, 27, 81
"d:\workshops\eShop\.github\skills\wds-4-ux-design\data\scenario-init\examples\booking-example.md", "Markdown", 0, 0, 0, 0, 43, 0, 0, 0, 0, 0, 0, 0, 0, 0, 0, 0, 0, 0, 22, 65
"d:\workshops\eShop\.github\skills\wds-4-ux-design\data\scenario-init\examples\ecommerce-example.md", "Markdown", 0, 0, 0, 0, 43, 0, 0, 0, 0, 0, 0, 0, 0, 0, 0, 0, 0, 0, 22, 65
"d:\workshops\eShop\.github\skills\wds-4-ux-design\data\scenario-init\examples\saas-example.md", "Markdown", 0, 0, 0, 0, 43, 0, 0, 0, 0, 0, 0, 0, 0, 0, 0, 0, 0, 0, 22, 65
"d:\workshops\eShop\.github\skills\wds-4-ux-design\data\scenario-init\scenario-init-dialog.md", "Markdown", 0, 0, 0, 0, 386, 0, 0, 0, 0, 0, 0, 0, 0, 0, 0, 0, 0, 0, 151, 537
"d:\workshops\eShop\.github\skills\wds-4-ux-design\data\scenario-init\scenario-init-guide.md", "Markdown", 0, 0, 0, 0, 40, 0, 0, 0, 0, 0, 0, 0, 0, 0, 0, 0, 0, 0, 37, 77
"d:\workshops\eShop\.github\skills\wds-4-ux-design\data\scenario-init\scenario-init-process.md", "Markdown", 0, 0, 0, 0, 149, 0, 0, 0, 0, 0, 0, 0, 0, 0, 0, 0, 0, 0, 73, 222
"d:\workshops\eShop\.github\skills\wds-4-ux-design\data\specification-audit-workflow.md", "Markdown", 0, 0, 0, 0, 539, 0, 0, 0, 0, 0, 0, 0, 0, 0, 0, 0, 0, 0, 184, 723
"d:\workshops\eShop\.github\skills\wds-4-ux-design\data\substeps-guide.md", "Markdown", 0, 0, 0, 0, 87, 0, 0, 0, 0, 0, 0, 0, 0, 0, 0, 0, 0, 0, 24, 111
"d:\workshops\eShop\.github\skills\wds-4-ux-design\data\validation-standards.md", "Markdown", 0, 0, 0, 0, 161, 0, 0, 0, 0, 0, 0, 0, 0, 0, 0, 0, 0, 0, 55, 216
"d:\workshops\eShop\.github\skills\wds-4-ux-design\steps-c\step-01-exploration.md", "Markdown", 0, 0, 0, 0, 231, 0, 0, 0, 0, 0, 0, 0, 0, 0, 0, 0, 0, 0, 102, 333
"d:\workshops\eShop\.github\skills\wds-4-ux-design\steps-h\step-01-detect-completion.md", "Markdown", 0, 0, 0, 0, 95, 0, 0, 0, 0, 0, 0, 0, 0, 0, 0, 0, 0, 0, 45, 140
"d:\workshops\eShop\.github\skills\wds-4-ux-design\steps-h\step-02-create-delivery.md", "Markdown", 0, 0, 0, 0, 114, 0, 0, 0, 0, 0, 0, 0, 0, 0, 0, 0, 0, 0, 50, 164
"d:\workshops\eShop\.github\skills\wds-4-ux-design\steps-h\step-03-create-test-scenario.md", "Markdown", 0, 0, 0, 0, 124, 0, 0, 0, 0, 0, 0, 0, 0, 0, 0, 0, 0, 0, 50, 174
"d:\workshops\eShop\.github\skills\wds-4-ux-design\steps-h\step-04-handoff-dialog.md", "Markdown", 0, 0, 0, 0, 100, 0, 0, 0, 0, 0, 0, 0, 0, 0, 0, 0, 0, 0, 43, 143
"d:\workshops\eShop\.github\skills\wds-4-ux-design\steps-h\step-05-hand-off.md", "Markdown", 0, 0, 0, 0, 106, 0, 0, 0, 0, 0, 0, 0, 0, 0, 0, 0, 0, 0, 46, 152
"d:\workshops\eShop\.github\skills\wds-4-ux-design\steps-h\step-06-continue.md", "Markdown", 0, 0, 0, 0, 95, 0, 0, 0, 0, 0, 0, 0, 0, 0, 0, 0, 0, 0, 44, 139
"d:\workshops\eShop\.github\skills\wds-4-ux-design\steps-k\step-01-sketch-analysis.md", "Markdown", 0, 0, 0, 0, 308, 0, 0, 0, 0, 0, 0, 0, 0, 0, 0, 0, 0, 0, 148, 456
"d:\workshops\eShop\.github\skills\wds-4-ux-design\steps-m\step-01-review-current.md", "Markdown", 0, 0, 0, 0, 84, 0, 0, 0, 0, 0, 0, 0, 0, 0, 0, 0, 0, 0, 40, 124
"d:\workshops\eShop\.github\skills\wds-4-ux-design\steps-m\step-02-define-component.md", "Markdown", 0, 0, 0, 0, 84, 0, 0, 0, 0, 0, 0, 0, 0, 0, 0, 0, 0, 0, 42, 126
"d:\workshops\eShop\.github\skills\wds-4-ux-design\steps-m\step-03-validate-usage.md", "Markdown", 0, 0, 0, 0, 85, 0, 0, 0, 0, 0, 0, 0, 0, 0, 0, 0, 0, 0, 42, 127
"d:\workshops\eShop\.github\skills\wds-4-ux-design\steps-p\step-01-page-basics.md", "Markdown", 0, 0, 0, 0, 89, 0, 0, 0, 0, 0, 0, 0, 0, 0, 0, 0, 0, 0, 41, 130
"d:\workshops\eShop\.github\skills\wds-4-ux-design\steps-p\step-02-layout-sections.md", "Markdown", 0, 0, 0, 0, 81, 0, 0, 0, 0, 0, 0, 0, 0, 0, 0, 0, 0, 0, 44, 125
"d:\workshops\eShop\.github\skills\wds-4-ux-design\steps-p\step-03-components-objects.md", "Markdown", 0, 0, 0, 0, 113, 0, 0, 0, 0, 0, 0, 0, 0, 0, 0, 0, 0, 0, 64, 177
"d:\workshops\eShop\.github\skills\wds-4-ux-design\steps-p\step-04-content-languages.md", "Markdown", 0, 0, 0, 0, 82, 0, 0, 0, 0, 0, 0, 0, 0, 0, 0, 0, 0, 0, 46, 128
"d:\workshops\eShop\.github\skills\wds-4-ux-design\steps-p\step-05-interactions.md", "Markdown", 0, 0, 0, 0, 80, 0, 0, 0, 0, 0, 0, 0, 0, 0, 0, 0, 0, 0, 42, 122
"d:\workshops\eShop\.github\skills\wds-4-ux-design\steps-p\step-06-states.md", "Markdown", 0, 0, 0, 0, 99, 0, 0, 0, 0, 0, 0, 0, 0, 0, 0, 0, 0, 0, 51, 150
"d:\workshops\eShop\.github\skills\wds-4-ux-design\steps-p\step-07-validation.md", "Markdown", 0, 0, 0, 0, 98, 0, 0, 0, 0, 0, 0, 0, 0, 0, 0, 0, 0, 0, 52, 150
"d:\workshops\eShop\.github\skills\wds-4-ux-design\steps-p\step-08-spacing-typography.md", "Markdown", 0, 0, 0, 0, 144, 0, 0, 0, 0, 0, 0, 0, 0, 0, 0, 0, 0, 0, 67, 211
"d:\workshops\eShop\.github\skills\wds-4-ux-design\steps-p\step-09-generate-spec.md", "Markdown", 0, 0, 0, 0, 95, 0, 0, 0, 0, 0, 0, 0, 0, 0, 0, 0, 0, 0, 44, 139
"d:\workshops\eShop\.github\skills\wds-4-ux-design\steps-s\step-01-core-feature.md", "Markdown", 0, 0, 0, 0, 77, 0, 0, 0, 0, 0, 0, 0, 0, 0, 0, 0, 0, 0, 40, 117
"d:\workshops\eShop\.github\skills\wds-4-ux-design\steps-s\step-02-entry-point.md", "Markdown", 0, 0, 0, 0, 77, 0, 0, 0, 0, 0, 0, 0, 0, 0, 0, 0, 0, 0, 38, 115
"d:\workshops\eShop\.github\skills\wds-4-ux-design\steps-s\step-03-mental-state.md", "Markdown", 0, 0, 0, 0, 74, 0, 0, 0, 0, 0, 0, 0, 0, 0, 0, 0, 0, 0, 39, 113
"d:\workshops\eShop\.github\skills\wds-4-ux-design\steps-s\step-04-mutual-success.md", "Markdown", 0, 0, 0, 0, 77, 0, 0, 0, 0, 0, 0, 0, 0, 0, 0, 0, 0, 0, 40, 117
"d:\workshops\eShop\.github\skills\wds-4-ux-design\steps-s\step-05-shortest-path.md", "Markdown", 0, 0, 0, 0, 88, 0, 0, 0, 0, 0, 0, 0, 0, 0, 0, 0, 0, 0, 42, 130
"d:\workshops\eShop\.github\skills\wds-4-ux-design\steps-s\step-06-scenario-name.md", "Markdown", 0, 0, 0, 0, 75, 0, 0, 0, 0, 0, 0, 0, 0, 0, 0, 0, 0, 0, 38, 113
"d:\workshops\eShop\.github\skills\wds-4-ux-design\steps-s\step-07-create-scenario-folder.md", "Markdown", 0, 0, 0, 0, 158, 0, 0, 0, 0, 0, 0, 0, 0, 0, 0, 0, 0, 0, 78, 236
"d:\workshops\eShop\.github\skills\wds-4-ux-design\steps-s\step-08-page-context.md", "Markdown", 0, 0, 0, 0, 105, 0, 0, 0, 0, 0, 0, 0, 0, 0, 0, 0, 0, 0, 46, 151
"d:\workshops\eShop\.github\skills\wds-4-ux-design\steps-s\step-09-page-name.md", "Markdown", 0, 0, 0, 0, 77, 0, 0, 0, 0, 0, 0, 0, 0, 0, 0, 0, 0, 0, 37, 114
"d:\workshops\eShop\.github\skills\wds-4-ux-design\steps-s\step-10-page-purpose.md", "Markdown", 0, 0, 0, 0, 75, 0, 0, 0, 0, 0, 0, 0, 0, 0, 0, 0, 0, 0, 38, 113
"d:\workshops\eShop\.github\skills\wds-4-ux-design\steps-s\step-11-entry-point.md", "Markdown", 0, 0, 0, 0, 77, 0, 0, 0, 0, 0, 0, 0, 0, 0, 0, 0, 0, 0, 38, 115
"d:\workshops\eShop\.github\skills\wds-4-ux-design\steps-s\step-12-mental-state.md", "Markdown", 0, 0, 0, 0, 73, 0, 0, 0, 0, 0, 0, 0, 0, 0, 0, 0, 0, 0, 37, 110
"d:\workshops\eShop\.github\skills\wds-4-ux-design\steps-s\step-13-desired-outcome.md", "Markdown", 0, 0, 0, 0, 72, 0, 0, 0, 0, 0, 0, 0, 0, 0, 0, 0, 0, 0, 38, 110
"d:\workshops\eShop\.github\skills\wds-4-ux-design\steps-s\step-14-variants.md", "Markdown", 0, 0, 0, 0, 77, 0, 0, 0, 0, 0, 0, 0, 0, 0, 0, 0, 0, 0, 40, 117
"d:\workshops\eShop\.github\skills\wds-4-ux-design\steps-s\step-15-create-page-structure.md", "Markdown", 0, 0, 0, 0, 163, 0, 0, 0, 0, 0, 0, 0, 0, 0, 0, 0, 0, 0, 78, 241
"d:\workshops\eShop\.github\skills\wds-4-ux-design\steps-v\step-01-page-metadata.md", "Markdown", 0, 0, 0, 0, 96, 0, 0, 0, 0, 0, 0, 0, 0, 0, 0, 0, 0, 0, 42, 138
"d:\workshops\eShop\.github\skills\wds-4-ux-design\steps-v\step-02-navigation.md", "Markdown", 0, 0, 0, 0, 97, 0, 0, 0, 0, 0, 0, 0, 0, 0, 0, 0, 0, 0, 43, 140
"d:\workshops\eShop\.github\skills\wds-4-ux-design\steps-v\step-03-page-overview.md", "Markdown", 0, 0, 0, 0, 91, 0, 0, 0, 0, 0, 0, 0, 0, 0, 0, 0, 0, 0, 42, 133
"d:\workshops\eShop\.github\skills\wds-4-ux-design\steps-v\step-04-page-sections.md", "Markdown", 0, 0, 0, 0, 97, 0, 0, 0, 0, 0, 0, 0, 0, 0, 0, 0, 0, 0, 43, 140
"d:\workshops\eShop\.github\skills\wds-4-ux-design\steps-v\step-05-section-order.md", "Markdown", 0, 0, 0, 0, 100, 0, 0, 0, 0, 0, 0, 0, 0, 0, 0, 0, 0, 0, 44, 144
"d:\workshops\eShop\.github\skills\wds-4-ux-design\steps-v\step-06-object-registry.md", "Markdown", 0, 0, 0, 0, 96, 0, 0, 0, 0, 0, 0, 0, 0, 0, 0, 0, 0, 0, 44, 140
"d:\workshops\eShop\.github\skills\wds-4-ux-design\steps-v\step-07-design-system-separation.md", "Markdown", 0, 0, 0, 0, 107, 0, 0, 0, 0, 0, 0, 0, 0, 0, 0, 0, 0, 0, 44, 151
"d:\workshops\eShop\.github\skills\wds-4-ux-design\steps-v\step-08-seo-compliance.md", "Markdown", 0, 0, 0, 0, 95, 0, 0, 0, 0, 0, 0, 0, 0, 0, 0, 0, 0, 0, 46, 141
"d:\workshops\eShop\.github\skills\wds-4-ux-design\steps-v\step-09-design-system-consistency.md", "Markdown", 0, 0, 0, 0, 94, 0, 0, 0, 0, 0, 0, 0, 0, 0, 0, 0, 0, 0, 46, 140
"d:\workshops\eShop\.github\skills\wds-4-ux-design\steps-v\step-10-final-validation.md", "Markdown", 0, 0, 0, 0, 119, 0, 0, 0, 0, 0, 0, 0, 0, 0, 0, 0, 0, 0, 53, 172
"d:\workshops\eShop\.github\skills\wds-4-ux-design\steps-w\step-00-nb-setup.md", "Markdown", 0, 0, 0, 0, 88, 0, 0, 0, 0, 0, 0, 0, 0, 0, 0, 0, 0, 0, 46, 134
"d:\workshops\eShop\.github\skills\wds-4-ux-design\steps-w\step-01-visual-approach.md", "Markdown", 0, 0, 0, 0, 91, 0, 0, 0, 0, 0, 0, 0, 0, 0, 0, 0, 0, 0, 42, 133
"d:\workshops\eShop\.github\skills\wds-4-ux-design\steps-w\step-02-generate-visual.md", "Markdown", 0, 0, 0, 0, 84, 0, 0, 0, 0, 0, 0, 0, 0, 0, 0, 0, 0, 0, 40, 124
"d:\workshops\eShop\.github\skills\wds-4-ux-design\steps-w\step-02w-nb-compose-prompt.md", "Markdown", 0, 0, 0, 0, 245, 0, 0, 0, 0, 0, 0, 0, 0, 0, 0, 0, 0, 0, 105, 350
"d:\workshops\eShop\.github\skills\wds-4-ux-design\steps-w\step-03-review-integrate.md", "Markdown", 0, 0, 0, 0, 88, 0, 0, 0, 0, 0, 0, 0, 0, 0, 0, 0, 0, 0, 43, 131
"d:\workshops\eShop\.github\skills\wds-4-ux-design\templates\audit-report.template.md", "Markdown", 0, 0, 0, 0, 313, 0, 0, 0, 0, 0, 0, 0, 0, 0, 0, 0, 0, 0, 118, 431
"d:\workshops\eShop\.github\skills\wds-4-ux-design\templates\design-delivery.template.yaml", "YAML", 0, 83, 0, 0, 0, 0, 0, 0, 0, 0, 0, 0, 0, 0, 0, 0, 0, 2, 20, 105
"d:\workshops\eShop\.github\skills\wds-4-ux-design\templates\diagnostic-report-template.md", "Markdown", 0, 0, 0, 0, 169, 0, 0, 0, 0, 0, 0, 0, 0, 0, 0, 0, 0, 0, 59, 228
"d:\workshops\eShop\.github\skills\wds-4-ux-design\templates\instructions\accessibility-audit.workflow.md", "Markdown", 0, 0, 0, 0, 116, 0, 0, 0, 0, 0, 0, 0, 0, 0, 0, 0, 0, 0, 51, 167
"d:\workshops\eShop\.github\skills\wds-4-ux-design\templates\instructions\accessibility.instructions.md", "Markdown", 0, 0, 0, 0, 73, 0, 0, 0, 0, 0, 0, 0, 0, 0, 0, 0, 0, 0, 30, 103
"d:\workshops\eShop\.github\skills\wds-4-ux-design\templates\instructions\data-api.instructions.md", "Markdown", 0, 0, 0, 0, 51, 0, 0, 0, 0, 0, 0, 0, 0, 0, 0, 0, 0, 0, 19, 70
"d:\workshops\eShop\.github\skills\wds-4-ux-design\templates\instructions\form-validation.instructions.md", "Markdown", 0, 0, 0, 0, 38, 0, 0, 0, 0, 0, 0, 0, 0, 0, 0, 0, 0, 0, 17, 55
"d:\workshops\eShop\.github\skills\wds-4-ux-design\templates\instructions\meta-content.instructions.md", "Markdown", 0, 0, 0, 0, 24, 0, 0, 0, 0, 0, 0, 0, 0, 0, 0, 0, 0, 0, 14, 38
"d:\workshops\eShop\.github\skills\wds-4-ux-design\templates\instructions\open-questions.instructions.md", "Markdown", 0, 0, 0, 0, 116, 0, 0, 0, 0, 0, 0, 0, 0, 0, 0, 0, 0, 0, 49, 165
"d:\workshops\eShop\.github\skills\wds-4-ux-design\templates\instructions\responsive.instructions.md", "Markdown", 0, 0, 0, 0, 41, 0, 0, 0, 0, 0, 0, 0, 0, 0, 0, 0, 0, 0, 24, 65
"d:\workshops\eShop\.github\skills\wds-4-ux-design\templates\instructions\seo-content.instructions.md", "Markdown", 0, 0, 0, 0, 108, 0, 0, 0, 0, 0, 0, 0, 0, 0, 0, 0, 0, 0, 56, 164
"d:\workshops\eShop\.github\skills\wds-4-ux-design\templates\page-specification.template.md", "Markdown", 0, 0, 0, 0, 163, 0, 0, 0, 0, 0, 0, 0, 0, 0, 0, 0, 0, 69, 83, 315
"d:\workshops\eShop\.github\skills\wds-4-ux-design\templates\scenario-overview.template.md", "Markdown", 0, 0, 0, 0, 99, 0, 0, 0, 0, 0, 0, 0, 0, 0, 0, 0, 0, 0, 61, 160
"d:\workshops\eShop\.github\skills\wds-4-ux-design\templates\storyboard-specification.template.md", "Markdown", 0, 0, 0, 0, 62, 0, 0, 0, 0, 0, 0, 0, 0, 0, 0, 0, 0, 0, 33, 95
"d:\workshops\eShop\.github\skills\wds-4-ux-design\templates\test-scenario.template.yaml", "YAML", 0, 148, 0, 0, 0, 0, 0, 0, 0, 0, 0, 0, 0, 0, 0, 0, 0, 11, 34, 193
"d:\workshops\eShop\.github\skills\wds-4-ux-design\workflow-conceptualize.md", "Markdown", 0, 0, 0, 0, 24, 0, 0, 0, 0, 0, 0, 0, 0, 0, 0, 0, 0, 0, 16, 40
"d:\workshops\eShop\.github\skills\wds-4-ux-design\workflow-design-system.md", "Markdown", 0, 0, 0, 0, 38, 0, 0, 0, 0, 0, 0, 0, 0, 0, 0, 0, 0, 0, 23, 61
"d:\workshops\eShop\.github\skills\wds-4-ux-design\workflow-dream.md", "Markdown", 0, 0, 0, 0, 95, 0, 0, 0, 0, 0, 0, 0, 0, 0, 0, 0, 0, 0, 50, 145
"d:\workshops\eShop\.github\skills\wds-4-ux-design\workflow-handover.md", "Markdown", 0, 0, 0, 0, 30, 0, 0, 0, 0, 0, 0, 0, 0, 0, 0, 0, 0, 0, 15, 45
"d:\workshops\eShop\.github\skills\wds-4-ux-design\workflow-sketch.md", "Markdown", 0, 0, 0, 0, 24, 0, 0, 0, 0, 0, 0, 0, 0, 0, 0, 0, 0, 0, 16, 40
"d:\workshops\eShop\.github\skills\wds-4-ux-design\workflow-specify.md", "Markdown", 0, 0, 0, 0, 34, 0, 0, 0, 0, 0, 0, 0, 0, 0, 0, 0, 0, 0, 16, 50
"d:\workshops\eShop\.github\skills\wds-4-ux-design\workflow-suggest.md", "Markdown", 0, 0, 0, 0, 79, 0, 0, 0, 0, 0, 0, 0, 0, 0, 0, 0, 0, 0, 39, 118
"d:\workshops\eShop\.github\skills\wds-4-ux-design\workflow-validate.md", "Markdown", 0, 0, 0, 0, 41, 0, 0, 0, 0, 0, 0, 0, 0, 0, 0, 0, 0, 0, 20, 61
"d:\workshops\eShop\.github\skills\wds-4-ux-design\workflow-visual.md", "Markdown", 0, 0, 0, 0, 33, 0, 0, 0, 0, 0, 0, 0, 0, 0, 0, 0, 0, 0, 17, 50
"d:\workshops\eShop\.github\skills\wds-4-ux-design\workflow.md", "Markdown", 0, 0, 0, 0, 138, 0, 0, 0, 0, 0, 0, 0, 0, 0, 0, 0, 0, 0, 66, 204
"d:\workshops\eShop\.github\skills\wds-5-agentic-development\SKILL.md", "Skill", 0, 0, 0, 0, 0, 0, 0, 0, 5, 0, 0, 0, 0, 0, 0, 0, 0, 0, 2, 7
"d:\workshops\eShop\.github\skills\wds-5-agentic-development\bmad-skill-manifest.yaml", "YAML", 0, 1, 0, 0, 0, 0, 0, 0, 0, 0, 0, 0, 0, 0, 0, 0, 0, 0, 1, 2
"d:\workshops\eShop\.github\skills\wds-5-agentic-development\data\guides\AGENTIC-DEVELOPMENT-GUIDE.md", "Markdown", 0, 0, 0, 0, 282, 0, 0, 0, 0, 0, 0, 0, 0, 0, 0, 0, 0, 0, 86, 368
"d:\workshops\eShop\.github\skills\wds-5-agentic-development\data\guides\CREATION-GUIDE.md", "Markdown", 0, 0, 0, 0, 871, 0, 0, 0, 0, 0, 0, 0, 0, 0, 0, 0, 0, 16, 262, 1149
"d:\workshops\eShop\.github\skills\wds-5-agentic-development\data\guides\EXECUTION-PRINCIPLES.md", "Markdown", 0, 0, 0, 0, 51, 0, 0, 0, 0, 0, 0, 0, 0, 0, 0, 0, 0, 0, 25, 76
"d:\workshops\eShop\.github\skills\wds-5-agentic-development\data\guides\FEEDBACK-PROTOCOL.md", "Markdown", 0, 0, 0, 0, 57, 0, 0, 0, 0, 0, 0, 0, 0, 0, 0, 0, 0, 0, 30, 87
"d:\workshops\eShop\.github\skills\wds-5-agentic-development\data\guides\FILE-INDEX.md", "Markdown", 0, 0, 0, 0, 167, 0, 0, 0, 0, 0, 0, 0, 0, 0, 0, 0, 0, 0, 46, 213
"d:\workshops\eShop\.github\skills\wds-5-agentic-development\data\guides\INLINE-TESTING-GUIDE.md", "Markdown", 0, 0, 0, 0, 134, 0, 0, 0, 0, 0, 0, 0, 0, 0, 0, 0, 0, 0, 57, 191
"d:\workshops\eShop\.github\skills\wds-5-agentic-development\data\guides\PROTOTYPE-ANALYSIS.md", "Markdown", 0, 0, 0, 0, 603, 0, 0, 0, 0, 0, 0, 0, 0, 0, 0, 0, 0, 8, 222, 833
"d:\workshops\eShop\.github\skills\wds-5-agentic-development\data\guides\PROTOTYPE-INITIATION-DIALOG.md", "Markdown", 0, 0, 0, 0, 311, 0, 0, 0, 0, 0, 0, 0, 0, 0, 0, 0, 0, 0, 99, 410
"d:\workshops\eShop\.github\skills\wds-5-agentic-development\data\guides\SEO-VALIDATION-GUIDE.md", "Markdown", 0, 0, 0, 0, 421, 0, 0, 0, 0, 0, 0, 0, 0, 0, 0, 0, 0, 0, 131, 552
"d:\workshops\eShop\.github\skills\wds-5-agentic-development\data\guides\SESSION-PROTOCOL.md", "Markdown", 0, 0, 0, 0, 32, 0, 0, 0, 0, 0, 0, 0, 0, 0, 0, 0, 0, 0, 15, 47
"d:\workshops\eShop\.github\skills\wds-5-agentic-development\data\issue-templates.md", "Markdown", 0, 0, 0, 0, 140, 0, 0, 0, 0, 0, 0, 0, 0, 0, 0, 0, 0, 0, 74, 214
"d:\workshops\eShop\.github\skills\wds-5-agentic-development\data\test-result-templates.md", "Markdown", 0, 0, 0, 0, 147, 0, 0, 0, 0, 0, 0, 0, 0, 0, 0, 0, 0, 0, 64, 211
"d:\workshops\eShop\.github\skills\wds-5-agentic-development\data\testing-guide.md", "Markdown", 0, 0, 0, 0, 472, 0, 0, 0, 0, 0, 0, 0, 0, 0, 0, 0, 0, 0, 211, 683
"d:\workshops\eShop\.github\skills\wds-5-agentic-development\steps-a\step-01-define-question.md", "Markdown", 0, 0, 0, 0, 101, 0, 0, 0, 0, 0, 0, 0, 0, 0, 0, 0, 0, 0, 45, 146
"d:\workshops\eShop\.github\skills\wds-5-agentic-development\steps-a\step-02-scan-codebase.md", "Markdown", 0, 0, 0, 0, 128, 0, 0, 0, 0, 0, 0, 0, 0, 0, 0, 0, 0, 0, 52, 180
"d:\workshops\eShop\.github\skills\wds-5-agentic-development\steps-a\step-03-map-architecture.md", "Markdown", 0, 0, 0, 0, 132, 0, 0, 0, 0, 0, 0, 0, 0, 0, 0, 0, 0, 0, 55, 187
"d:\workshops\eShop\.github\skills\wds-5-agentic-development\steps-a\step-04-document-findings.md", "Markdown", 0, 0, 0, 0, 167, 0, 0, 0, 0, 0, 0, 0, 0, 0, 0, 0, 0, 0, 76, 243
"d:\workshops\eShop\.github\skills\wds-5-agentic-development\steps-d\step-01-scope-and-plan.md", "Markdown", 0, 0, 0, 0, 109, 0, 0, 0, 0, 0, 0, 0, 0, 0, 0, 0, 0, 0, 49, 158
"d:\workshops\eShop\.github\skills\wds-5-agentic-development\steps-d\step-02-setup-environment.md", "Markdown", 0, 0, 0, 0, 115, 0, 0, 0, 0, 0, 0, 0, 0, 0, 0, 0, 0, 0, 53, 168
"d:\workshops\eShop\.github\skills\wds-5-agentic-development\steps-d\step-03-implement.md", "Markdown", 0, 0, 0, 0, 125, 0, 0, 0, 0, 0, 0, 0, 0, 0, 0, 0, 0, 0, 53, 178
"d:\workshops\eShop\.github\skills\wds-5-agentic-development\steps-d\step-04-verify.md", "Markdown", 0, 0, 0, 0, 126, 0, 0, 0, 0, 0, 0, 0, 0, 0, 0, 0, 0, 0, 52, 178
"d:\workshops\eShop\.github\skills\wds-5-agentic-development\steps-d\step-05-finalize.md", "Markdown", 0, 0, 0, 0, 128, 0, 0, 0, 0, 0, 0, 0, 0, 0, 0, 0, 0, 0, 55, 183
"d:\workshops\eShop\.github\skills\wds-5-agentic-development\steps-e\step-01-scope-change.md", "Markdown", 0, 0, 0, 0, 95, 0, 0, 0, 0, 0, 0, 0, 0, 0, 0, 0, 0, 0, 41, 136
"d:\workshops\eShop\.github\skills\wds-5-agentic-development\steps-e\step-02-analyze-impact.md", "Markdown", 0, 0, 0, 0, 96, 0, 0, 0, 0, 0, 0, 0, 0, 0, 0, 0, 0, 0, 41, 137
"d:\workshops\eShop\.github\skills\wds-5-agentic-development\steps-e\step-03-plan-implementation.md", "Markdown", 0, 0, 0, 0, 104, 0, 0, 0, 0, 0, 0, 0, 0, 0, 0, 0, 0, 0, 42, 146
"d:\workshops\eShop\.github\skills\wds-5-agentic-development\steps-e\step-04-implement.md", "Markdown", 0, 0, 0, 0, 99, 0, 0, 0, 0, 0, 0, 0, 0, 0, 0, 0, 0, 0, 41, 140
"d:\workshops\eShop\.github\skills\wds-5-agentic-development\steps-e\step-05-verify-and-document.md", "Markdown", 0, 0, 0, 0, 107, 0, 0, 0, 0, 0, 0, 0, 0, 0, 0, 0, 0, 0, 42, 149
"d:\workshops\eShop\.github\skills\wds-5-agentic-development\steps-f\step-01-reproduce.md", "Markdown", 0, 0, 0, 0, 97, 0, 0, 0, 0, 0, 0, 0, 0, 0, 0, 0, 0, 0, 40, 137
"d:\workshops\eShop\.github\skills\wds-5-agentic-development\steps-f\step-02-investigate.md", "Markdown", 0, 0, 0, 0, 98, 0, 0, 0, 0, 0, 0, 0, 0, 0, 0, 0, 0, 0, 40, 138
"d:\workshops\eShop\.github\skills\wds-5-agentic-development\steps-f\step-03-fix.md", "Markdown", 0, 0, 0, 0, 93, 0, 0, 0, 0, 0, 0, 0, 0, 0, 0, 0, 0, 0, 38, 131
"d:\workshops\eShop\.github\skills\wds-5-agentic-development\steps-f\step-04-verify.md", "Markdown", 0, 0, 0, 0, 95, 0, 0, 0, 0, 0, 0, 0, 0, 0, 0, 0, 0, 0, 40, 135
"d:\workshops\eShop\.github\skills\wds-5-agentic-development\steps-f\step-05-document.md", "Markdown", 0, 0, 0, 0, 95, 0, 0, 0, 0, 0, 0, 0, 0, 0, 0, 0, 0, 0, 40, 135
"d:\workshops\eShop\.github\skills\wds-5-agentic-development\steps-p\1-prototype-setup.md", "Markdown", 0, 0, 0, 0, 101, 0, 0, 0, 0, 0, 0, 0, 0, 0, 0, 0, 0, 0, 40, 141
"d:\workshops\eShop\.github\skills\wds-5-agentic-development\steps-p\2-scenario-analysis.md", "Markdown", 0, 0, 0, 0, 90, 0, 0, 0, 0, 0, 0, 0, 0, 0, 0, 0, 0, 0, 41, 131
"d:\workshops\eShop\.github\skills\wds-5-agentic-development\steps-p\3-logical-view-breakdown.md", "Markdown", 0, 0, 0, 0, 85, 0, 0, 0, 0, 0, 0, 0, 0, 0, 0, 0, 0, 0, 44, 129
"d:\workshops\eShop\.github\skills\wds-5-agentic-development\steps-p\4a-announce-and-gather.md", "Markdown", 0, 0, 0, 0, 77, 0, 0, 0, 0, 0, 0, 0, 0, 0, 0, 0, 0, 0, 35, 112
"d:\workshops\eShop\.github\skills\wds-5-agentic-development\steps-p\4b-create-story-file.md", "Markdown", 0, 0, 0, 0, 77, 0, 0, 0, 0, 0, 0, 0, 0, 0, 0, 0, 0, 0, 34, 111
"d:\workshops\eShop\.github\skills\wds-5-agentic-development\steps-p\4c-implement-section.md", "Markdown", 0, 0, 0, 0, 97, 0, 0, 0, 0, 0, 0, 0, 0, 0, 0, 0, 0, 0, 43, 140
"d:\workshops\eShop\.github\skills\wds-5-agentic-development\steps-p\4d-present-for-testing.md", "Markdown", 0, 0, 0, 0, 88, 0, 0, 0, 0, 0, 0, 0, 0, 0, 0, 0, 0, 0, 40, 128
"d:\workshops\eShop\.github\skills\wds-5-agentic-development\steps-p\4e-handle-issue.md", "Markdown", 0, 0, 0, 0, 87, 0, 0, 0, 0, 0, 0, 0, 0, 0, 0, 0, 0, 0, 41, 128
"d:\workshops\eShop\.github\skills\wds-5-agentic-development\steps-p\4f-handle-improvement.md", "Markdown", 0, 0, 0, 0, 83, 0, 0, 0, 0, 0, 0, 0, 0, 0, 0, 0, 0, 0, 40, 123
"d:\workshops\eShop\.github\skills\wds-5-agentic-development\steps-p\4g-section-approved.md", "Markdown", 0, 0, 0, 0, 82, 0, 0, 0, 0, 0, 0, 0, 0, 0, 0, 0, 0, 0, 41, 123
"d:\workshops\eShop\.github\skills\wds-5-agentic-development\steps-p\5-finalization.md", "Markdown", 0, 0, 0, 0, 98, 0, 0, 0, 0, 0, 0, 0, 0, 0, 0, 0, 0, 0, 40, 138
"d:\workshops\eShop\.github\skills\wds-5-agentic-development\steps-r\step-01-identify-target.md", "Markdown", 0, 0, 0, 0, 112, 0, 0, 0, 0, 0, 0, 0, 0, 0, 0, 0, 0, 0, 45, 157
"d:\workshops\eShop\.github\skills\wds-5-agentic-development\steps-r\step-02-explore-and-capture.md", "Markdown", 0, 0, 0, 0, 113, 0, 0, 0, 0, 0, 0, 0, 0, 0, 0, 0, 0, 0, 61, 174
"d:\workshops\eShop\.github\skills\wds-5-agentic-development\steps-r\step-03-generate-specs.md", "Markdown", 0, 0, 0, 0, 104, 0, 0, 0, 0, 0, 0, 0, 0, 0, 0, 0, 0, 0, 43, 147
"d:\workshops\eShop\.github\skills\wds-5-agentic-development\steps-r\step-04-extract-design-system.md", "Markdown", 0, 0, 0, 0, 100, 0, 0, 0, 0, 0, 0, 0, 0, 0, 0, 0, 0, 0, 46, 146
"d:\workshops\eShop\.github\skills\wds-5-agentic-development\steps-t\step-01-prepare.md", "Markdown", 0, 0, 0, 0, 136, 0, 0, 0, 0, 0, 0, 0, 0, 0, 0, 0, 0, 0, 47, 183
"d:\workshops\eShop\.github\skills\wds-5-agentic-development\steps-t\step-02-execute.md", "Markdown", 0, 0, 0, 0, 128, 0, 0, 0, 0, 0, 0, 0, 0, 0, 0, 0, 0, 0, 48, 176
"d:\workshops\eShop\.github\skills\wds-5-agentic-development\steps-t\step-03-document-issues.md", "Markdown", 0, 0, 0, 0, 97, 0, 0, 0, 0, 0, 0, 0, 0, 0, 0, 0, 0, 0, 42, 139
"d:\workshops\eShop\.github\skills\wds-5-agentic-development\steps-t\step-04-report.md", "Markdown", 0, 0, 0, 0, 93, 0, 0, 0, 0, 0, 0, 0, 0, 0, 0, 0, 0, 0, 40, 133
"d:\workshops\eShop\.github\skills\wds-5-agentic-development\steps-t\step-05-iterate.md", "Markdown", 0, 0, 0, 0, 90, 0, 0, 0, 0, 0, 0, 0, 0, 0, 0, 0, 0, 0, 38, 128
"d:\workshops\eShop\.github\skills\wds-5-agentic-development\templates\PROTOTYPE-ROADMAP-template.md", "Markdown", 0, 0, 0, 0, 281, 0, 0, 0, 0, 0, 0, 0, 0, 0, 0, 0, 0, 1, 101, 383
"d:\workshops\eShop\.github\skills\wds-5-agentic-development\templates\components\DEV-MODE-GUIDE.md", "Markdown", 0, 0, 0, 0, 123, 0, 0, 0, 0, 0, 0, 0, 0, 0, 0, 0, 0, 0, 67, 190
"d:\workshops\eShop\.github\skills\wds-5-agentic-development\templates\components\dev-mode.css", "PostCSS", 0, 0, 0, 0, 0, 0, 0, 0, 0, 0, 0, 0, 0, 128, 0, 0, 0, 17, 20, 165
"d:\workshops\eShop\.github\skills\wds-5-agentic-development\templates\components\dev-mode.html", "HTML", 0, 0, 0, 0, 0, 8, 0, 0, 0, 0, 0, 0, 0, 0, 0, 0, 0, 7, 4, 19
"d:\workshops\eShop\.github\skills\wds-5-agentic-development\templates\components\dev-mode.js", "JavaScript", 0, 0, 0, 0, 0, 0, 0, 0, 0, 0, 0, 0, 275, 0, 0, 0, 0, 83, 73, 431
"d:\workshops\eShop\.github\skills\wds-5-agentic-development\templates\demo-data-template.json", "JSON", 63, 0, 0, 0, 0, 0, 0, 0, 0, 0, 0, 0, 0, 0, 0, 0, 0, 0, 1, 64
"d:\workshops\eShop\.github\skills\wds-5-agentic-development\templates\page-template.html", "HTML", 0, 0, 0, 0, 0, 318, 0, 0, 0, 0, 0, 0, 0, 0, 0, 0, 0, 87, 61, 466
"d:\workshops\eShop\.github\skills\wds-5-agentic-development\templates\story-file-template.md", "Markdown", 0, 0, 0, 0, 124, 0, 0, 0, 0, 0, 0, 0, 0, 0, 0, 0, 0, 4, 64, 192
"d:\workshops\eShop\.github\skills\wds-5-agentic-development\templates\work-file-template.yaml", "YAML", 0, 175, 0, 0, 0, 0, 0, 0, 0, 0, 0, 0, 0, 0, 0, 0, 0, 47, 43, 265
"d:\workshops\eShop\.github\skills\wds-5-agentic-development\workflow-acceptance-testing.md", "Markdown", 0, 0, 0, 0, 47, 0, 0, 0, 0, 0, 0, 0, 0, 0, 0, 0, 0, 0, 26, 73
"d:\workshops\eShop\.github\skills\wds-5-agentic-development\workflow-analysis.md", "Markdown", 0, 0, 0, 0, 40, 0, 0, 0, 0, 0, 0, 0, 0, 0, 0, 0, 0, 0, 22, 62
"d:\workshops\eShop\.github\skills\wds-5-agentic-development\workflow-bugfixing.md", "Markdown", 0, 0, 0, 0, 43, 0, 0, 0, 0, 0, 0, 0, 0, 0, 0, 0, 0, 0, 22, 65
"d:\workshops\eShop\.github\skills\wds-5-agentic-development\workflow-development.md", "Markdown", 0, 0, 0, 0, 59, 0, 0, 0, 0, 0, 0, 0, 0, 0, 0, 0, 0, 0, 31, 90
"d:\workshops\eShop\.github\skills\wds-5-agentic-development\workflow-evolution.md", "Markdown", 0, 0, 0, 0, 43, 0, 0, 0, 0, 0, 0, 0, 0, 0, 0, 0, 0, 0, 22, 65
"d:\workshops\eShop\.github\skills\wds-5-agentic-development\workflow-prototyping.md", "Markdown", 0, 0, 0, 0, 59, 0, 0, 0, 0, 0, 0, 0, 0, 0, 0, 0, 0, 0, 26, 85
"d:\workshops\eShop\.github\skills\wds-5-agentic-development\workflow-reverse-engineering.md", "Markdown", 0, 0, 0, 0, 43, 0, 0, 0, 0, 0, 0, 0, 0, 0, 0, 0, 0, 0, 23, 66
"d:\workshops\eShop\.github\skills\wds-5-agentic-development\workflow.md", "Markdown", 0, 0, 0, 0, 65, 0, 0, 0, 0, 0, 0, 0, 0, 0, 0, 0, 0, 0, 32, 97
"d:\workshops\eShop\.github\skills\wds-6-asset-generation\SKILL.md", "Skill", 0, 0, 0, 0, 0, 0, 0, 0, 5, 0, 0, 0, 0, 0, 0, 0, 0, 0, 2, 7
"d:\workshops\eShop\.github\skills\wds-6-asset-generation\bmad-skill-manifest.yaml", "YAML", 0, 1, 0, 0, 0, 0, 0, 0, 0, 0, 0, 0, 0, 0, 0, 0, 0, 0, 1, 2
"d:\workshops\eShop\.github\skills\wds-6-asset-generation\data\00-purpose-examples.md", "Markdown", 0, 0, 0, 0, 95, 0, 0, 0, 0, 0, 0, 0, 0, 0, 0, 0, 0, 0, 37, 132
"d:\workshops\eShop\.github\skills\wds-6-asset-generation\data\03-action-filter-example.md", "Markdown", 0, 0, 0, 0, 74, 0, 0, 0, 0, 0, 0, 0, 0, 0, 0, 0, 0, 0, 24, 98
"d:\workshops\eShop\.github\skills\wds-6-asset-generation\data\04-badass-users-principles.md", "Markdown", 0, 0, 0, 0, 106, 0, 0, 0, 0, 0, 0, 0, 0, 0, 0, 0, 0, 0, 54, 160
"d:\workshops\eShop\.github\skills\wds-6-asset-generation\data\04-example-empowerment-frame.md", "Markdown", 0, 0, 0, 0, 65, 0, 0, 0, 0, 0, 0, 0, 0, 0, 0, 0, 0, 0, 24, 89
"d:\workshops\eShop\.github\skills\wds-6-asset-generation\data\05-example-golden-circle.md", "Markdown", 0, 0, 0, 0, 74, 0, 0, 0, 0, 0, 0, 0, 0, 0, 0, 0, 0, 0, 23, 97
"d:\workshops\eShop\.github\skills\wds-6-asset-generation\data\05-golden-circle-guide.md", "Markdown", 0, 0, 0, 0, 115, 0, 0, 0, 0, 0, 0, 0, 0, 0, 0, 0, 0, 0, 46, 161
"d:\workshops\eShop\.github\skills\wds-6-asset-generation\data\06-example-hairdresser-newsletter.md", "Markdown", 0, 0, 0, 0, 96, 0, 0, 0, 0, 0, 0, 0, 0, 0, 0, 0, 0, 0, 41, 137
"d:\workshops\eShop\.github\skills\wds-6-asset-generation\data\06-generation-instructions.md", "Markdown", 0, 0, 0, 0, 62, 0, 0, 0, 0, 0, 0, 0, 0, 0, 0, 0, 0, 0, 34, 96
"d:\workshops\eShop\.github\skills\wds-6-asset-generation\data\content-creation-workshop-guide.md", "Markdown", 0, 0, 0, 0, 236, 0, 0, 0, 0, 0, 0, 0, 0, 0, 0, 0, 0, 0, 84, 320
"d:\workshops\eShop\.github\skills\wds-6-asset-generation\data\figma-designer-guide.md", "Markdown", 0, 0, 0, 0, 465, 0, 0, 0, 0, 0, 0, 0, 0, 0, 0, 0, 0, 0, 223, 688
"d:\workshops\eShop\.github\skills\wds-6-asset-generation\data\figma-integration-guide.md", "Markdown", 0, 0, 0, 0, 24, 0, 0, 0, 0, 0, 0, 0, 0, 0, 0, 0, 0, 0, 14, 38
"d:\workshops\eShop\.github\skills\wds-6-asset-generation\data\figma-integration-summary.md", "Markdown", 0, 0, 0, 0, 339, 0, 0, 0, 0, 0, 0, 0, 0, 0, 0, 0, 0, 0, 120, 459
"d:\workshops\eShop\.github\skills\wds-6-asset-generation\data\figma-mcp-integration.md", "Markdown", 0, 0, 0, 0, 462, 0, 0, 0, 0, 0, 0, 0, 0, 0, 0, 0, 0, 0, 200, 662
"d:\workshops\eShop\.github\skills\wds-6-asset-generation\data\figma-plugin-setup.md", "Markdown", 0, 0, 0, 0, 37, 0, 0, 0, 0, 0, 0, 0, 0, 0, 0, 0, 0, 0, 19, 56
"d:\workshops\eShop\.github\skills\wds-6-asset-generation\data\figma-spec-preparation.md", "Markdown", 0, 0, 0, 0, 93, 0, 0, 0, 0, 0, 0, 0, 0, 0, 0, 0, 0, 0, 36, 129
"d:\workshops\eShop\.github\skills\wds-6-asset-generation\data\mcp-server-integration.md", "Markdown", 0, 0, 0, 0, 678, 0, 0, 0, 0, 0, 0, 0, 0, 0, 0, 0, 0, 3, 242, 923
"d:\workshops\eShop\.github\skills\wds-6-asset-generation\data\prototype-to-figma-workflow.md", "Markdown", 0, 0, 0, 0, 665, 0, 0, 0, 0, 0, 0, 0, 0, 0, 0, 0, 0, 3, 266, 934
"d:\workshops\eShop\.github\skills\wds-6-asset-generation\data\styles\content-styles\3d-render.md", "Markdown", 0, 0, 0, 0, 20, 0, 0, 0, 0, 0, 0, 0, 0, 0, 0, 0, 0, 0, 7, 27
"d:\workshops\eShop\.github\skills\wds-6-asset-generation\data\styles\content-styles\comic-book.md", "Markdown", 0, 0, 0, 0, 19, 0, 0, 0, 0, 0, 0, 0, 0, 0, 0, 0, 0, 0, 7, 26
"d:\workshops\eShop\.github\skills\wds-6-asset-generation\data\styles\content-styles\flat-design.md", "Markdown", 0, 0, 0, 0, 20, 0, 0, 0, 0, 0, 0, 0, 0, 0, 0, 0, 0, 0, 7, 27
"d:\workshops\eShop\.github\skills\wds-6-asset-generation\data\styles\content-styles\hyper-realistic.md", "Markdown", 0, 0, 0, 0, 20, 0, 0, 0, 0, 0, 0, 0, 0, 0, 0, 0, 0, 0, 7, 27
"d:\workshops\eShop\.github\skills\wds-6-asset-generation\data\styles\content-styles\illustration.md", "Markdown", 0, 0, 0, 0, 20, 0, 0, 0, 0, 0, 0, 0, 0, 0, 0, 0, 0, 0, 7, 27
"d:\workshops\eShop\.github\skills\wds-6-asset-generation\data\styles\content-styles\isometric.md", "Markdown", 0, 0, 0, 0, 20, 0, 0, 0, 0, 0, 0, 0, 0, 0, 0, 0, 0, 0, 7, 27
"d:\workshops\eShop\.github\skills\wds-6-asset-generation\data\styles\content-styles\line-art.md", "Markdown", 0, 0, 0, 0, 20, 0, 0, 0, 0, 0, 0, 0, 0, 0, 0, 0, 0, 0, 7, 27
"d:\workshops\eShop\.github\skills\wds-6-asset-generation\data\styles\content-styles\pencil-sketch.md", "Markdown", 0, 0, 0, 0, 19, 0, 0, 0, 0, 0, 0, 0, 0, 0, 0, 0, 0, 0, 7, 26
"d:\workshops\eShop\.github\skills\wds-6-asset-generation\data\styles\content-styles\photorealistic.md", "Markdown", 0, 0, 0, 0, 20, 0, 0, 0, 0, 0, 0, 0, 0, 0, 0, 0, 0, 0, 7, 27
"d:\workshops\eShop\.github\skills\wds-6-asset-generation\data\styles\content-styles\watercolor.md", "Markdown", 0, 0, 0, 0, 19, 0, 0, 0, 0, 0, 0, 0, 0, 0, 0, 0, 0, 0, 7, 26
"d:\workshops\eShop\.github\skills\wds-6-asset-generation\data\styles\design-styles\brutalist.md", "Markdown", 0, 0, 0, 0, 20, 0, 0, 0, 0, 0, 0, 0, 0, 0, 0, 0, 0, 0, 7, 27
"d:\workshops\eShop\.github\skills\wds-6-asset-generation\data\styles\design-styles\corporate.md", "Markdown", 0, 0, 0, 0, 20, 0, 0, 0, 0, 0, 0, 0, 0, 0, 0, 0, 0, 0, 7, 27
"d:\workshops\eShop\.github\skills\wds-6-asset-generation\data\styles\design-styles\editorial.md", "Markdown", 0, 0, 0, 0, 20, 0, 0, 0, 0, 0, 0, 0, 0, 0, 0, 0, 0, 0, 7, 27
"d:\workshops\eShop\.github\skills\wds-6-asset-generation\data\styles\design-styles\minimal.md", "Markdown", 0, 0, 0, 0, 20, 0, 0, 0, 0, 0, 0, 0, 0, 0, 0, 0, 0, 0, 7, 27
"d:\workshops\eShop\.github\skills\wds-6-asset-generation\data\styles\design-styles\organic.md", "Markdown", 0, 0, 0, 0, 20, 0, 0, 0, 0, 0, 0, 0, 0, 0, 0, 0, 0, 0, 7, 27
"d:\workshops\eShop\.github\skills\wds-6-asset-generation\data\styles\design-styles\playful.md", "Markdown", 0, 0, 0, 0, 20, 0, 0, 0, 0, 0, 0, 0, 0, 0, 0, 0, 0, 0, 7, 27
"d:\workshops\eShop\.github\skills\wds-6-asset-generation\data\tools-reference.md", "Markdown", 0, 0, 0, 0, 514, 0, 0, 0, 0, 0, 0, 0, 0, 0, 0, 0, 0, 5, 147, 666
"d:\workshops\eShop\.github\skills\wds-6-asset-generation\data\when-to-extract-decision-guide.md", "Markdown", 0, 0, 0, 0, 494, 0, 0, 0, 0, 0, 0, 0, 0, 0, 0, 0, 0, 0, 170, 664
"d:\workshops\eShop\.github\skills\wds-6-asset-generation\steps-c\step-00-define-purpose.md", "Markdown", 0, 0, 0, 0, 100, 0, 0, 0, 0, 0, 0, 0, 0, 0, 0, 0, 0, 0, 51, 151
"d:\workshops\eShop\.github\skills\wds-6-asset-generation\steps-c\step-01-load-trigger-map-context.md", "Markdown", 0, 0, 0, 0, 103, 0, 0, 0, 0, 0, 0, 0, 0, 0, 0, 0, 0, 0, 45, 148
"d:\workshops\eShop\.github\skills\wds-6-asset-generation\steps-c\step-02-awareness-strategy.md", "Markdown", 0, 0, 0, 0, 118, 0, 0, 0, 0, 0, 0, 0, 0, 0, 0, 0, 0, 0, 50, 168
"d:\workshops\eShop\.github\skills\wds-6-asset-generation\steps-c\step-03-action-filter.md", "Markdown", 0, 0, 0, 0, 109, 0, 0, 0, 0, 0, 0, 0, 0, 0, 0, 0, 0, 0, 50, 159
"d:\workshops\eShop\.github\skills\wds-6-asset-generation\steps-c\step-04-empowerment-frame.md", "Markdown", 0, 0, 0, 0, 117, 0, 0, 0, 0, 0, 0, 0, 0, 0, 0, 0, 0, 0, 51, 168
"d:\workshops\eShop\.github\skills\wds-6-asset-generation\steps-c\step-05-structural-order.md", "Markdown", 0, 0, 0, 0, 125, 0, 0, 0, 0, 0, 0, 0, 0, 0, 0, 0, 0, 0, 50, 175
"d:\workshops\eShop\.github\skills\wds-6-asset-generation\steps-c\step-06-generate-content.md", "Markdown", 0, 0, 0, 0, 87, 0, 0, 0, 0, 0, 0, 0, 0, 0, 0, 0, 0, 0, 49, 136
"d:\workshops\eShop\.github\skills\wds-6-asset-generation\steps-f\step-01-connection-check.md", "Markdown", 0, 0, 0, 0, 86, 0, 0, 0, 0, 0, 0, 0, 0, 0, 0, 0, 0, 0, 45, 131
"d:\workshops\eShop\.github\skills\wds-6-asset-generation\steps-f\step-02-identify-export-type.md", "Markdown", 0, 0, 0, 0, 71, 0, 0, 0, 0, 0, 0, 0, 0, 0, 0, 0, 0, 0, 38, 109
"d:\workshops\eShop\.github\skills\wds-6-asset-generation\steps-f\step-03-prepare-specifications.md", "Markdown", 0, 0, 0, 0, 79, 0, 0, 0, 0, 0, 0, 0, 0, 0, 0, 0, 0, 0, 42, 121
"d:\workshops\eShop\.github\skills\wds-6-asset-generation\steps-f\step-04-generate-validate.md", "Markdown", 0, 0, 0, 0, 81, 0, 0, 0, 0, 0, 0, 0, 0, 0, 0, 0, 0, 0, 41, 122
"d:\workshops\eShop\.github\skills\wds-6-asset-generation\steps-f\step-05-execute-export.md", "Markdown", 0, 0, 0, 0, 75, 0, 0, 0, 0, 0, 0, 0, 0, 0, 0, 0, 0, 0, 44, 119
"d:\workshops\eShop\.github\skills\wds-6-asset-generation\steps-i\step-01-load-context.md", "Markdown", 0, 0, 0, 0, 76, 0, 0, 0, 0, 0, 0, 0, 0, 0, 0, 0, 0, 0, 39, 115
"d:\workshops\eShop\.github\skills\wds-6-asset-generation\steps-i\step-02-inventory.md", "Markdown", 0, 0, 0, 0, 75, 0, 0, 0, 0, 0, 0, 0, 0, 0, 0, 0, 0, 0, 40, 115
"d:\workshops\eShop\.github\skills\wds-6-asset-generation\steps-i\step-03-select-style.md", "Markdown", 0, 0, 0, 0, 74, 0, 0, 0, 0, 0, 0, 0, 0, 0, 0, 0, 0, 0, 41, 115
"d:\workshops\eShop\.github\skills\wds-6-asset-generation\steps-i\step-04-generate.md", "Markdown", 0, 0, 0, 0, 77, 0, 0, 0, 0, 0, 0, 0, 0, 0, 0, 0, 0, 0, 42, 119
"d:\workshops\eShop\.github\skills\wds-6-asset-generation\steps-i\step-05-review.md", "Markdown", 0, 0, 0, 0, 78, 0, 0, 0, 0, 0, 0, 0, 0, 0, 0, 0, 0, 0, 47, 125
"d:\workshops\eShop\.github\skills\wds-6-asset-generation\steps-m\step-01-load-context.md", "Markdown", 0, 0, 0, 0, 76, 0, 0, 0, 0, 0, 0, 0, 0, 0, 0, 0, 0, 0, 41, 117
"d:\workshops\eShop\.github\skills\wds-6-asset-generation\steps-m\step-02-inventory.md", "Markdown", 0, 0, 0, 0, 65, 0, 0, 0, 0, 0, 0, 0, 0, 0, 0, 0, 0, 0, 39, 104
"d:\workshops\eShop\.github\skills\wds-6-asset-generation\steps-m\step-03-select-style.md", "Markdown", 0, 0, 0, 0, 67, 0, 0, 0, 0, 0, 0, 0, 0, 0, 0, 0, 0, 0, 39, 106
"d:\workshops\eShop\.github\skills\wds-6-asset-generation\steps-m\step-04-references.md", "Markdown", 0, 0, 0, 0, 69, 0, 0, 0, 0, 0, 0, 0, 0, 0, 0, 0, 0, 0, 41, 110
"d:\workshops\eShop\.github\skills\wds-6-asset-generation\steps-m\step-05-generate.md", "Markdown", 0, 0, 0, 0, 70, 0, 0, 0, 0, 0, 0, 0, 0, 0, 0, 0, 0, 0, 41, 111
"d:\workshops\eShop\.github\skills\wds-6-asset-generation\steps-m\step-06-review.md", "Markdown", 0, 0, 0, 0, 77, 0, 0, 0, 0, 0, 0, 0, 0, 0, 0, 0, 0, 0, 47, 124
"d:\workshops\eShop\.github\skills\wds-6-asset-generation\steps-p\step-01-load-context.md", "Markdown", 0, 0, 0, 0, 77, 0, 0, 0, 0, 0, 0, 0, 0, 0, 0, 0, 0, 0, 41, 118
"d:\workshops\eShop\.github\skills\wds-6-asset-generation\steps-p\step-02-inventory.md", "Markdown", 0, 0, 0, 0, 64, 0, 0, 0, 0, 0, 0, 0, 0, 0, 0, 0, 0, 0, 39, 103
"d:\workshops\eShop\.github\skills\wds-6-asset-generation\steps-p\step-03-select-style.md", "Markdown", 0, 0, 0, 0, 66, 0, 0, 0, 0, 0, 0, 0, 0, 0, 0, 0, 0, 0, 39, 105
"d:\workshops\eShop\.github\skills\wds-6-asset-generation\steps-p\step-04-generate.md", "Markdown", 0, 0, 0, 0, 69, 0, 0, 0, 0, 0, 0, 0, 0, 0, 0, 0, 0, 0, 41, 110
"d:\workshops\eShop\.github\skills\wds-6-asset-generation\steps-p\step-05-review.md", "Markdown", 0, 0, 0, 0, 73, 0, 0, 0, 0, 0, 0, 0, 0, 0, 0, 0, 0, 0, 45, 118
"d:\workshops\eShop\.github\skills\wds-6-asset-generation\steps-u\step-01-load-context.md", "Markdown", 0, 0, 0, 0, 72, 0, 0, 0, 0, 0, 0, 0, 0, 0, 0, 0, 0, 0, 39, 111
"d:\workshops\eShop\.github\skills\wds-6-asset-generation\steps-u\step-02-inventory.md", "Markdown", 0, 0, 0, 0, 67, 0, 0, 0, 0, 0, 0, 0, 0, 0, 0, 0, 0, 0, 39, 106
"d:\workshops\eShop\.github\skills\wds-6-asset-generation\steps-u\step-03-select-style.md", "Markdown", 0, 0, 0, 0, 65, 0, 0, 0, 0, 0, 0, 0, 0, 0, 0, 0, 0, 0, 39, 104
"d:\workshops\eShop\.github\skills\wds-6-asset-generation\steps-u\step-04-generate.md", "Markdown", 0, 0, 0, 0, 69, 0, 0, 0, 0, 0, 0, 0, 0, 0, 0, 0, 0, 0, 41, 110
"d:\workshops\eShop\.github\skills\wds-6-asset-generation\steps-u\step-05-review.md", "Markdown", 0, 0, 0, 0, 75, 0, 0, 0, 0, 0, 0, 0, 0, 0, 0, 0, 0, 0, 45, 120
"d:\workshops\eShop\.github\skills\wds-6-asset-generation\steps-v\step-01-load-context.md", "Markdown", 0, 0, 0, 0, 73, 0, 0, 0, 0, 0, 0, 0, 0, 0, 0, 0, 0, 0, 39, 112
"d:\workshops\eShop\.github\skills\wds-6-asset-generation\steps-v\step-02-inventory.md", "Markdown", 0, 0, 0, 0, 66, 0, 0, 0, 0, 0, 0, 0, 0, 0, 0, 0, 0, 0, 39, 105
"d:\workshops\eShop\.github\skills\wds-6-asset-generation\steps-v\step-03-select-style.md", "Markdown", 0, 0, 0, 0, 69, 0, 0, 0, 0, 0, 0, 0, 0, 0, 0, 0, 0, 0, 41, 110
"d:\workshops\eShop\.github\skills\wds-6-asset-generation\steps-v\step-04-generate.md", "Markdown", 0, 0, 0, 0, 72, 0, 0, 0, 0, 0, 0, 0, 0, 0, 0, 0, 0, 0, 41, 113
"d:\workshops\eShop\.github\skills\wds-6-asset-generation\steps-v\step-05-review.md", "Markdown", 0, 0, 0, 0, 75, 0, 0, 0, 0, 0, 0, 0, 0, 0, 0, 0, 0, 0, 47, 122
"d:\workshops\eShop\.github\skills\wds-6-asset-generation\steps-w\step-01-load-context.md", "Markdown", 0, 0, 0, 0, 75, 0, 0, 0, 0, 0, 0, 0, 0, 0, 0, 0, 0, 0, 39, 114
"d:\workshops\eShop\.github\skills\wds-6-asset-generation\steps-w\step-02-inventory.md", "Markdown", 0, 0, 0, 0, 62, 0, 0, 0, 0, 0, 0, 0, 0, 0, 0, 0, 0, 0, 37, 99
"d:\workshops\eShop\.github\skills\wds-6-asset-generation\steps-w\step-03-select-style.md", "Markdown", 0, 0, 0, 0, 67, 0, 0, 0, 0, 0, 0, 0, 0, 0, 0, 0, 0, 0, 39, 106
"d:\workshops\eShop\.github\skills\wds-6-asset-generation\steps-w\step-04-generate.md", "Markdown", 0, 0, 0, 0, 69, 0, 0, 0, 0, 0, 0, 0, 0, 0, 0, 0, 0, 0, 41, 110
"d:\workshops\eShop\.github\skills\wds-6-asset-generation\steps-w\step-05-review.md", "Markdown", 0, 0, 0, 0, 70, 0, 0, 0, 0, 0, 0, 0, 0, 0, 0, 0, 0, 0, 43, 113
"d:\workshops\eShop\.github\skills\wds-6-asset-generation\templates\content-output.template.md", "Markdown", 0, 0, 0, 0, 255, 0, 0, 0, 0, 0, 0, 0, 0, 0, 0, 0, 0, 0, 95, 350
"d:\workshops\eShop\.github\skills\wds-6-asset-generation\templates\stitch-prompt.template.md", "Markdown", 0, 0, 0, 0, 129, 0, 0, 0, 0, 0, 0, 0, 0, 0, 0, 0, 0, 0, 46, 175
"d:\workshops\eShop\.github\skills\wds-6-asset-generation\workflow-content.md", "Markdown", 0, 0, 0, 0, 34, 0, 0, 0, 0, 0, 0, 0, 0, 0, 0, 0, 0, 0, 16, 50
"d:\workshops\eShop\.github\skills\wds-6-asset-generation\workflow-figma.md", "Markdown", 0, 0, 0, 0, 51, 0, 0, 0, 0, 0, 0, 0, 0, 0, 0, 0, 0, 0, 23, 74
"d:\workshops\eShop\.github\skills\wds-6-asset-generation\workflow-icons.md", "Markdown", 0, 0, 0, 0, 25, 0, 0, 0, 0, 0, 0, 0, 0, 0, 0, 0, 0, 0, 14, 39
"d:\workshops\eShop\.github\skills\wds-6-asset-generation\workflow-images.md", "Markdown", 0, 0, 0, 0, 26, 0, 0, 0, 0, 0, 0, 0, 0, 0, 0, 0, 0, 0, 14, 40
"d:\workshops\eShop\.github\skills\wds-6-asset-generation\workflow-page-designs.md", "Markdown", 0, 0, 0, 0, 25, 0, 0, 0, 0, 0, 0, 0, 0, 0, 0, 0, 0, 0, 14, 39
"d:\workshops\eShop\.github\skills\wds-6-asset-generation\workflow-stitch.md", "Markdown", 0, 0, 0, 0, 91, 0, 0, 0, 0, 0, 0, 0, 0, 0, 0, 0, 0, 0, 55, 146
"d:\workshops\eShop\.github\skills\wds-6-asset-generation\workflow-ui-elements.md", "Markdown", 0, 0, 0, 0, 25, 0, 0, 0, 0, 0, 0, 0, 0, 0, 0, 0, 0, 0, 14, 39
"d:\workshops\eShop\.github\skills\wds-6-asset-generation\workflow-videos.md", "Markdown", 0, 0, 0, 0, 25, 0, 0, 0, 0, 0, 0, 0, 0, 0, 0, 0, 0, 0, 14, 39
"d:\workshops\eShop\.github\skills\wds-6-asset-generation\workflow-wireframes.md", "Markdown", 0, 0, 0, 0, 25, 0, 0, 0, 0, 0, 0, 0, 0, 0, 0, 0, 0, 0, 14, 39
"d:\workshops\eShop\.github\skills\wds-6-asset-generation\workflow.md", "Markdown", 0, 0, 0, 0, 109, 0, 0, 0, 0, 0, 0, 0, 0, 0, 0, 0, 0, 0, 47, 156
"d:\workshops\eShop\.github\skills\wds-7-design-system\SKILL.md", "Skill", 0, 0, 0, 0, 0, 0, 0, 0, 5, 0, 0, 0, 0, 0, 0, 0, 0, 0, 2, 7
"d:\workshops\eShop\.github\skills\wds-7-design-system\bmad-skill-manifest.yaml", "YAML", 0, 1, 0, 0, 0, 0, 0, 0, 0, 0, 0, 0, 0, 0, 0, 0, 0, 0, 1, 2
"d:\workshops\eShop\.github\skills\wds-7-design-system\data\design-system-guide.md", "Markdown", 0, 0, 0, 0, 235, 0, 0, 0, 0, 0, 0, 0, 0, 0, 0, 0, 0, 0, 119, 354
"d:\workshops\eShop\.github\skills\wds-7-design-system\steps-c\step-01-scan-existing.md", "Markdown", 0, 0, 0, 0, 87, 0, 0, 0, 0, 0, 0, 0, 0, 0, 0, 0, 0, 0, 44, 131
"d:\workshops\eShop\.github\skills\wds-7-design-system\steps-c\step-02-compare-attributes.md", "Markdown", 0, 0, 0, 0, 260, 0, 0, 0, 0, 0, 0, 0, 0, 0, 0, 0, 0, 0, 110, 370
"d:\workshops\eShop\.github\skills\wds-7-design-system\steps-c\step-03-calculate-similarity.md", "Markdown", 0, 0, 0, 0, 286, 0, 0, 0, 0, 0, 0, 0, 0, 0, 0, 0, 0, 0, 154, 440
"d:\workshops\eShop\.github\skills\wds-7-design-system\steps-c\step-04-identify-opportunities.md", "Markdown", 0, 0, 0, 0, 294, 0, 0, 0, 0, 0, 0, 0, 0, 0, 0, 0, 0, 0, 128, 422
"d:\workshops\eShop\.github\skills\wds-7-design-system\steps-c\step-05-identify-risks.md", "Markdown", 0, 0, 0, 0, 312, 0, 0, 0, 0, 0, 0, 0, 0, 0, 0, 0, 0, 0, 128, 440
"d:\workshops\eShop\.github\skills\wds-7-design-system\steps-c\step-06-present-decision.md", "Markdown", 0, 0, 0, 0, 338, 0, 0, 0, 0, 0, 0, 0, 0, 0, 0, 0, 0, 0, 180, 518
"d:\workshops\eShop\.github\skills\wds-7-design-system\steps-c\step-07-execute-decision.md", "Markdown", 0, 0, 0, 0, 420, 0, 0, 0, 0, 0, 0, 0, 0, 0, 0, 0, 0, 0, 190, 610
"d:\workshops\eShop\.github\skills\wds-7-design-system\steps-c\step-08a-initialize-design-system.md", "Markdown", 0, 0, 0, 0, 371, 0, 0, 0, 0, 0, 0, 0, 0, 0, 0, 0, 0, 0, 181, 552
"d:\workshops\eShop\.github\skills\wds-7-design-system\steps-c\step-08b-create-new-component.md", "Markdown", 0, 0, 0, 0, 532, 0, 0, 0, 0, 0, 0, 0, 0, 0, 0, 0, 0, 0, 264, 796
"d:\workshops\eShop\.github\skills\wds-7-design-system\steps-c\step-08c-update-component.md", "Markdown", 0, 0, 0, 0, 439, 0, 0, 0, 0, 0, 0, 0, 0, 0, 0, 0, 0, 0, 227, 666
"d:\workshops\eShop\.github\skills\wds-7-design-system\steps-c\step-08d-add-variant.md", "Markdown", 0, 0, 0, 0, 386, 0, 0, 0, 0, 0, 0, 0, 0, 0, 0, 0, 0, 0, 189, 575
"d:\workshops\eShop\.github\skills\wds-7-design-system\steps-c\step-08e-generate-catalog.md", "Markdown", 0, 0, 0, 0, 540, 0, 0, 0, 0, 0, 0, 0, 0, 0, 0, 0, 0, 7, 209, 756
"d:\workshops\eShop\.github\skills\wds-7-design-system\templates\catalog.template.html", "HTML", 0, 0, 0, 0, 0, 303, 0, 0, 0, 0, 0, 0, 0, 0, 0, 0, 0, 11, 50, 364
"d:\workshops\eShop\.github\skills\wds-7-design-system\templates\component-library-config.template.md", "Markdown", 0, 0, 0, 0, 45, 0, 0, 0, 0, 0, 0, 0, 0, 0, 0, 0, 0, 0, 21, 66
"d:\workshops\eShop\.github\skills\wds-7-design-system\templates\component.template.md", "Markdown", 0, 0, 0, 0, 75, 0, 0, 0, 0, 0, 0, 0, 0, 0, 0, 0, 0, 0, 60, 135
"d:\workshops\eShop\.github\skills\wds-7-design-system\templates\design-tokens.template.md", "Markdown", 0, 0, 0, 0, 126, 0, 0, 0, 0, 0, 0, 0, 0, 0, 0, 0, 0, 0, 43, 169
"d:\workshops\eShop\.github\skills\wds-7-design-system\workflow-browse.md", "Markdown", 0, 0, 0, 0, 58, 0, 0, 0, 0, 0, 0, 0, 0, 0, 0, 0, 0, 0, 30, 88
"d:\workshops\eShop\.github\skills\wds-7-design-system\workflow-create.md", "Markdown", 0, 0, 0, 0, 46, 0, 0, 0, 0, 0, 0, 0, 0, 0, 0, 0, 0, 0, 26, 72
"d:\workshops\eShop\.github\skills\wds-7-design-system\workflow-edit.md", "Markdown", 0, 0, 0, 0, 53, 0, 0, 0, 0, 0, 0, 0, 0, 0, 0, 0, 0, 0, 29, 82
"d:\workshops\eShop\.github\skills\wds-7-design-system\workflow-import.md", "Markdown", 0, 0, 0, 0, 51, 0, 0, 0, 0, 0, 0, 0, 0, 0, 0, 0, 0, 0, 29, 80
"d:\workshops\eShop\.github\skills\wds-7-design-system\workflow-view.md", "Markdown", 0, 0, 0, 0, 45, 0, 0, 0, 0, 0, 0, 0, 0, 0, 0, 0, 0, 0, 24, 69
"d:\workshops\eShop\.github\skills\wds-7-design-system\workflow.md", "Markdown", 0, 0, 0, 0, 77, 0, 0, 0, 0, 0, 0, 0, 0, 0, 0, 0, 0, 0, 40, 117
"d:\workshops\eShop\.github\skills\wds-8-product-evolution\SKILL.md", "Skill", 0, 0, 0, 0, 0, 0, 0, 0, 5, 0, 0, 0, 0, 0, 0, 0, 0, 0, 2, 7
"d:\workshops\eShop\.github\skills\wds-8-product-evolution\bmad-skill-manifest.yaml", "YAML", 0, 1, 0, 0, 0, 0, 0, 0, 0, 0, 0, 0, 0, 0, 0, 0, 0, 0, 1, 2
"d:\workshops\eShop\.github\skills\wds-8-product-evolution\data\context-templates.md", "Markdown", 0, 0, 0, 0, 272, 0, 0, 0, 0, 0, 0, 0, 0, 0, 0, 0, 0, 0, 138, 410
"d:\workshops\eShop\.github\skills\wds-8-product-evolution\data\delivery-templates.md", "Markdown", 0, 0, 0, 0, 277, 0, 0, 0, 0, 0, 0, 0, 0, 0, 0, 0, 0, 0, 81, 358
"d:\workshops\eShop\.github\skills\wds-8-product-evolution\data\design-templates.md", "Markdown", 0, 0, 0, 0, 210, 0, 0, 0, 0, 0, 0, 0, 0, 0, 0, 0, 0, 0, 103, 313
"d:\workshops\eShop\.github\skills\wds-8-product-evolution\data\existing-product-guide.md", "Markdown", 0, 0, 0, 0, 644, 0, 0, 0, 0, 0, 0, 0, 0, 0, 0, 0, 0, 0, 286, 930
"d:\workshops\eShop\.github\skills\wds-8-product-evolution\data\kaizen-iteration-guide.md", "Markdown", 0, 0, 0, 0, 103, 0, 0, 0, 0, 0, 0, 0, 0, 0, 0, 0, 0, 0, 65, 168
"d:\workshops\eShop\.github\skills\wds-8-product-evolution\data\kaizen-principles.md", "Markdown", 0, 0, 0, 0, 195, 0, 0, 0, 0, 0, 0, 0, 0, 0, 0, 0, 0, 0, 82, 277
"d:\workshops\eShop\.github\skills\wds-8-product-evolution\data\monitoring-guide.md", "Markdown", 0, 0, 0, 0, 98, 0, 0, 0, 0, 0, 0, 0, 0, 0, 0, 0, 0, 0, 59, 157
"d:\workshops\eShop\.github\skills\wds-8-product-evolution\data\monitoring-templates.md", "Markdown", 0, 0, 0, 0, 270, 0, 0, 0, 0, 0, 0, 0, 0, 0, 0, 0, 0, 0, 119, 389
"d:\workshops\eShop\.github\skills\wds-8-product-evolution\steps-a\step-01-identify.md", "Markdown", 0, 0, 0, 0, 97, 0, 0, 0, 0, 0, 0, 0, 0, 0, 0, 0, 0, 0, 52, 149
"d:\workshops\eShop\.github\skills\wds-8-product-evolution\steps-a\step-02-gather-context.md", "Markdown", 0, 0, 0, 0, 147, 0, 0, 0, 0, 0, 0, 0, 0, 0, 0, 0, 0, 0, 67, 214
"d:\workshops\eShop\.github\skills\wds-8-product-evolution\steps-d\step-01-design-update.md", "Markdown", 0, 0, 0, 0, 167, 0, 0, 0, 0, 0, 0, 0, 0, 0, 0, 0, 0, 0, 74, 241
"d:\workshops\eShop\.github\skills\wds-8-product-evolution\steps-p\step-01-create-delivery.md", "Markdown", 0, 0, 0, 0, 224, 0, 0, 0, 0, 0, 0, 0, 0, 0, 0, 0, 0, 0, 85, 309
"d:\workshops\eShop\.github\skills\wds-8-product-evolution\steps-p\step-02-hand-off.md", "Markdown", 0, 0, 0, 0, 172, 0, 0, 0, 0, 0, 0, 0, 0, 0, 0, 0, 0, 0, 73, 245
"d:\workshops\eShop\.github\skills\wds-8-product-evolution\steps-t\step-01-validate.md", "Markdown", 0, 0, 0, 0, 229, 0, 0, 0, 0, 0, 0, 0, 0, 0, 0, 0, 0, 0, 109, 338
"d:\workshops\eShop\.github\skills\wds-8-product-evolution\workflow-analyze.md", "Markdown", 0, 0, 0, 0, 46, 0, 0, 0, 0, 0, 0, 0, 0, 0, 0, 0, 0, 0, 26, 72
"d:\workshops\eShop\.github\skills\wds-8-product-evolution\workflow-deploy.md", "Markdown", 0, 0, 0, 0, 62, 0, 0, 0, 0, 0, 0, 0, 0, 0, 0, 0, 0, 0, 32, 94
"d:\workshops\eShop\.github\skills\wds-8-product-evolution\workflow-design.md", "Markdown", 0, 0, 0, 0, 57, 0, 0, 0, 0, 0, 0, 0, 0, 0, 0, 0, 0, 0, 33, 90
"d:\workshops\eShop\.github\skills\wds-8-product-evolution\workflow-implement.md", "Markdown", 0, 0, 0, 0, 52, 0, 0, 0, 0, 0, 0, 0, 0, 0, 0, 0, 0, 0, 29, 81
"d:\workshops\eShop\.github\skills\wds-8-product-evolution\workflow-scope.md", "Markdown", 0, 0, 0, 0, 58, 0, 0, 0, 0, 0, 0, 0, 0, 0, 0, 0, 0, 0, 33, 91
"d:\workshops\eShop\.github\skills\wds-8-product-evolution\workflow-test.md", "Markdown", 0, 0, 0, 0, 58, 0, 0, 0, 0, 0, 0, 0, 0, 0, 0, 0, 0, 0, 31, 89
"d:\workshops\eShop\.github\skills\wds-8-product-evolution\workflow.md", "Markdown", 0, 0, 0, 0, 68, 0, 0, 0, 0, 0, 0, 0, 0, 0, 0, 0, 0, 0, 31, 99
"d:\workshops\eShop\.github\skills\wds-agent-freya-ux\SKILL.md", "Skill", 0, 0, 0, 0, 0, 0, 0, 0, 46, 0, 0, 0, 0, 0, 0, 0, 0, 0, 20, 66
"d:\workshops\eShop\.github\skills\wds-agent-freya-ux\bmad-skill-manifest.yaml", "YAML", 0, 12, 0, 0, 0, 0, 0, 0, 0, 0, 0, 0, 0, 0, 0, 0, 0, 0, 1, 13
"d:\workshops\eShop\.github\skills\wds-agent-saga-analyst\SKILL.md", "Skill", 0, 0, 0, 0, 0, 0, 0, 0, 49, 0, 0, 0, 0, 0, 0, 0, 0, 0, 20, 69
"d:\workshops\eShop\.github\skills\wds-agent-saga-analyst\bmad-skill-manifest.yaml", "YAML", 0, 12, 0, 0, 0, 0, 0, 0, 0, 0, 0, 0, 0, 0, 0, 0, 0, 0, 1, 13
"d:\workshops\eShop\.github\workflows\agentic-pr-fix.md", "Markdown", 0, 0, 0, 0, 85, 0, 0, 0, 0, 0, 0, 0, 0, 0, 0, 0, 0, 0, 18, 103
"d:\workshops\eShop\.github\workflows\agentic-pr-fix.yml", "YAML", 0, 222, 0, 0, 0, 0, 0, 0, 0, 0, 0, 0, 0, 0, 0, 0, 0, 0, 25, 247
"d:\workshops\eShop\.github\workflows\copilot-setup-steps.md", "Markdown", 0, 0, 0, 0, 40, 0, 0, 0, 0, 0, 0, 0, 0, 0, 0, 0, 0, 0, 7, 47
"d:\workshops\eShop\.github\workflows\copilot-setup-steps.yml", "YAML", 0, 24, 0, 0, 0, 0, 0, 0, 0, 0, 0, 0, 0, 0, 0, 0, 0, 0, 5, 29
"d:\workshops\eShop\.github\workflows\markdownlint-problem-matcher.json", "JSON", 17, 0, 0, 0, 0, 0, 0, 0, 0, 0, 0, 0, 0, 0, 0, 0, 0, 0, 1, 18
"d:\workshops\eShop\.github\workflows\markdownlint.yml", "YAML", 0, 19, 0, 0, 0, 0, 0, 0, 0, 0, 0, 0, 0, 0, 0, 0, 0, 2, 6, 27
"d:\workshops\eShop\.github\workflows\playwright.yml", "YAML", 0, 49, 0, 0, 0, 0, 0, 0, 0, 0, 0, 0, 0, 0, 0, 0, 0, 1, 1, 51
"d:\workshops\eShop\.github\workflows\pr-validation-maui.yml", "YAML", 0, 36, 0, 0, 0, 0, 0, 0, 0, 0, 0, 0, 0, 0, 0, 0, 0, 0, 6, 42
"d:\workshops\eShop\.github\workflows\pr-validation.yml", "YAML", 0, 32, 0, 0, 0, 0, 0, 0, 0, 0, 0, 0, 0, 0, 0, 0, 0, 0, 3, 35
"d:\workshops\eShop\.github\workflows\push-build-test-all.yml", "YAML", 0, 64, 0, 0, 0, 0, 0, 0, 0, 0, 0, 0, 0, 0, 0, 0, 0, 0, 15, 79
"d:\workshops\eShop\.markdownlint.json", "JSON", 16, 0, 0, 0, 0, 0, 0, 0, 0, 0, 0, 0, 0, 0, 0, 0, 0, 3, 2, 21
"d:\workshops\eShop\.spectral.yml", "YAML", 0, 36, 0, 0, 0, 0, 0, 0, 0, 0, 0, 0, 0, 0, 0, 0, 0, 0, 4, 40
"d:\workshops\eShop\CODE-OF-CONDUCT.md", "Markdown", 0, 0, 0, 0, 4, 0, 0, 0, 0, 0, 0, 0, 0, 0, 0, 0, 0, 0, 3, 7
"d:\workshops\eShop\CONTRIBUTING.md", "Markdown", 0, 0, 0, 0, 21, 0, 0, 0, 0, 0, 0, 0, 0, 0, 0, 0, 0, 0, 18, 39
"d:\workshops\eShop\Directory.Build.props", "XML", 0, 0, 0, 16, 0, 0, 0, 0, 0, 0, 0, 0, 0, 0, 0, 0, 0, 2, 4, 22
"d:\workshops\eShop\Directory.Build.targets", "XML", 0, 0, 0, 6, 0, 0, 0, 0, 0, 0, 0, 0, 0, 0, 0, 0, 0, 2, 3, 11
"d:\workshops\eShop\Directory.Packages.props", "XML", 0, 0, 0, 82, 0, 0, 0, 0, 0, 0, 0, 0, 0, 0, 0, 0, 0, 14, 0, 96
"d:\workshops\eShop\IMPROVEMENTS.md", "Markdown", 0, 0, 0, 0, 496, 0, 0, 0, 0, 0, 0, 0, 0, 0, 0, 0, 0, 0, 157, 653
"d:\workshops\eShop\README.md", "Markdown", 0, 0, 0, 0, 113, 0, 0, 0, 0, 0, 0, 0, 0, 0, 0, 0, 0, 0, 49, 162
"d:\workshops\eShop\_bmad-output\implementation-artifacts\4-1-order-status-timeline-read-model.md", "Markdown", 0, 0, 0, 0, 51, 0, 0, 0, 0, 0, 0, 0, 0, 0, 0, 0, 0, 0, 23, 74
"d:\workshops\eShop\_bmad-output\implementation-artifacts\7-1-startup-validation-enforcement.md", "Markdown", 0, 0, 0, 0, 51, 0, 0, 0, 0, 0, 0, 0, 0, 0, 0, 0, 0, 0, 23, 74
"d:\workshops\eShop\_bmad-output\implementation-artifacts\7-2-catalog-functional-tests-stabilization.md", "Markdown", 0, 0, 0, 0, 43, 0, 0, 0, 0, 0, 0, 0, 0, 0, 0, 0, 0, 0, 23, 66
"d:\workshops\eShop\_bmad-output\implementation-artifacts\sprint-status.yaml", "YAML", 0, 8, 0, 0, 0, 0, 0, 0, 0, 0, 0, 0, 0, 0, 0, 0, 0, 7, 2, 17
"d:\workshops\eShop\_bmad-output\planning-artifacts\architecture.md", "Markdown", 0, 0, 0, 0, 516, 0, 0, 0, 0, 0, 0, 0, 0, 0, 0, 0, 0, 0, 149, 665
"d:\workshops\eShop\_bmad-output\planning-artifacts\epics.md", "Markdown", 0, 0, 0, 0, 182, 0, 0, 0, 0, 0, 0, 0, 0, 0, 0, 0, 0, 0, 26, 208
"d:\workshops\eShop\_bmad-output\planning-artifacts\implementation-readiness-report-2026-04-02.md", "Markdown", 0, 0, 0, 0, 202, 0, 0, 0, 0, 0, 0, 0, 0, 0, 0, 0, 0, 0, 57, 259
"d:\workshops\eShop\_bmad-output\planning-artifacts\prd.md", "Markdown", 0, 0, 0, 0, 294, 0, 0, 0, 0, 0, 0, 0, 0, 0, 0, 0, 0, 0, 134, 428
"d:\workshops\eShop\_bmad-output\planning-artifacts\ux-color-themes.html", "HTML", 0, 0, 0, 0, 0, 144, 0, 0, 0, 0, 0, 0, 0, 0, 0, 0, 0, 0, 14, 158
"d:\workshops\eShop\_bmad-output\planning-artifacts\ux-design-directions.html", "HTML", 0, 0, 0, 0, 0, 411, 0, 0, 0, 0, 0, 0, 0, 0, 0, 0, 0, 0, 63, 474
"d:\workshops\eShop\_bmad-output\planning-artifacts\ux-design-specification.md", "Markdown", 0, 0, 0, 0, 605, 0, 0, 0, 0, 0, 0, 0, 0, 0, 0, 0, 0, 1, 322, 928
"d:\workshops\eShop\_bmad-output\project-context.md", "Markdown", 0, 0, 0, 0, 91, 0, 0, 0, 0, 0, 0, 0, 0, 0, 0, 0, 0, 0, 30, 121
"d:\workshops\eShop\_bmad\_config\agent-manifest.csv", "CSV", 0, 0, 0, 0, 0, 0, 0, 19, 0, 0, 0, 0, 0, 0, 0, 0, 0, 0, 1, 20
"d:\workshops\eShop\_bmad\_config\bmad-help.csv", "CSV", 0, 0, 0, 0, 0, 0, 0, 111, 0, 0, 0, 0, 0, 0, 0, 0, 0, 0, 0, 111
"d:\workshops\eShop\_bmad\_config\files-manifest.csv", "CSV", 0, 0, 0, 0, 0, 0, 0, 1621, 0, 0, 0, 0, 0, 0, 0, 0, 0, 0, 1, 1622
"d:\workshops\eShop\_bmad\_config\ides\github-copilot.yaml", "YAML", 0, 5, 0, 0, 0, 0, 0, 0, 0, 0, 0, 0, 0, 0, 0, 0, 0, 0, 1, 6
"d:\workshops\eShop\_bmad\_config\manifest.yaml", "YAML", 0, 49, 0, 0, 0, 0, 0, 0, 0, 0, 0, 0, 0, 0, 0, 0, 0, 0, 1, 50
"d:\workshops\eShop\_bmad\_config\skill-manifest.csv", "CSV", 0, 0, 0, 0, 0, 0, 0, 80, 0, 0, 0, 0, 0, 0, 0, 0, 0, 0, 1, 81
"d:\workshops\eShop\_bmad\bmb\bmad-agent-builder\SKILL.md", "Skill", 0, 0, 0, 0, 0, 0, 0, 0, 39, 0, 0, 0, 0, 0, 0, 0, 0, 0, 24, 63
"d:\workshops\eShop\_bmad\bmb\bmad-agent-builder\assets\SKILL-template.md", "Markdown", 0, 0, 0, 0, 44, 0, 0, 0, 0, 0, 0, 0, 0, 0, 0, 0, 0, 0, 19, 63
"d:\workshops\eShop\_bmad\bmb\bmad-agent-builder\assets\autonomous-wake.md", "Markdown", 0, 0, 0, 0, 20, 0, 0, 0, 0, 0, 0, 0, 0, 0, 0, 0, 0, 0, 13, 33
"d:\workshops\eShop\_bmad\bmb\bmad-agent-builder\assets\init-template.md", "Markdown", 0, 0, 0, 0, 29, 0, 0, 0, 0, 0, 0, 0, 0, 0, 0, 0, 0, 0, 23, 52
"d:\workshops\eShop\_bmad\bmb\bmad-agent-builder\assets\memory-system.md", "Markdown", 0, 0, 0, 0, 74, 0, 0, 0, 0, 0, 0, 0, 0, 0, 0, 0, 0, 0, 49, 123
"d:\workshops\eShop\_bmad\bmb\bmad-agent-builder\assets\save-memory.md", "Markdown", 0, 0, 0, 0, 11, 0, 0, 0, 0, 0, 0, 0, 0, 0, 0, 0, 0, 0, 7, 18
"d:\workshops\eShop\_bmad\bmb\bmad-agent-builder\build-process.md", "Markdown", 0, 0, 0, 0, 101, 0, 0, 0, 0, 0, 0, 0, 0, 0, 0, 0, 0, 0, 55, 156
"d:\workshops\eShop\_bmad\bmb\bmad-agent-builder\quality-analysis.md", "Markdown", 0, 0, 0, 0, 88, 0, 0, 0, 0, 0, 0, 0, 0, 0, 0, 0, 0, 0, 43, 131
"d:\workshops\eShop\_bmad\bmb\bmad-agent-builder\quality-scan-agent-cohesion.md", "Markdown", 0, 0, 0, 0, 93, 0, 0, 0, 0, 0, 0, 0, 0, 0, 0, 0, 0, 0, 45, 138
"d:\workshops\eShop\_bmad\bmb\bmad-agent-builder\quality-scan-enhancement-opportunities.md", "Markdown", 0, 0, 0, 0, 124, 0, 0, 0, 0, 0, 0, 0, 0, 0, 0, 0, 0, 0, 56, 180
"d:\workshops\eShop\_bmad\bmb\bmad-agent-builder\quality-scan-execution-efficiency.md", "Markdown", 0, 0, 0, 0, 97, 0, 0, 0, 0, 0, 0, 0, 0, 0, 0, 0, 0, 0, 48, 145
"d:\workshops\eShop\_bmad\bmb\bmad-agent-builder\quality-scan-prompt-craft.md", "Markdown", 0, 0, 0, 0, 151, 0, 0, 0, 0, 0, 0, 0, 0, 0, 0, 0, 0, 0, 65, 216
"d:\workshops\eShop\_bmad\bmb\bmad-agent-builder\quality-scan-script-opportunities.md", "Markdown", 0, 0, 0, 0, 138, 0, 0, 0, 0, 0, 0, 0, 0, 0, 0, 0, 0, 0, 83, 221
"d:\workshops\eShop\_bmad\bmb\bmad-agent-builder\quality-scan-structure.md", "Markdown", 0, 0, 0, 0, 109, 0, 0, 0, 0, 0, 0, 0, 0, 0, 0, 0, 0, 0, 47, 156
"d:\workshops\eShop\_bmad\bmb\bmad-agent-builder\references\quality-dimensions.md", "Markdown", 0, 0, 0, 0, 32, 0, 0, 0, 0, 0, 0, 0, 0, 0, 0, 0, 0, 0, 23, 55
"d:\workshops\eShop\_bmad\bmb\bmad-agent-builder\references\script-opportunities-reference.md", "Markdown", 0, 0, 0, 0, 227, 0, 0, 0, 0, 0, 0, 0, 0, 0, 0, 0, 0, 0, 128, 355
"d:\workshops\eShop\_bmad\bmb\bmad-agent-builder\references\script-standards.md", "Markdown", 0, 0, 0, 0, 64, 0, 0, 0, 0, 0, 0, 0, 0, 0, 0, 0, 0, 0, 29, 93
"d:\workshops\eShop\_bmad\bmb\bmad-agent-builder\references\skill-best-practices.md", "Markdown", 0, 0, 0, 0, 71, 0, 0, 0, 0, 0, 0, 0, 0, 0, 0, 0, 0, 0, 39, 110
"d:\workshops\eShop\_bmad\bmb\bmad-agent-builder\references\standard-fields.md", "Markdown", 0, 0, 0, 0, 58, 0, 0, 0, 0, 0, 0, 0, 0, 0, 0, 0, 0, 0, 34, 92
"d:\workshops\eShop\_bmad\bmb\bmad-agent-builder\references\template-substitution-rules.md", "Markdown", 0, 0, 0, 0, 30, 0, 0, 0, 0, 0, 0, 0, 0, 0, 0, 0, 0, 0, 18, 48
"d:\workshops\eShop\_bmad\bmb\bmad-agent-builder\report-quality-scan-creator.md", "Markdown", 0, 0, 0, 0, 219, 0, 0, 0, 0, 0, 0, 0, 0, 0, 0, 0, 0, 0, 68, 287
"d:\workshops\eShop\_bmad\bmb\bmad-agent-builder\scripts\generate-html-report.py", "Python", 0, 0, 0, 0, 0, 0, 0, 0, 0, 486, 0, 0, 0, 0, 0, 0, 0, 19, 30, 535
"d:\workshops\eShop\_bmad\bmb\bmad-agent-builder\scripts\prepass-execution-deps.py", "Python", 0, 0, 0, 0, 0, 0, 0, 0, 0, 249, 0, 0, 0, 0, 0, 0, 0, 43, 46, 338
"d:\workshops\eShop\_bmad\bmb\bmad-agent-builder\scripts\prepass-prompt-metrics.py", "Python", 0, 0, 0, 0, 0, 0, 0, 0, 0, 298, 0, 0, 0, 0, 0, 0, 0, 46, 60, 404
"d:\workshops\eShop\_bmad\bmb\bmad-agent-builder\scripts\prepass-structure-capabilities.py", "Python", 0, 0, 0, 0, 0, 0, 0, 0, 0, 325, 0, 0, 0, 0, 0, 0, 0, 49, 72, 446
"d:\workshops\eShop\_bmad\bmb\bmad-agent-builder\scripts\scan-path-standards.py", "Python", 0, 0, 0, 0, 0, 0, 0, 0, 0, 251, 0, 0, 0, 0, 0, 0, 0, 43, 45, 339
"d:\workshops\eShop\_bmad\bmb\bmad-agent-builder\scripts\scan-scripts.py", "Python", 0, 0, 0, 0, 0, 0, 0, 0, 0, 589, 0, 0, 0, 0, 0, 0, 0, 65, 92, 746
"d:\workshops\eShop\_bmad\bmb\bmad-bmb-setup\SKILL.md", "Skill", 0, 0, 0, 0, 0, 0, 0, 0, 46, 0, 0, 0, 0, 0, 0, 0, 0, 0, 31, 77
"d:\workshops\eShop\_bmad\bmb\bmad-bmb-setup\assets\module-help.csv", "CSV", 0, 0, 0, 0, 0, 0, 0, 10, 0, 0, 0, 0, 0, 0, 0, 0, 0, 0, 1, 11
"d:\workshops\eShop\_bmad\bmb\bmad-bmb-setup\assets\module.yaml", "YAML", 0, 17, 0, 0, 0, 0, 0, 0, 0, 0, 0, 0, 0, 0, 0, 0, 0, 0, 4, 21
"d:\workshops\eShop\_bmad\bmb\bmad-bmb-setup\scripts\cleanup-legacy.py", "Python", 0, 0, 0, 0, 0, 0, 0, 0, 0, 176, 0, 0, 0, 0, 0, 0, 0, 49, 35, 260
"d:\workshops\eShop\_bmad\bmb\bmad-bmb-setup\scripts\merge-config.py", "Python", 0, 0, 0, 0, 0, 0, 0, 0, 0, 265, 0, 0, 0, 0, 0, 0, 0, 83, 61, 409
"d:\workshops\eShop\_bmad\bmb\bmad-bmb-setup\scripts\merge-help-csv.py", "Python", 0, 0, 0, 0, 0, 0, 0, 0, 0, 144, 0, 0, 0, 0, 0, 0, 0, 38, 37, 219
"d:\workshops\eShop\_bmad\bmb\bmad-module-builder\SKILL.md", "Skill", 0, 0, 0, 0, 0, 0, 0, 0, 22, 0, 0, 0, 0, 0, 0, 0, 0, 0, 11, 33
"d:\workshops\eShop\_bmad\bmb\bmad-module-builder\assets\module-plan-template.md", "Markdown", 0, 0, 0, 0, 50, 0, 0, 0, 0, 0, 0, 0, 0, 0, 0, 0, 0, 32, 47, 129
"d:\workshops\eShop\_bmad\bmb\bmad-module-builder\assets\setup-skill-template\SKILL.md", "Skill", 0, 0, 0, 0, 0, 0, 0, 0, 46, 0, 0, 0, 0, 0, 0, 0, 0, 0, 31, 77
"d:\workshops\eShop\_bmad\bmb\bmad-module-builder\assets\setup-skill-template\assets\module-help.csv", "CSV", 0, 0, 0, 0, 0, 0, 0, 1, 0, 0, 0, 0, 0, 0, 0, 0, 0, 0, 1, 2
"d:\workshops\eShop\_bmad\bmb\bmad-module-builder\assets\setup-skill-template\assets\module.yaml", "YAML", 0, 6, 0, 0, 0, 0, 0, 0, 0, 0, 0, 0, 0, 0, 0, 0, 0, 0, 1, 7
"d:\workshops\eShop\_bmad\bmb\bmad-module-builder\assets\setup-skill-template\scripts\cleanup-legacy.py", "Python", 0, 0, 0, 0, 0, 0, 0, 0, 0, 176, 0, 0, 0, 0, 0, 0, 0, 49, 35, 260
"d:\workshops\eShop\_bmad\bmb\bmad-module-builder\assets\setup-skill-template\scripts\merge-config.py", "Python", 0, 0, 0, 0, 0, 0, 0, 0, 0, 265, 0, 0, 0, 0, 0, 0, 0, 83, 61, 409
"d:\workshops\eShop\_bmad\bmb\bmad-module-builder\assets\setup-skill-template\scripts\merge-help-csv.py", "Python", 0, 0, 0, 0, 0, 0, 0, 0, 0, 144, 0, 0, 0, 0, 0, 0, 0, 38, 37, 219
"d:\workshops\eShop\_bmad\bmb\bmad-module-builder\assets\standalone-module-template\merge-config.py", "Python", 0, 0, 0, 0, 0, 0, 0, 0, 0, 265, 0, 0, 0, 0, 0, 0, 0, 83, 61, 409
"d:\workshops\eShop\_bmad\bmb\bmad-module-builder\assets\standalone-module-template\merge-help-csv.py", "Python", 0, 0, 0, 0, 0, 0, 0, 0, 0, 144, 0, 0, 0, 0, 0, 0, 0, 38, 37, 219
"d:\workshops\eShop\_bmad\bmb\bmad-module-builder\assets\standalone-module-template\module-setup.md", "Markdown", 0, 0, 0, 0, 48, 0, 0, 0, 0, 0, 0, 0, 0, 0, 0, 0, 0, 0, 34, 82
"d:\workshops\eShop\_bmad\bmb\bmad-module-builder\references\create-module.md", "Markdown", 0, 0, 0, 0, 170, 0, 0, 0, 0, 0, 0, 0, 0, 0, 0, 0, 0, 0, 77, 247
"d:\workshops\eShop\_bmad\bmb\bmad-module-builder\references\ideate-module.md", "Markdown", 0, 0, 0, 0, 140, 0, 0, 0, 0, 0, 0, 0, 0, 0, 0, 0, 0, 0, 77, 217
"d:\workshops\eShop\_bmad\bmb\bmad-module-builder\references\validate-module.md", "Markdown", 0, 0, 0, 0, 47, 0, 0, 0, 0, 0, 0, 0, 0, 0, 0, 0, 0, 0, 31, 78
"d:\workshops\eShop\_bmad\bmb\bmad-module-builder\scripts\scaffold-setup-skill.py", "Python", 0, 0, 0, 0, 0, 0, 0, 0, 0, 92, 0, 0, 0, 0, 0, 0, 0, 16, 17, 125
"d:\workshops\eShop\_bmad\bmb\bmad-module-builder\scripts\scaffold-standalone-module.py", "Python", 0, 0, 0, 0, 0, 0, 0, 0, 0, 150, 0, 0, 0, 0, 0, 0, 0, 18, 23, 191
"d:\workshops\eShop\_bmad\bmb\bmad-module-builder\scripts\tests\test-scaffold-setup-skill.py", "Python", 0, 0, 0, 0, 0, 0, 0, 0, 0, 171, 0, 0, 0, 0, 0, 0, 0, 17, 36, 224
"d:\workshops\eShop\_bmad\bmb\bmad-module-builder\scripts\tests\test-scaffold-standalone-module.py", "Python", 0, 0, 0, 0, 0, 0, 0, 0, 0, 192, 0, 0, 0, 0, 0, 0, 0, 27, 48, 267
"d:\workshops\eShop\_bmad\bmb\bmad-module-builder\scripts\tests\test-validate-module.py", "Python", 0, 0, 0, 0, 0, 0, 0, 0, 0, 227, 0, 0, 0, 0, 0, 0, 0, 26, 62, 315
"d:\workshops\eShop\_bmad\bmb\bmad-module-builder\scripts\validate-module.py", "Python", 0, 0, 0, 0, 0, 0, 0, 0, 0, 202, 0, 0, 0, 0, 0, 0, 0, 43, 49, 294
"d:\workshops\eShop\_bmad\bmb\bmad-workflow-builder\SKILL.md", "Skill", 0, 0, 0, 0, 0, 0, 0, 0, 44, 0, 0, 0, 0, 0, 0, 0, 0, 0, 28, 72
"d:\workshops\eShop\_bmad\bmb\bmad-workflow-builder\assets\SKILL-template.md", "Markdown", 0, 0, 0, 0, 15, 0, 0, 0, 0, 0, 0, 0, 0, 0, 0, 0, 0, 0, 7, 22
"d:\workshops\eShop\_bmad\bmb\bmad-workflow-builder\build-process.md", "Markdown", 0, 0, 0, 0, 107, 0, 0, 0, 0, 0, 0, 0, 0, 0, 0, 0, 0, 0, 60, 167
"d:\workshops\eShop\_bmad\bmb\bmad-workflow-builder\quality-analysis.md", "Markdown", 0, 0, 0, 0, 99, 0, 0, 0, 0, 0, 0, 0, 0, 0, 0, 0, 0, 0, 52, 151
"d:\workshops\eShop\_bmad\bmb\bmad-workflow-builder\quality-scan-enhancement-opportunities.md", "Markdown", 0, 0, 0, 0, 127, 0, 0, 0, 0, 0, 0, 0, 0, 0, 0, 0, 0, 0, 59, 186
"d:\workshops\eShop\_bmad\bmb\bmad-workflow-builder\quality-scan-execution-efficiency.md", "Markdown", 0, 0, 0, 0, 174, 0, 0, 0, 0, 0, 0, 0, 0, 0, 0, 0, 0, 0, 62, 236
"d:\workshops\eShop\_bmad\bmb\bmad-workflow-builder\quality-scan-prompt-craft.md", "Markdown", 0, 0, 0, 0, 188, 0, 0, 0, 0, 0, 0, 0, 0, 0, 0, 0, 0, 0, 86, 274
"d:\workshops\eShop\_bmad\bmb\bmad-workflow-builder\quality-scan-script-opportunities.md", "Markdown", 0, 0, 0, 0, 130, 0, 0, 0, 0, 0, 0, 0, 0, 0, 0, 0, 0, 0, 83, 213
"d:\workshops\eShop\_bmad\bmb\bmad-workflow-builder\quality-scan-skill-cohesion.md", "Markdown", 0, 0, 0, 0, 107, 0, 0, 0, 0, 0, 0, 0, 0, 0, 0, 0, 0, 0, 48, 155
"d:\workshops\eShop\_bmad\bmb\bmad-workflow-builder\quality-scan-workflow-integrity.md", "Markdown", 0, 0, 0, 0, 150, 0, 0, 0, 0, 0, 0, 0, 0, 0, 0, 0, 0, 0, 61, 211
"d:\workshops\eShop\_bmad\bmb\bmad-workflow-builder\references\classification-reference.md", "Markdown", 0, 0, 0, 0, 46, 0, 0, 0, 0, 0, 0, 0, 0, 0, 0, 0, 0, 0, 18, 64
"d:\workshops\eShop\_bmad\bmb\bmad-workflow-builder\references\complex-workflow-patterns.md", "Markdown", 0, 0, 0, 0, 81, 0, 0, 0, 0, 0, 0, 0, 0, 0, 0, 0, 0, 0, 43, 124
"d:\workshops\eShop\_bmad\bmb\bmad-workflow-builder\references\convert-process.md", "Markdown", 0, 0, 0, 0, 77, 0, 0, 0, 0, 0, 0, 0, 0, 0, 0, 0, 0, 0, 30, 107
"d:\workshops\eShop\_bmad\bmb\bmad-workflow-builder\references\quality-dimensions.md", "Markdown", 0, 0, 0, 0, 31, 0, 0, 0, 0, 0, 0, 0, 0, 0, 0, 0, 0, 0, 23, 54
"d:\workshops\eShop\_bmad\bmb\bmad-workflow-builder\references\script-opportunities-reference.md", "Markdown", 0, 0, 0, 0, 76, 0, 0, 0, 0, 0, 0, 0, 0, 0, 0, 0, 0, 0, 25, 101
"d:\workshops\eShop\_bmad\bmb\bmad-workflow-builder\references\script-standards.md", "Markdown", 0, 0, 0, 0, 64, 0, 0, 0, 0, 0, 0, 0, 0, 0, 0, 0, 0, 0, 29, 93
"d:\workshops\eShop\_bmad\bmb\bmad-workflow-builder\references\skill-best-practices.md", "Markdown", 0, 0, 0, 0, 71, 0, 0, 0, 0, 0, 0, 0, 0, 0, 0, 0, 0, 0, 39, 110
"d:\workshops\eShop\_bmad\bmb\bmad-workflow-builder\references\standard-fields.md", "Markdown", 0, 0, 0, 0, 92, 0, 0, 0, 0, 0, 0, 0, 0, 0, 0, 0, 0, 0, 53, 145
"d:\workshops\eShop\_bmad\bmb\bmad-workflow-builder\references\template-substitution-rules.md", "Markdown", 0, 0, 0, 0, 22, 0, 0, 0, 0, 0, 0, 0, 0, 0, 0, 0, 0, 0, 14, 36
"d:\workshops\eShop\_bmad\bmb\bmad-workflow-builder\report-quality-scan-creator.md", "Markdown", 0, 0, 0, 0, 191, 0, 0, 0, 0, 0, 0, 0, 0, 0, 0, 0, 0, 0, 68, 259
"d:\workshops\eShop\_bmad\bmb\bmad-workflow-builder\scripts\generate-convert-report.py", "Python", 0, 0, 0, 0, 0, 0, 0, 0, 0, 358, 0, 0, 0, 0, 0, 0, 0, 18, 31, 407
"d:\workshops\eShop\_bmad\bmb\bmad-workflow-builder\scripts\generate-html-report.py", "Python", 0, 0, 0, 0, 0, 0, 0, 0, 0, 485, 0, 0, 0, 0, 0, 0, 0, 22, 33, 540
"d:\workshops\eShop\_bmad\bmb\bmad-workflow-builder\scripts\prepass-execution-deps.py", "Python", 0, 0, 0, 0, 0, 0, 0, 0, 0, 206, 0, 0, 0, 0, 0, 0, 0, 39, 44, 289
"d:\workshops\eShop\_bmad\bmb\bmad-workflow-builder\scripts\prepass-prompt-metrics.py", "Python", 0, 0, 0, 0, 0, 0, 0, 0, 0, 210, 0, 0, 0, 0, 0, 0, 0, 36, 40, 286
"d:\workshops\eShop\_bmad\bmb\bmad-workflow-builder\scripts\prepass-workflow-integrity.py", "Python", 0, 0, 0, 0, 0, 0, 0, 0, 0, 354, 0, 0, 0, 0, 0, 0, 0, 54, 73, 481
"d:\workshops\eShop\_bmad\bmb\bmad-workflow-builder\scripts\scan-path-standards.py", "Python", 0, 0, 0, 0, 0, 0, 0, 0, 0, 217, 0, 0, 0, 0, 0, 0, 0, 40, 43, 300
"d:\workshops\eShop\_bmad\bmb\bmad-workflow-builder\scripts\scan-scripts.py", "Python", 0, 0, 0, 0, 0, 0, 0, 0, 0, 589, 0, 0, 0, 0, 0, 0, 0, 65, 92, 746
"d:\workshops\eShop\_bmad\bmb\bmad-workflow-builder\scripts\tests\test_generate_convert_report.py", "Python", 0, 0, 0, 0, 0, 0, 0, 0, 0, 183, 0, 0, 0, 0, 0, 0, 0, 24, 37, 244
"d:\workshops\eShop\_bmad\bmb\config.yaml", "YAML", 0, 6, 0, 0, 0, 0, 0, 0, 0, 0, 0, 0, 0, 0, 0, 0, 0, 5, 3, 14
"d:\workshops\eShop\_bmad\bmb\module-help.csv", "CSV", 0, 0, 0, 0, 0, 0, 0, 10, 0, 0, 0, 0, 0, 0, 0, 0, 0, 0, 1, 11
"d:\workshops\eShop\_bmad\bmm\1-analysis\bmad-agent-analyst\SKILL.md", "Skill", 0, 0, 0, 0, 0, 0, 0, 0, 37, 0, 0, 0, 0, 0, 0, 0, 0, 0, 20, 57
"d:\workshops\eShop\_bmad\bmm\1-analysis\bmad-agent-analyst\bmad-skill-manifest.yaml", "YAML", 0, 11, 0, 0, 0, 0, 0, 0, 0, 0, 0, 0, 0, 0, 0, 0, 0, 0, 1, 12
"d:\workshops\eShop\_bmad\bmm\1-analysis\bmad-agent-tech-writer\SKILL.md", "Skill", 0, 0, 0, 0, 0, 0, 0, 0, 36, 0, 0, 0, 0, 0, 0, 0, 0, 0, 20, 56
"d:\workshops\eShop\_bmad\bmm\1-analysis\bmad-agent-tech-writer\bmad-skill-manifest.yaml", "YAML", 0, 11, 0, 0, 0, 0, 0, 0, 0, 0, 0, 0, 0, 0, 0, 0, 0, 0, 1, 12
"d:\workshops\eShop\_bmad\bmm\1-analysis\bmad-agent-tech-writer\explain-concept.md", "Markdown", 0, 0, 0, 0, 14, 0, 0, 0, 0, 0, 0, 0, 0, 0, 0, 0, 0, 0, 7, 21
"d:\workshops\eShop\_bmad\bmm\1-analysis\bmad-agent-tech-writer\mermaid-gen.md", "Markdown", 0, 0, 0, 0, 14, 0, 0, 0, 0, 0, 0, 0, 0, 0, 0, 0, 0, 0, 7, 21
"d:\workshops\eShop\_bmad\bmm\1-analysis\bmad-agent-tech-writer\validate-doc.md", "Markdown", 0, 0, 0, 0, 13, 0, 0, 0, 0, 0, 0, 0, 0, 0, 0, 0, 0, 0, 7, 20
"d:\workshops\eShop\_bmad\bmm\1-analysis\bmad-agent-tech-writer\write-document.md", "Markdown", 0, 0, 0, 0, 14, 0, 0, 0, 0, 0, 0, 0, 0, 0, 0, 0, 0, 0, 7, 21
"d:\workshops\eShop\_bmad\bmm\1-analysis\bmad-document-project\SKILL.md", "Skill", 0, 0, 0, 0, 0, 0, 0, 0, 5, 0, 0, 0, 0, 0, 0, 0, 0, 0, 2, 7
"d:\workshops\eShop\_bmad\bmm\1-analysis\bmad-document-project\checklist.md", "Markdown", 0, 0, 0, 0, 196, 0, 0, 0, 0, 0, 0, 0, 0, 0, 0, 0, 0, 0, 50, 246
"d:\workshops\eShop\_bmad\bmm\1-analysis\bmad-document-project\documentation-requirements.csv", "CSV", 0, 0, 0, 0, 0, 0, 0, 12, 0, 0, 0, 0, 0, 0, 0, 0, 0, 0, 1, 13
"d:\workshops\eShop\_bmad\bmm\1-analysis\bmad-document-project\instructions.md", "Markdown", 0, 0, 0, 0, 95, 0, 0, 0, 0, 0, 0, 0, 0, 0, 0, 0, 0, 0, 34, 129
"d:\workshops\eShop\_bmad\bmm\1-analysis\bmad-document-project\templates\deep-dive-template.md", "Markdown", 0, 0, 0, 0, 213, 0, 0, 0, 0, 0, 0, 0, 0, 0, 0, 0, 0, 0, 133, 346
"d:\workshops\eShop\_bmad\bmm\1-analysis\bmad-document-project\templates\index-template.md", "Markdown", 0, 0, 0, 0, 111, 0, 0, 0, 0, 0, 0, 0, 0, 0, 0, 0, 0, 0, 59, 170
"d:\workshops\eShop\_bmad\bmm\1-analysis\bmad-document-project\templates\project-overview-template.md", "Markdown", 0, 0, 0, 0, 65, 0, 0, 0, 0, 0, 0, 0, 0, 0, 0, 0, 0, 0, 39, 104
"d:\workshops\eShop\_bmad\bmm\1-analysis\bmad-document-project\templates\project-scan-report-schema.json", "JSON", 160, 0, 0, 0, 0, 0, 0, 0, 0, 0, 0, 0, 0, 0, 0, 0, 0, 0, 1, 161
"d:\workshops\eShop\_bmad\bmm\1-analysis\bmad-document-project\templates\source-tree-template.md", "Markdown", 0, 0, 0, 0, 85, 0, 0, 0, 0, 0, 0, 0, 0, 0, 0, 0, 0, 0, 51, 136
"d:\workshops\eShop\_bmad\bmm\1-analysis\bmad-document-project\workflow.md", "Markdown", 0, 0, 0, 0, 17, 0, 0, 0, 0, 0, 0, 0, 0, 0, 0, 0, 0, 0, 11, 28
"d:\workshops\eShop\_bmad\bmm\1-analysis\bmad-document-project\workflows\deep-dive-instructions.md", "Markdown", 0, 0, 0, 0, 221, 0, 0, 0, 0, 0, 0, 0, 0, 0, 0, 0, 0, 0, 79, 300
"d:\workshops\eShop\_bmad\bmm\1-analysis\bmad-document-project\workflows\deep-dive-workflow.md", "Markdown", 0, 0, 0, 0, 21, 0, 0, 0, 0, 0, 0, 0, 0, 0, 0, 0, 0, 0, 14, 35
"d:\workshops\eShop\_bmad\bmm\1-analysis\bmad-document-project\workflows\full-scan-instructions.md", "Markdown", 0, 0, 0, 0, 855, 0, 0, 0, 0, 0, 0, 0, 0, 0, 0, 0, 0, 0, 253, 1108
"d:\workshops\eShop\_bmad\bmm\1-analysis\bmad-document-project\workflows\full-scan-workflow.md", "Markdown", 0, 0, 0, 0, 21, 0, 0, 0, 0, 0, 0, 0, 0, 0, 0, 0, 0, 0, 14, 35
"d:\workshops\eShop\_bmad\bmm\1-analysis\bmad-product-brief\SKILL.md", "Skill", 0, 0, 0, 0, 0, 0, 0, 0, 59, 0, 0, 0, 0, 0, 0, 0, 0, 0, 29, 88
"d:\workshops\eShop\_bmad\bmm\1-analysis\bmad-product-brief\agents\artifact-analyzer.md", "Markdown", 0, 0, 0, 0, 48, 0, 0, 0, 0, 0, 0, 0, 0, 0, 0, 0, 0, 0, 13, 61
"d:\workshops\eShop\_bmad\bmm\1-analysis\bmad-product-brief\agents\opportunity-reviewer.md", "Markdown", 0, 0, 0, 0, 35, 0, 0, 0, 0, 0, 0, 0, 0, 0, 0, 0, 0, 0, 10, 45
"d:\workshops\eShop\_bmad\bmm\1-analysis\bmad-product-brief\agents\skeptic-reviewer.md", "Markdown", 0, 0, 0, 0, 35, 0, 0, 0, 0, 0, 0, 0, 0, 0, 0, 0, 0, 0, 10, 45
"d:\workshops\eShop\_bmad\bmm\1-analysis\bmad-product-brief\agents\web-researcher.md", "Markdown", 0, 0, 0, 0, 39, 0, 0, 0, 0, 0, 0, 0, 0, 0, 0, 0, 0, 0, 11, 50
"d:\workshops\eShop\_bmad\bmm\1-analysis\bmad-product-brief\bmad-manifest.json", "JSON", 17, 0, 0, 0, 0, 0, 0, 0, 0, 0, 0, 0, 0, 0, 0, 0, 0, 0, 1, 18
"d:\workshops\eShop\_bmad\bmm\1-analysis\bmad-product-brief\prompts\contextual-discovery.md", "Markdown", 0, 0, 0, 0, 39, 0, 0, 0, 0, 0, 0, 0, 0, 0, 0, 0, 0, 0, 19, 58
"d:\workshops\eShop\_bmad\bmm\1-analysis\bmad-product-brief\prompts\draft-and-review.md", "Markdown", 0, 0, 0, 0, 57, 0, 0, 0, 0, 0, 0, 0, 0, 0, 0, 0, 0, 0, 30, 87
"d:\workshops\eShop\_bmad\bmm\1-analysis\bmad-product-brief\prompts\finalize.md", "Markdown", 0, 0, 0, 0, 57, 0, 0, 0, 0, 0, 0, 0, 0, 0, 0, 0, 0, 0, 19, 76
"d:\workshops\eShop\_bmad\bmm\1-analysis\bmad-product-brief\prompts\guided-elicitation.md", "Markdown", 0, 0, 0, 0, 49, 0, 0, 0, 0, 0, 0, 0, 0, 0, 0, 0, 0, 0, 22, 71
"d:\workshops\eShop\_bmad\bmm\1-analysis\bmad-product-brief\resources\brief-template.md", "Markdown", 0, 0, 0, 0, 38, 0, 0, 0, 0, 0, 0, 0, 0, 0, 0, 0, 0, 0, 23, 61
"d:\workshops\eShop\_bmad\bmm\1-analysis\research\bmad-domain-research\SKILL.md", "Skill", 0, 0, 0, 0, 0, 0, 0, 0, 5, 0, 0, 0, 0, 0, 0, 0, 0, 0, 2, 7
"d:\workshops\eShop\_bmad\bmm\1-analysis\research\bmad-domain-research\domain-steps\step-01-init.md", "Markdown", 0, 0, 0, 0, 95, 0, 0, 0, 0, 0, 0, 0, 0, 0, 0, 0, 0, 0, 43, 138
"d:\workshops\eShop\_bmad\bmm\1-analysis\research\bmad-domain-research\domain-steps\step-02-domain-analysis.md", "Markdown", 0, 0, 0, 0, 162, 0, 0, 0, 0, 0, 0, 0, 0, 0, 0, 0, 0, 0, 68, 230
"d:\workshops\eShop\_bmad\bmm\1-analysis\research\bmad-domain-research\domain-steps\step-03-competitive-landscape.md", "Markdown", 0, 0, 0, 0, 169, 0, 0, 0, 0, 0, 0, 0, 0, 0, 0, 0, 0, 0, 70, 239
"d:\workshops\eShop\_bmad\bmm\1-analysis\research\bmad-domain-research\domain-steps\step-04-regulatory-focus.md", "Markdown", 0, 0, 0, 0, 138, 0, 0, 0, 0, 0, 0, 0, 0, 0, 0, 0, 0, 0, 69, 207
"d:\workshops\eShop\_bmad\bmm\1-analysis\research\bmad-domain-research\domain-steps\step-05-technical-trends.md", "Markdown", 0, 0, 0, 0, 156, 0, 0, 0, 0, 0, 0, 0, 0, 0, 0, 0, 0, 0, 79, 235
"d:\workshops\eShop\_bmad\bmm\1-analysis\research\bmad-domain-research\domain-steps\step-06-research-synthesis.md", "Markdown", 0, 0, 0, 0, 313, 0, 0, 0, 0, 0, 0, 0, 0, 0, 0, 0, 0, 0, 132, 445
"d:\workshops\eShop\_bmad\bmm\1-analysis\research\bmad-domain-research\research.template.md", "Markdown", 0, 0, 0, 0, 21, 0, 0, 0, 0, 0, 0, 0, 0, 0, 0, 0, 0, 1, 8, 30
"d:\workshops\eShop\_bmad\bmm\1-analysis\research\bmad-domain-research\workflow.md", "Markdown", 0, 0, 0, 0, 32, 0, 0, 0, 0, 0, 0, 0, 0, 0, 0, 0, 0, 0, 18, 50
"d:\workshops\eShop\_bmad\bmm\1-analysis\research\bmad-market-research\SKILL.md", "Skill", 0, 0, 0, 0, 0, 0, 0, 0, 5, 0, 0, 0, 0, 0, 0, 0, 0, 0, 2, 7
"d:\workshops\eShop\_bmad\bmm\1-analysis\research\bmad-market-research\research.template.md", "Markdown", 0, 0, 0, 0, 21, 0, 0, 0, 0, 0, 0, 0, 0, 0, 0, 0, 0, 1, 8, 30
"d:\workshops\eShop\_bmad\bmm\1-analysis\research\bmad-market-research\steps\step-01-init.md", "Markdown", 0, 0, 0, 0, 125, 0, 0, 0, 0, 0, 0, 0, 0, 0, 0, 0, 0, 0, 60, 185
"d:\workshops\eShop\_bmad\bmm\1-analysis\research\bmad-market-research\steps\step-02-customer-behavior.md", "Markdown", 0, 0, 0, 0, 170, 0, 0, 0, 0, 0, 0, 0, 0, 0, 0, 0, 0, 0, 70, 240
"d:\workshops\eShop\_bmad\bmm\1-analysis\research\bmad-market-research\steps\step-03-customer-pain-points.md", "Markdown", 0, 0, 0, 0, 178, 0, 0, 0, 0, 0, 0, 0, 0, 0, 0, 0, 0, 0, 74, 252
"d:\workshops\eShop\_bmad\bmm\1-analysis\research\bmad-market-research\steps\step-04-customer-decisions.md", "Markdown", 0, 0, 0, 0, 186, 0, 0, 0, 0, 0, 0, 0, 0, 0, 0, 0, 0, 0, 76, 262
"d:\workshops\eShop\_bmad\bmm\1-analysis\research\bmad-market-research\steps\step-05-competitive-analysis.md", "Markdown", 0, 0, 0, 0, 115, 0, 0, 0, 0, 0, 0, 0, 0, 0, 0, 0, 0, 0, 59, 174
"d:\workshops\eShop\_bmad\bmm\1-analysis\research\bmad-market-research\steps\step-06-research-completion.md", "Markdown", 0, 0, 0, 0, 336, 0, 0, 0, 0, 0, 0, 0, 0, 0, 0, 0, 0, 0, 143, 479
"d:\workshops\eShop\_bmad\bmm\1-analysis\research\bmad-market-research\workflow.md", "Markdown", 0, 0, 0, 0, 32, 0, 0, 0, 0, 0, 0, 0, 0, 0, 0, 0, 0, 0, 18, 50
"d:\workshops\eShop\_bmad\bmm\1-analysis\research\bmad-technical-research\SKILL.md", "Skill", 0, 0, 0, 0, 0, 0, 0, 0, 5, 0, 0, 0, 0, 0, 0, 0, 0, 0, 2, 7
"d:\workshops\eShop\_bmad\bmm\1-analysis\research\bmad-technical-research\research.template.md", "Markdown", 0, 0, 0, 0, 21, 0, 0, 0, 0, 0, 0, 0, 0, 0, 0, 0, 0, 1, 8, 30
"d:\workshops\eShop\_bmad\bmm\1-analysis\research\bmad-technical-research\technical-steps\step-01-init.md", "Markdown", 0, 0, 0, 0, 95, 0, 0, 0, 0, 0, 0, 0, 0, 0, 0, 0, 0, 0, 43, 138
"d:\workshops\eShop\_bmad\bmm\1-analysis\research\bmad-technical-research\technical-steps\step-02-technical-overview.md", "Markdown", 0, 0, 0, 0, 169, 0, 0, 0, 0, 0, 0, 0, 0, 0, 0, 0, 0, 0, 71, 240
"d:\workshops\eShop\_bmad\bmm\1-analysis\research\bmad-technical-research\technical-steps\step-03-integration-patterns.md", "Markdown", 0, 0, 0, 0, 176, 0, 0, 0, 0, 0, 0, 0, 0, 0, 0, 0, 0, 0, 73, 249
"d:\workshops\eShop\_bmad\bmm\1-analysis\research\bmad-technical-research\technical-steps\step-04-architectural-patterns.md", "Markdown", 0, 0, 0, 0, 135, 0, 0, 0, 0, 0, 0, 0, 0, 0, 0, 0, 0, 0, 68, 203
"d:\workshops\eShop\_bmad\bmm\1-analysis\research\bmad-technical-research\technical-steps\step-05-implementation-research.md", "Markdown", 0, 0, 0, 0, 153, 0, 0, 0, 0, 0, 0, 0, 0, 0, 0, 0, 0, 0, 81, 234
"d:\workshops\eShop\_bmad\bmm\1-analysis\research\bmad-technical-research\technical-steps\step-06-research-synthesis.md", "Markdown", 0, 0, 0, 0, 346, 0, 0, 0, 0, 0, 0, 0, 0, 0, 0, 0, 0, 0, 142, 488
"d:\workshops\eShop\_bmad\bmm\1-analysis\research\bmad-technical-research\workflow.md", "Markdown", 0, 0, 0, 0, 32, 0, 0, 0, 0, 0, 0, 0, 0, 0, 0, 0, 0, 0, 19, 51
"d:\workshops\eShop\_bmad\bmm\2-plan-workflows\bmad-agent-pm\SKILL.md", "Skill", 0, 0, 0, 0, 0, 0, 0, 0, 38, 0, 0, 0, 0, 0, 0, 0, 0, 0, 20, 58
"d:\workshops\eShop\_bmad\bmm\2-plan-workflows\bmad-agent-pm\bmad-skill-manifest.yaml", "YAML", 0, 11, 0, 0, 0, 0, 0, 0, 0, 0, 0, 0, 0, 0, 0, 0, 0, 0, 1, 12
"d:\workshops\eShop\_bmad\bmm\2-plan-workflows\bmad-agent-ux-designer\SKILL.md", "Skill", 0, 0, 0, 0, 0, 0, 0, 0, 34, 0, 0, 0, 0, 0, 0, 0, 0, 0, 20, 54
"d:\workshops\eShop\_bmad\bmm\2-plan-workflows\bmad-agent-ux-designer\bmad-skill-manifest.yaml", "YAML", 0, 11, 0, 0, 0, 0, 0, 0, 0, 0, 0, 0, 0, 0, 0, 0, 0, 0, 1, 12
"d:\workshops\eShop\_bmad\bmm\2-plan-workflows\bmad-create-prd\SKILL.md", "Skill", 0, 0, 0, 0, 0, 0, 0, 0, 5, 0, 0, 0, 0, 0, 0, 0, 0, 0, 2, 7
"d:\workshops\eShop\_bmad\bmm\2-plan-workflows\bmad-create-prd\data\domain-complexity.csv", "CSV", 0, 0, 0, 0, 0, 0, 0, 15, 0, 0, 0, 0, 0, 0, 0, 0, 0, 0, 0, 15
"d:\workshops\eShop\_bmad\bmm\2-plan-workflows\bmad-create-prd\data\prd-purpose.md", "Markdown", 0, 0, 0, 0, 137, 0, 0, 0, 0, 0, 0, 0, 0, 0, 0, 0, 0, 0, 61, 198
"d:\workshops\eShop\_bmad\bmm\2-plan-workflows\bmad-create-prd\data\project-types.csv", "CSV", 0, 0, 0, 0, 0, 0, 0, 11, 0, 0, 0, 0, 0, 0, 0, 0, 0, 0, 0, 11
"d:\workshops\eShop\_bmad\bmm\2-plan-workflows\bmad-create-prd\steps-c\step-01-init.md", "Markdown", 0, 0, 0, 0, 117, 0, 0, 0, 0, 0, 0, 0, 0, 0, 0, 0, 0, 0, 62, 179
"d:\workshops\eShop\_bmad\bmm\2-plan-workflows\bmad-create-prd\steps-c\step-01b-continue.md", "Markdown", 0, 0, 0, 0, 109, 0, 0, 0, 0, 0, 0, 0, 0, 0, 0, 0, 0, 0, 53, 162
"d:\workshops\eShop\_bmad\bmm\2-plan-workflows\bmad-create-prd\steps-c\step-02-discovery.md", "Markdown", 0, 0, 0, 0, 144, 0, 0, 0, 0, 0, 0, 0, 0, 0, 0, 0, 0, 0, 65, 209
"d:\workshops\eShop\_bmad\bmm\2-plan-workflows\bmad-create-prd\steps-c\step-02b-vision.md", "Markdown", 0, 0, 0, 0, 93, 0, 0, 0, 0, 0, 0, 0, 0, 0, 0, 0, 0, 0, 50, 143
"d:\workshops\eShop\_bmad\bmm\2-plan-workflows\bmad-create-prd\steps-c\step-02c-executive-summary.md", "Markdown", 0, 0, 0, 0, 107, 0, 0, 0, 0, 0, 0, 0, 0, 0, 0, 0, 0, 0, 52, 159
"d:\workshops\eShop\_bmad\bmm\2-plan-workflows\bmad-create-prd\steps-c\step-03-success.md", "Markdown", 0, 0, 0, 0, 148, 0, 0, 0, 0, 0, 0, 0, 0, 0, 0, 0, 0, 0, 67, 215
"d:\workshops\eShop\_bmad\bmm\2-plan-workflows\bmad-create-prd\steps-c\step-04-journeys.md", "Markdown", 0, 0, 0, 0, 144, 0, 0, 0, 0, 0, 0, 0, 0, 0, 0, 0, 0, 0, 58, 202
"d:\workshops\eShop\_bmad\bmm\2-plan-workflows\bmad-create-prd\steps-c\step-05-domain.md", "Markdown", 0, 0, 0, 0, 132, 0, 0, 0, 0, 0, 0, 0, 0, 0, 0, 0, 0, 0, 63, 195
"d:\workshops\eShop\_bmad\bmm\2-plan-workflows\bmad-create-prd\steps-c\step-06-innovation.md", "Markdown", 0, 0, 0, 0, 144, 0, 0, 0, 0, 0, 0, 0, 0, 0, 0, 0, 0, 0, 68, 212
"d:\workshops\eShop\_bmad\bmm\2-plan-workflows\bmad-create-prd\steps-c\step-07-project-type.md", "Markdown", 0, 0, 0, 0, 145, 0, 0, 0, 0, 0, 0, 0, 0, 0, 0, 0, 0, 0, 78, 223
"d:\workshops\eShop\_bmad\bmm\2-plan-workflows\bmad-create-prd\steps-c\step-08-scoping.md", "Markdown", 0, 0, 0, 0, 151, 0, 0, 0, 0, 0, 0, 0, 0, 0, 0, 0, 0, 0, 66, 217
"d:\workshops\eShop\_bmad\bmm\2-plan-workflows\bmad-create-prd\steps-c\step-09-functional.md", "Markdown", 0, 0, 0, 0, 148, 0, 0, 0, 0, 0, 0, 0, 0, 0, 0, 0, 0, 0, 72, 220
"d:\workshops\eShop\_bmad\bmm\2-plan-workflows\bmad-create-prd\steps-c\step-10-nonfunctional.md", "Markdown", 0, 0, 0, 0, 155, 0, 0, 0, 0, 0, 0, 0, 0, 0, 0, 0, 0, 0, 76, 231
"d:\workshops\eShop\_bmad\bmm\2-plan-workflows\bmad-create-prd\steps-c\step-11-polish.md", "Markdown", 0, 0, 0, 0, 167, 0, 0, 0, 0, 0, 0, 0, 0, 0, 0, 0, 0, 0, 55, 222
"d:\workshops\eShop\_bmad\bmm\2-plan-workflows\bmad-create-prd\steps-c\step-12-complete.md", "Markdown", 0, 0, 0, 0, 80, 0, 0, 0, 0, 0, 0, 0, 0, 0, 0, 0, 0, 0, 36, 116
"d:\workshops\eShop\_bmad\bmm\2-plan-workflows\bmad-create-prd\templates\prd-template.md", "Markdown", 0, 0, 0, 0, 8, 0, 0, 0, 0, 0, 0, 0, 0, 0, 0, 0, 0, 0, 3, 11
"d:\workshops\eShop\_bmad\bmm\2-plan-workflows\bmad-create-prd\workflow.md", "Markdown", 0, 0, 0, 0, 42, 0, 0, 0, 0, 0, 0, 0, 0, 0, 0, 0, 0, 0, 21, 63
"d:\workshops\eShop\_bmad\bmm\2-plan-workflows\bmad-create-ux-design\SKILL.md", "Skill", 0, 0, 0, 0, 0, 0, 0, 0, 5, 0, 0, 0, 0, 0, 0, 0, 0, 0, 2, 7
"d:\workshops\eShop\_bmad\bmm\2-plan-workflows\bmad-create-ux-design\steps\step-01-init.md", "Markdown", 0, 0, 0, 0, 90, 0, 0, 0, 0, 0, 0, 0, 0, 0, 0, 0, 0, 0, 46, 136
"d:\workshops\eShop\_bmad\bmm\2-plan-workflows\bmad-create-ux-design\steps\step-01b-continue.md", "Markdown", 0, 0, 0, 0, 83, 0, 0, 0, 0, 0, 0, 0, 0, 0, 0, 0, 0, 0, 45, 128
"d:\workshops\eShop\_bmad\bmm\2-plan-workflows\bmad-create-ux-design\steps\step-02-discovery.md", "Markdown", 0, 0, 0, 0, 122, 0, 0, 0, 0, 0, 0, 0, 0, 0, 0, 0, 0, 0, 69, 191
"d:\workshops\eShop\_bmad\bmm\2-plan-workflows\bmad-create-ux-design\steps\step-03-core-experience.md", "Markdown", 0, 0, 0, 0, 145, 0, 0, 0, 0, 0, 0, 0, 0, 0, 0, 0, 0, 0, 73, 218
"d:\workshops\eShop\_bmad\bmm\2-plan-workflows\bmad-create-ux-design\steps\step-04-emotional-response.md", "Markdown", 0, 0, 0, 0, 147, 0, 0, 0, 0, 0, 0, 0, 0, 0, 0, 0, 0, 0, 74, 221
"d:\workshops\eShop\_bmad\bmm\2-plan-workflows\bmad-create-ux-design\steps\step-05-inspiration.md", "Markdown", 0, 0, 0, 0, 154, 0, 0, 0, 0, 0, 0, 0, 0, 0, 0, 0, 0, 0, 82, 236
"d:\workshops\eShop\_bmad\bmm\2-plan-workflows\bmad-create-ux-design\steps\step-06-design-system.md", "Markdown", 0, 0, 0, 0, 170, 0, 0, 0, 0, 0, 0, 0, 0, 0, 0, 0, 0, 0, 84, 254
"d:\workshops\eShop\_bmad\bmm\2-plan-workflows\bmad-create-ux-design\steps\step-07-defining-experience.md", "Markdown", 0, 0, 0, 0, 171, 0, 0, 0, 0, 0, 0, 0, 0, 0, 0, 0, 0, 0, 85, 256
"d:\workshops\eShop\_bmad\bmm\2-plan-workflows\bmad-create-ux-design\steps\step-08-visual-foundation.md", "Markdown", 0, 0, 0, 0, 149, 0, 0, 0, 0, 0, 0, 0, 0, 0, 0, 0, 0, 0, 77, 226
"d:\workshops\eShop\_bmad\bmm\2-plan-workflows\bmad-create-ux-design\steps\step-09-design-directions.md", "Markdown", 0, 0, 0, 0, 151, 0, 0, 0, 0, 0, 0, 0, 0, 0, 0, 0, 0, 0, 75, 226
"d:\workshops\eShop\_bmad\bmm\2-plan-workflows\bmad-create-ux-design\steps\step-10-user-journeys.md", "Markdown", 0, 0, 0, 0, 161, 0, 0, 0, 0, 0, 0, 0, 0, 0, 0, 0, 0, 0, 82, 243
"d:\workshops\eShop\_bmad\bmm\2-plan-workflows\bmad-create-ux-design\steps\step-11-component-strategy.md", "Markdown", 0, 0, 0, 0, 165, 0, 0, 0, 0, 0, 0, 0, 0, 0, 0, 0, 0, 0, 85, 250
"d:\workshops\eShop\_bmad\bmm\2-plan-workflows\bmad-create-ux-design\steps\step-12-ux-patterns.md", "Markdown", 0, 0, 0, 0, 159, 0, 0, 0, 0, 0, 0, 0, 0, 0, 0, 0, 0, 0, 80, 239
"d:\workshops\eShop\_bmad\bmm\2-plan-workflows\bmad-create-ux-design\steps\step-13-responsive-accessibility.md", "Markdown", 0, 0, 0, 0, 176, 0, 0, 0, 0, 0, 0, 0, 0, 0, 0, 0, 0, 0, 90, 266
"d:\workshops\eShop\_bmad\bmm\2-plan-workflows\bmad-create-ux-design\steps\step-14-complete.md", "Markdown", 0, 0, 0, 0, 119, 0, 0, 0, 0, 0, 0, 0, 0, 0, 0, 0, 0, 0, 53, 172
"d:\workshops\eShop\_bmad\bmm\2-plan-workflows\bmad-create-ux-design\ux-design-template.md", "Markdown", 0, 0, 0, 0, 8, 0, 0, 0, 0, 0, 0, 0, 0, 0, 0, 0, 0, 1, 5, 14
"d:\workshops\eShop\_bmad\bmm\2-plan-workflows\bmad-create-ux-design\workflow.md", "Markdown", 0, 0, 0, 0, 22, 0, 0, 0, 0, 0, 0, 0, 0, 0, 0, 0, 0, 0, 15, 37
"d:\workshops\eShop\_bmad\bmm\2-plan-workflows\bmad-edit-prd\SKILL.md", "Skill", 0, 0, 0, 0, 0, 0, 0, 0, 5, 0, 0, 0, 0, 0, 0, 0, 0, 0, 2, 7
"d:\workshops\eShop\_bmad\bmm\2-plan-workflows\bmad-edit-prd\steps-e\step-e-01-discovery.md", "Markdown", 0, 0, 0, 0, 162, 0, 0, 0, 0, 0, 0, 0, 0, 0, 0, 0, 0, 0, 81, 243
"d:\workshops\eShop\_bmad\bmm\2-plan-workflows\bmad-edit-prd\steps-e\step-e-01b-legacy-conversion.md", "Markdown", 0, 0, 0, 0, 141, 0, 0, 0, 0, 0, 0, 0, 0, 0, 0, 0, 0, 0, 64, 205
"d:\workshops\eShop\_bmad\bmm\2-plan-workflows\bmad-edit-prd\steps-e\step-e-02-review.md", "Markdown", 0, 0, 0, 0, 175, 0, 0, 0, 0, 0, 0, 0, 0, 0, 0, 0, 0, 0, 71, 246
"d:\workshops\eShop\_bmad\bmm\2-plan-workflows\bmad-edit-prd\steps-e\step-e-03-edit.md", "Markdown", 0, 0, 0, 0, 182, 0, 0, 0, 0, 0, 0, 0, 0, 0, 0, 0, 0, 0, 69, 251
"d:\workshops\eShop\_bmad\bmm\2-plan-workflows\bmad-edit-prd\steps-e\step-e-04-complete.md", "Markdown", 0, 0, 0, 0, 117, 0, 0, 0, 0, 0, 0, 0, 0, 0, 0, 0, 0, 0, 49, 166
"d:\workshops\eShop\_bmad\bmm\2-plan-workflows\bmad-edit-prd\workflow.md", "Markdown", 0, 0, 0, 0, 42, 0, 0, 0, 0, 0, 0, 0, 0, 0, 0, 0, 0, 0, 22, 64
"d:\workshops\eShop\_bmad\bmm\2-plan-workflows\bmad-validate-prd\SKILL.md", "Skill", 0, 0, 0, 0, 0, 0, 0, 0, 5, 0, 0, 0, 0, 0, 0, 0, 0, 0, 2, 7
"d:\workshops\eShop\_bmad\bmm\2-plan-workflows\bmad-validate-prd\data\domain-complexity.csv", "CSV", 0, 0, 0, 0, 0, 0, 0, 15, 0, 0, 0, 0, 0, 0, 0, 0, 0, 0, 0, 15
"d:\workshops\eShop\_bmad\bmm\2-plan-workflows\bmad-validate-prd\data\prd-purpose.md", "Markdown", 0, 0, 0, 0, 137, 0, 0, 0, 0, 0, 0, 0, 0, 0, 0, 0, 0, 0, 61, 198
"d:\workshops\eShop\_bmad\bmm\2-plan-workflows\bmad-validate-prd\data\project-types.csv", "CSV", 0, 0, 0, 0, 0, 0, 0, 11, 0, 0, 0, 0, 0, 0, 0, 0, 0, 0, 0, 11
"d:\workshops\eShop\_bmad\bmm\2-plan-workflows\bmad-validate-prd\steps-v\step-v-01-discovery.md", "Markdown", 0, 0, 0, 0, 150, 0, 0, 0, 0, 0, 0, 0, 0, 0, 0, 0, 0, 0, 72, 222
"d:\workshops\eShop\_bmad\bmm\2-plan-workflows\bmad-validate-prd\steps-v\step-v-02-format-detection.md", "Markdown", 0, 0, 0, 0, 130, 0, 0, 0, 0, 0, 0, 0, 0, 0, 0, 0, 0, 0, 59, 189
"d:\workshops\eShop\_bmad\bmm\2-plan-workflows\bmad-validate-prd\steps-v\step-v-02b-parity-check.md", "Markdown", 0, 0, 0, 0, 146, 0, 0, 0, 0, 0, 0, 0, 0, 0, 0, 0, 0, 0, 61, 207
"d:\workshops\eShop\_bmad\bmm\2-plan-workflows\bmad-validate-prd\steps-v\step-v-03-density-validation.md", "Markdown", 0, 0, 0, 0, 120, 0, 0, 0, 0, 0, 0, 0, 0, 0, 0, 0, 0, 0, 52, 172
"d:\workshops\eShop\_bmad\bmm\2-plan-workflows\bmad-validate-prd\steps-v\step-v-04-brief-coverage-validation.md", "Markdown", 0, 0, 0, 0, 148, 0, 0, 0, 0, 0, 0, 0, 0, 0, 0, 0, 0, 0, 64, 212
"d:\workshops\eShop\_bmad\bmm\2-plan-workflows\bmad-validate-prd\steps-v\step-v-05-measurability-validation.md", "Markdown", 0, 0, 0, 0, 155, 0, 0, 0, 0, 0, 0, 0, 0, 0, 0, 0, 0, 0, 71, 226
"d:\workshops\eShop\_bmad\bmm\2-plan-workflows\bmad-validate-prd\steps-v\step-v-06-traceability-validation.md", "Markdown", 0, 0, 0, 0, 149, 0, 0, 0, 0, 0, 0, 0, 0, 0, 0, 0, 0, 0, 66, 215
"d:\workshops\eShop\_bmad\bmm\2-plan-workflows\bmad-validate-prd\steps-v\step-v-07-implementation-leakage-validation.md", "Markdown", 0, 0, 0, 0, 136, 0, 0, 0, 0, 0, 0, 0, 0, 0, 0, 0, 0, 0, 67, 203
"d:\workshops\eShop\_bmad\bmm\2-plan-workflows\bmad-validate-prd\steps-v\step-v-08-domain-compliance-validation.md", "Markdown", 0, 0, 0, 0, 169, 0, 0, 0, 0, 0, 0, 0, 0, 0, 0, 0, 0, 0, 72, 241
"d:\workshops\eShop\_bmad\bmm\2-plan-workflows\bmad-validate-prd\steps-v\step-v-09-project-type-validation.md", "Markdown", 0, 0, 0, 0, 182, 0, 0, 0, 0, 0, 0, 0, 0, 0, 0, 0, 0, 0, 79, 261
"d:\workshops\eShop\_bmad\bmm\2-plan-workflows\bmad-validate-prd\steps-v\step-v-10-smart-validation.md", "Markdown", 0, 0, 0, 0, 145, 0, 0, 0, 0, 0, 0, 0, 0, 0, 0, 0, 0, 0, 62, 207
"d:\workshops\eShop\_bmad\bmm\2-plan-workflows\bmad-validate-prd\steps-v\step-v-11-holistic-quality-validation.md", "Markdown", 0, 0, 0, 0, 188, 0, 0, 0, 0, 0, 0, 0, 0, 0, 0, 0, 0, 0, 74, 262
"d:\workshops\eShop\_bmad\bmm\2-plan-workflows\bmad-validate-prd\steps-v\step-v-12-completeness-validation.md", "Markdown", 0, 0, 0, 0, 170, 0, 0, 0, 0, 0, 0, 0, 0, 0, 0, 0, 0, 0, 70, 240
"d:\workshops\eShop\_bmad\bmm\2-plan-workflows\bmad-validate-prd\steps-v\step-v-13-report-complete.md", "Markdown", 0, 0, 0, 0, 171, 0, 0, 0, 0, 0, 0, 0, 0, 0, 0, 0, 0, 0, 59, 230
"d:\workshops\eShop\_bmad\bmm\2-plan-workflows\bmad-validate-prd\workflow.md", "Markdown", 0, 0, 0, 0, 42, 0, 0, 0, 0, 0, 0, 0, 0, 0, 0, 0, 0, 0, 21, 63
"d:\workshops\eShop\_bmad\bmm\2-plan-workflows\create-prd\data\domain-complexity.csv", "CSV", 0, 0, 0, 0, 0, 0, 0, 15, 0, 0, 0, 0, 0, 0, 0, 0, 0, 0, 0, 15
"d:\workshops\eShop\_bmad\bmm\2-plan-workflows\create-prd\data\prd-purpose.md", "Markdown", 0, 0, 0, 0, 137, 0, 0, 0, 0, 0, 0, 0, 0, 0, 0, 0, 0, 0, 61, 198
"d:\workshops\eShop\_bmad\bmm\2-plan-workflows\create-prd\data\project-types.csv", "CSV", 0, 0, 0, 0, 0, 0, 0, 11, 0, 0, 0, 0, 0, 0, 0, 0, 0, 0, 0, 11
"d:\workshops\eShop\_bmad\bmm\2-plan-workflows\create-prd\steps-v\step-v-01-discovery.md", "Markdown", 0, 0, 0, 0, 152, 0, 0, 0, 0, 0, 0, 0, 0, 0, 0, 0, 0, 0, 73, 225
"d:\workshops\eShop\_bmad\bmm\2-plan-workflows\create-prd\steps-v\step-v-02-format-detection.md", "Markdown", 0, 0, 0, 0, 132, 0, 0, 0, 0, 0, 0, 0, 0, 0, 0, 0, 0, 0, 60, 192
"d:\workshops\eShop\_bmad\bmm\2-plan-workflows\create-prd\steps-v\step-v-02b-parity-check.md", "Markdown", 0, 0, 0, 0, 148, 0, 0, 0, 0, 0, 0, 0, 0, 0, 0, 0, 0, 0, 62, 210
"d:\workshops\eShop\_bmad\bmm\2-plan-workflows\create-prd\steps-v\step-v-03-density-validation.md", "Markdown", 0, 0, 0, 0, 122, 0, 0, 0, 0, 0, 0, 0, 0, 0, 0, 0, 0, 0, 53, 175
"d:\workshops\eShop\_bmad\bmm\2-plan-workflows\create-prd\steps-v\step-v-04-brief-coverage-validation.md", "Markdown", 0, 0, 0, 0, 150, 0, 0, 0, 0, 0, 0, 0, 0, 0, 0, 0, 0, 0, 65, 215
"d:\workshops\eShop\_bmad\bmm\2-plan-workflows\create-prd\steps-v\step-v-05-measurability-validation.md", "Markdown", 0, 0, 0, 0, 157, 0, 0, 0, 0, 0, 0, 0, 0, 0, 0, 0, 0, 0, 72, 229
"d:\workshops\eShop\_bmad\bmm\2-plan-workflows\create-prd\steps-v\step-v-06-traceability-validation.md", "Markdown", 0, 0, 0, 0, 151, 0, 0, 0, 0, 0, 0, 0, 0, 0, 0, 0, 0, 0, 67, 218
"d:\workshops\eShop\_bmad\bmm\2-plan-workflows\create-prd\steps-v\step-v-07-implementation-leakage-validation.md", "Markdown", 0, 0, 0, 0, 138, 0, 0, 0, 0, 0, 0, 0, 0, 0, 0, 0, 0, 0, 68, 206
"d:\workshops\eShop\_bmad\bmm\2-plan-workflows\create-prd\steps-v\step-v-08-domain-compliance-validation.md", "Markdown", 0, 0, 0, 0, 171, 0, 0, 0, 0, 0, 0, 0, 0, 0, 0, 0, 0, 0, 73, 244
"d:\workshops\eShop\_bmad\bmm\2-plan-workflows\create-prd\steps-v\step-v-09-project-type-validation.md", "Markdown", 0, 0, 0, 0, 184, 0, 0, 0, 0, 0, 0, 0, 0, 0, 0, 0, 0, 0, 80, 264
"d:\workshops\eShop\_bmad\bmm\2-plan-workflows\create-prd\steps-v\step-v-10-smart-validation.md", "Markdown", 0, 0, 0, 0, 147, 0, 0, 0, 0, 0, 0, 0, 0, 0, 0, 0, 0, 0, 63, 210
"d:\workshops\eShop\_bmad\bmm\2-plan-workflows\create-prd\steps-v\step-v-11-holistic-quality-validation.md", "Markdown", 0, 0, 0, 0, 190, 0, 0, 0, 0, 0, 0, 0, 0, 0, 0, 0, 0, 0, 75, 265
"d:\workshops\eShop\_bmad\bmm\2-plan-workflows\create-prd\steps-v\step-v-12-completeness-validation.md", "Markdown", 0, 0, 0, 0, 172, 0, 0, 0, 0, 0, 0, 0, 0, 0, 0, 0, 0, 0, 71, 243
"d:\workshops\eShop\_bmad\bmm\2-plan-workflows\create-prd\steps-v\step-v-13-report-complete.md", "Markdown", 0, 0, 0, 0, 173, 0, 0, 0, 0, 0, 0, 0, 0, 0, 0, 0, 0, 0, 60, 233
"d:\workshops\eShop\_bmad\bmm\2-plan-workflows\create-prd\workflow-validate-prd.md", "Markdown", 0, 0, 0, 0, 45, 0, 0, 0, 0, 0, 0, 0, 0, 0, 0, 0, 0, 0, 21, 66
"d:\workshops\eShop\_bmad\bmm\3-solutioning\bmad-agent-architect\SKILL.md", "Skill", 0, 0, 0, 0, 0, 0, 0, 0, 33, 0, 0, 0, 0, 0, 0, 0, 0, 0, 20, 53
"d:\workshops\eShop\_bmad\bmm\3-solutioning\bmad-agent-architect\bmad-skill-manifest.yaml", "YAML", 0, 11, 0, 0, 0, 0, 0, 0, 0, 0, 0, 0, 0, 0, 0, 0, 0, 0, 1, 12
"d:\workshops\eShop\_bmad\bmm\3-solutioning\bmad-check-implementation-readiness\SKILL.md", "Skill", 0, 0, 0, 0, 0, 0, 0, 0, 5, 0, 0, 0, 0, 0, 0, 0, 0, 0, 2, 7
"d:\workshops\eShop\_bmad\bmm\3-solutioning\bmad-check-implementation-readiness\steps\step-01-document-discovery.md", "Markdown", 0, 0, 0, 0, 115, 0, 0, 0, 0, 0, 0, 0, 0, 0, 0, 0, 0, 0, 65, 180
"d:\workshops\eShop\_bmad\bmm\3-solutioning\bmad-check-implementation-readiness\steps\step-02-prd-analysis.md", "Markdown", 0, 0, 0, 0, 111, 0, 0, 0, 0, 0, 0, 0, 0, 0, 0, 0, 0, 0, 58, 169
"d:\workshops\eShop\_bmad\bmm\3-solutioning\bmad-check-implementation-readiness\steps\step-03-epic-coverage-validation.md", "Markdown", 0, 0, 0, 0, 110, 0, 0, 0, 0, 0, 0, 0, 0, 0, 0, 0, 0, 0, 60, 170
"d:\workshops\eShop\_bmad\bmm\3-solutioning\bmad-check-implementation-readiness\steps\step-04-ux-alignment.md", "Markdown", 0, 0, 0, 0, 81, 0, 0, 0, 0, 0, 0, 0, 0, 0, 0, 0, 0, 0, 49, 130
"d:\workshops\eShop\_bmad\bmm\3-solutioning\bmad-check-implementation-readiness\steps\step-05-epic-quality-review.md", "Markdown", 0, 0, 0, 0, 157, 0, 0, 0, 0, 0, 0, 0, 0, 0, 0, 0, 0, 0, 85, 242
"d:\workshops\eShop\_bmad\bmm\3-solutioning\bmad-check-implementation-readiness\steps\step-06-final-assessment.md", "Markdown", 0, 0, 0, 0, 80, 0, 0, 0, 0, 0, 0, 0, 0, 0, 0, 0, 0, 0, 47, 127
"d:\workshops\eShop\_bmad\bmm\3-solutioning\bmad-check-implementation-readiness\templates\readiness-report-template.md", "Markdown", 0, 0, 0, 0, 3, 0, 0, 0, 0, 0, 0, 0, 0, 0, 0, 0, 0, 0, 2, 5
"d:\workshops\eShop\_bmad\bmm\3-solutioning\bmad-check-implementation-readiness\workflow.md", "Markdown", 0, 0, 0, 0, 33, 0, 0, 0, 0, 0, 0, 0, 0, 0, 0, 0, 0, 0, 17, 50
"d:\workshops\eShop\_bmad\bmm\3-solutioning\bmad-create-architecture\SKILL.md", "Skill", 0, 0, 0, 0, 0, 0, 0, 0, 5, 0, 0, 0, 0, 0, 0, 0, 0, 0, 2, 7
"d:\workshops\eShop\_bmad\bmm\3-solutioning\bmad-create-architecture\architecture-decision-template.md", "Markdown", 0, 0, 0, 0, 10, 0, 0, 0, 0, 0, 0, 0, 0, 0, 0, 0, 0, 0, 3, 13
"d:\workshops\eShop\_bmad\bmm\3-solutioning\bmad-create-architecture\data\domain-complexity.csv", "CSV", 0, 0, 0, 0, 0, 0, 0, 13, 0, 0, 0, 0, 0, 0, 0, 0, 0, 0, 0, 13
"d:\workshops\eShop\_bmad\bmm\3-solutioning\bmad-create-architecture\data\project-types.csv", "CSV", 0, 0, 0, 0, 0, 0, 0, 7, 0, 0, 0, 0, 0, 0, 0, 0, 0, 0, 0, 7
"d:\workshops\eShop\_bmad\bmm\3-solutioning\bmad-create-architecture\steps\step-01-init.md", "Markdown", 0, 0, 0, 0, 103, 0, 0, 0, 0, 0, 0, 0, 0, 0, 0, 0, 0, 0, 51, 154
"d:\workshops\eShop\_bmad\bmm\3-solutioning\bmad-create-architecture\steps\step-01b-continue.md", "Markdown", 0, 0, 0, 0, 117, 0, 0, 0, 0, 0, 0, 0, 0, 0, 0, 0, 0, 0, 57, 174
"d:\workshops\eShop\_bmad\bmm\3-solutioning\bmad-create-architecture\steps\step-02-context.md", "Markdown", 0, 0, 0, 0, 152, 0, 0, 0, 0, 0, 0, 0, 0, 0, 0, 0, 0, 0, 73, 225
"d:\workshops\eShop\_bmad\bmm\3-solutioning\bmad-create-architecture\steps\step-03-starter.md", "Markdown", 0, 0, 0, 0, 222, 0, 0, 0, 0, 0, 0, 0, 0, 0, 0, 0, 0, 0, 108, 330
"d:\workshops\eShop\_bmad\bmm\3-solutioning\bmad-create-architecture\steps\step-04-decisions.md", "Markdown", 0, 0, 0, 0, 212, 0, 0, 0, 0, 0, 0, 0, 0, 0, 0, 0, 0, 0, 107, 319
"d:\workshops\eShop\_bmad\bmm\3-solutioning\bmad-create-architecture\steps\step-05-patterns.md", "Markdown", 0, 0, 0, 0, 242, 0, 0, 0, 0, 0, 0, 0, 0, 0, 0, 0, 0, 0, 118, 360
"d:\workshops\eShop\_bmad\bmm\3-solutioning\bmad-create-architecture\steps\step-06-structure.md", "Markdown", 0, 0, 0, 0, 276, 0, 0, 0, 0, 0, 0, 0, 0, 0, 0, 0, 0, 0, 104, 380
"d:\workshops\eShop\_bmad\bmm\3-solutioning\bmad-create-architecture\steps\step-07-validation.md", "Markdown", 0, 0, 0, 0, 238, 0, 0, 0, 0, 0, 0, 0, 0, 0, 0, 0, 0, 0, 122, 360
"d:\workshops\eShop\_bmad\bmm\3-solutioning\bmad-create-architecture\steps\step-08-complete.md", "Markdown", 0, 0, 0, 0, 52, 0, 0, 0, 0, 0, 0, 0, 0, 0, 0, 0, 0, 0, 25, 77
"d:\workshops\eShop\_bmad\bmm\3-solutioning\bmad-create-architecture\workflow.md", "Markdown", 0, 0, 0, 0, 23, 0, 0, 0, 0, 0, 0, 0, 0, 0, 0, 0, 0, 0, 16, 39
"d:\workshops\eShop\_bmad\bmm\3-solutioning\bmad-create-epics-and-stories\SKILL.md", "Skill", 0, 0, 0, 0, 0, 0, 0, 0, 5, 0, 0, 0, 0, 0, 0, 0, 0, 0, 2, 7
"d:\workshops\eShop\_bmad\bmm\3-solutioning\bmad-create-epics-and-stories\steps\step-01-validate-prerequisites.md", "Markdown", 0, 0, 0, 0, 168, 0, 0, 0, 0, 0, 0, 0, 0, 0, 0, 0, 0, 0, 88, 256
"d:\workshops\eShop\_bmad\bmm\3-solutioning\bmad-create-epics-and-stories\steps\step-02-design-epics.md", "Markdown", 0, 0, 0, 0, 143, 0, 0, 0, 0, 0, 0, 0, 0, 0, 0, 0, 0, 0, 70, 213
"d:\workshops\eShop\_bmad\bmm\3-solutioning\bmad-create-epics-and-stories\steps\step-03-create-stories.md", "Markdown", 0, 0, 0, 0, 173, 0, 0, 0, 0, 0, 0, 0, 0, 0, 0, 0, 0, 0, 83, 256
"d:\workshops\eShop\_bmad\bmm\3-solutioning\bmad-create-epics-and-stories\steps\step-04-final-validation.md", "Markdown", 0, 0, 0, 0, 89, 0, 0, 0, 0, 0, 0, 0, 0, 0, 0, 0, 0, 0, 43, 132
"d:\workshops\eShop\_bmad\bmm\3-solutioning\bmad-create-epics-and-stories\templates\epics-template.md", "Markdown", 0, 0, 0, 0, 31, 0, 0, 0, 0, 0, 0, 0, 0, 0, 0, 0, 0, 4, 27, 62
"d:\workshops\eShop\_bmad\bmm\3-solutioning\bmad-create-epics-and-stories\workflow.md", "Markdown", 0, 0, 0, 0, 35, 0, 0, 0, 0, 0, 0, 0, 0, 0, 0, 0, 0, 0, 19, 54
"d:\workshops\eShop\_bmad\bmm\3-solutioning\bmad-generate-project-context\SKILL.md", "Skill", 0, 0, 0, 0, 0, 0, 0, 0, 5, 0, 0, 0, 0, 0, 0, 0, 0, 0, 2, 7
"d:\workshops\eShop\_bmad\bmm\3-solutioning\bmad-generate-project-context\project-context-template.md", "Markdown", 0, 0, 0, 0, 14, 0, 0, 0, 0, 0, 0, 0, 0, 0, 0, 0, 0, 0, 8, 22
"d:\workshops\eShop\_bmad\bmm\3-solutioning\bmad-generate-project-context\steps\step-01-discover.md", "Markdown", 0, 0, 0, 0, 123, 0, 0, 0, 0, 0, 0, 0, 0, 0, 0, 0, 0, 0, 64, 187
"d:\workshops\eShop\_bmad\bmm\3-solutioning\bmad-generate-project-context\steps\step-02-generate.md", "Markdown", 0, 0, 0, 0, 204, 0, 0, 0, 0, 0, 0, 0, 0, 0, 0, 0, 0, 0, 118, 322
"d:\workshops\eShop\_bmad\bmm\3-solutioning\bmad-generate-project-context\steps\step-03-complete.md", "Markdown", 0, 0, 0, 0, 185, 0, 0, 0, 0, 0, 0, 0, 0, 0, 0, 0, 0, 0, 94, 279
"d:\workshops\eShop\_bmad\bmm\3-solutioning\bmad-generate-project-context\workflow.md", "Markdown", 0, 0, 0, 0, 26, 0, 0, 0, 0, 0, 0, 0, 0, 0, 0, 0, 0, 0, 18, 44
"d:\workshops\eShop\_bmad\bmm\4-implementation\bmad-agent-dev\SKILL.md", "Skill", 0, 0, 0, 0, 0, 0, 0, 0, 41, 0, 0, 0, 0, 0, 0, 0, 0, 0, 22, 63
"d:\workshops\eShop\_bmad\bmm\4-implementation\bmad-agent-dev\bmad-skill-manifest.yaml", "YAML", 0, 11, 0, 0, 0, 0, 0, 0, 0, 0, 0, 0, 0, 0, 0, 0, 0, 0, 1, 12
"d:\workshops\eShop\_bmad\bmm\4-implementation\bmad-agent-qa\SKILL.md", "Skill", 0, 0, 0, 0, 0, 0, 0, 0, 37, 0, 0, 0, 0, 0, 0, 0, 0, 0, 23, 60
"d:\workshops\eShop\_bmad\bmm\4-implementation\bmad-agent-qa\bmad-skill-manifest.yaml", "YAML", 0, 11, 0, 0, 0, 0, 0, 0, 0, 0, 0, 0, 0, 0, 0, 0, 0, 0, 1, 12
"d:\workshops\eShop\_bmad\bmm\4-implementation\bmad-agent-quick-flow-solo-dev\SKILL.md", "Skill", 0, 0, 0, 0, 0, 0, 0, 0, 32, 0, 0, 0, 0, 0, 0, 0, 0, 0, 20, 52
"d:\workshops\eShop\_bmad\bmm\4-implementation\bmad-agent-quick-flow-solo-dev\bmad-skill-manifest.yaml", "YAML", 0, 11, 0, 0, 0, 0, 0, 0, 0, 0, 0, 0, 0, 0, 0, 0, 0, 0, 1, 12
"d:\workshops\eShop\_bmad\bmm\4-implementation\bmad-agent-sm\SKILL.md", "Skill", 0, 0, 0, 0, 0, 0, 0, 0, 34, 0, 0, 0, 0, 0, 0, 0, 0, 0, 20, 54
"d:\workshops\eShop\_bmad\bmm\4-implementation\bmad-agent-sm\bmad-skill-manifest.yaml", "YAML", 0, 11, 0, 0, 0, 0, 0, 0, 0, 0, 0, 0, 0, 0, 0, 0, 0, 0, 1, 12
"d:\workshops\eShop\_bmad\bmm\4-implementation\bmad-code-review\SKILL.md", "Skill", 0, 0, 0, 0, 0, 0, 0, 0, 5, 0, 0, 0, 0, 0, 0, 0, 0, 0, 2, 7
"d:\workshops\eShop\_bmad\bmm\4-implementation\bmad-code-review\steps\step-01-gather-context.md", "Markdown", 0, 0, 0, 0, 47, 0, 0, 0, 0, 0, 0, 0, 0, 0, 0, 0, 0, 0, 16, 63
"d:\workshops\eShop\_bmad\bmm\4-implementation\bmad-code-review\steps\step-02-review.md", "Markdown", 0, 0, 0, 0, 20, 0, 0, 0, 0, 0, 0, 0, 0, 0, 0, 0, 0, 0, 15, 35
"d:\workshops\eShop\_bmad\bmm\4-implementation\bmad-code-review\steps\step-03-triage.md", "Markdown", 0, 0, 0, 0, 33, 0, 0, 0, 0, 0, 0, 0, 0, 0, 0, 0, 0, 0, 17, 50
"d:\workshops\eShop\_bmad\bmm\4-implementation\bmad-code-review\steps\step-04-present.md", "Markdown", 0, 0, 0, 0, 82, 0, 0, 0, 0, 0, 0, 0, 0, 0, 0, 0, 0, 0, 48, 130
"d:\workshops\eShop\_bmad\bmm\4-implementation\bmad-code-review\workflow.md", "Markdown", 0, 0, 0, 0, 36, 0, 0, 0, 0, 0, 0, 0, 0, 0, 0, 0, 0, 0, 20, 56
"d:\workshops\eShop\_bmad\bmm\4-implementation\bmad-correct-course\SKILL.md", "Skill", 0, 0, 0, 0, 0, 0, 0, 0, 5, 0, 0, 0, 0, 0, 0, 0, 0, 0, 2, 7
"d:\workshops\eShop\_bmad\bmm\4-implementation\bmad-correct-course\checklist.md", "Markdown", 0, 0, 0, 0, 244, 0, 0, 0, 0, 0, 0, 0, 0, 0, 0, 0, 0, 0, 45, 289
"d:\workshops\eShop\_bmad\bmm\4-implementation\bmad-correct-course\workflow.md", "Markdown", 0, 0, 0, 0, 193, 0, 0, 0, 0, 0, 0, 0, 0, 0, 0, 0, 0, 0, 75, 268
"d:\workshops\eShop\_bmad\bmm\4-implementation\bmad-create-story\SKILL.md", "Skill", 0, 0, 0, 0, 0, 0, 0, 0, 5, 0, 0, 0, 0, 0, 0, 0, 0, 0, 2, 7
"d:\workshops\eShop\_bmad\bmm\4-implementation\bmad-create-story\checklist.md", "Markdown", 0, 0, 0, 0, 244, 0, 0, 0, 0, 0, 0, 0, 0, 0, 0, 0, 0, 0, 114, 358
"d:\workshops\eShop\_bmad\bmm\4-implementation\bmad-create-story\discover-inputs.md", "Markdown", 0, 0, 0, 0, 56, 0, 0, 0, 0, 0, 0, 0, 0, 0, 0, 0, 0, 0, 33, 89
"d:\workshops\eShop\_bmad\bmm\4-implementation\bmad-create-story\template.md", "Markdown", 0, 0, 0, 0, 28, 0, 0, 0, 0, 0, 0, 0, 0, 0, 0, 0, 0, 1, 21, 50
"d:\workshops\eShop\_bmad\bmm\4-implementation\bmad-create-story\workflow.md", "Markdown", 0, 0, 0, 0, 303, 0, 0, 0, 0, 0, 0, 0, 0, 0, 0, 0, 0, 17, 61, 381
"d:\workshops\eShop\_bmad\bmm\4-implementation\bmad-dev-story\SKILL.md", "Skill", 0, 0, 0, 0, 0, 0, 0, 0, 5, 0, 0, 0, 0, 0, 0, 0, 0, 0, 2, 7
"d:\workshops\eShop\_bmad\bmm\4-implementation\bmad-dev-story\checklist.md", "Markdown", 0, 0, 0, 0, 63, 0, 0, 0, 0, 0, 0, 0, 0, 0, 0, 0, 0, 0, 18, 81
"d:\workshops\eShop\_bmad\bmm\4-implementation\bmad-dev-story\workflow.md", "Markdown", 0, 0, 0, 0, 347, 0, 0, 0, 0, 0, 0, 0, 0, 0, 0, 0, 0, 13, 91, 451
"d:\workshops\eShop\_bmad\bmm\4-implementation\bmad-qa-generate-e2e-tests\SKILL.md", "Skill", 0, 0, 0, 0, 0, 0, 0, 0, 5, 0, 0, 0, 0, 0, 0, 0, 0, 0, 2, 7
"d:\workshops\eShop\_bmad\bmm\4-implementation\bmad-qa-generate-e2e-tests\checklist.md", "Markdown", 0, 0, 0, 0, 22, 0, 0, 0, 0, 0, 0, 0, 0, 0, 0, 0, 0, 0, 12, 34
"d:\workshops\eShop\_bmad\bmm\4-implementation\bmad-qa-generate-e2e-tests\workflow.md", "Markdown", 0, 0, 0, 0, 88, 0, 0, 0, 0, 0, 0, 0, 0, 0, 0, 0, 0, 0, 49, 137
"d:\workshops\eShop\_bmad\bmm\4-implementation\bmad-quick-dev\SKILL.md", "Skill", 0, 0, 0, 0, 0, 0, 0, 0, 5, 0, 0, 0, 0, 0, 0, 0, 0, 0, 2, 7
"d:\workshops\eShop\_bmad\bmm\4-implementation\bmad-quick-dev\spec-template.md", "Markdown", 0, 0, 0, 0, 37, 0, 0, 0, 0, 0, 0, 0, 0, 0, 0, 0, 0, 20, 32, 89
"d:\workshops\eShop\_bmad\bmm\4-implementation\bmad-quick-dev\step-01-clarify-and-route.md", "Markdown", 0, 0, 0, 0, 48, 0, 0, 0, 0, 0, 0, 0, 0, 0, 0, 0, 0, 0, 17, 65
"d:\workshops\eShop\_bmad\bmm\4-implementation\bmad-quick-dev\step-02-plan.md", "Markdown", 0, 0, 0, 0, 24, 0, 0, 0, 0, 0, 0, 0, 0, 0, 0, 0, 0, 0, 12, 36
"d:\workshops\eShop\_bmad\bmm\4-implementation\bmad-quick-dev\step-03-implement.md", "Markdown", 0, 0, 0, 0, 21, 0, 0, 0, 0, 0, 0, 0, 0, 0, 0, 0, 0, 0, 17, 38
"d:\workshops\eShop\_bmad\bmm\4-implementation\bmad-quick-dev\step-04-review.md", "Markdown", 0, 0, 0, 0, 34, 0, 0, 0, 0, 0, 0, 0, 0, 0, 0, 0, 0, 0, 16, 50
"d:\workshops\eShop\_bmad\bmm\4-implementation\bmad-quick-dev\step-05-present.md", "Markdown", 0, 0, 0, 0, 42, 0, 0, 0, 0, 0, 0, 0, 0, 0, 0, 0, 0, 0, 22, 64
"d:\workshops\eShop\_bmad\bmm\4-implementation\bmad-quick-dev\step-oneshot.md", "Markdown", 0, 0, 0, 0, 31, 0, 0, 0, 0, 0, 0, 0, 0, 0, 0, 0, 0, 0, 19, 50
"d:\workshops\eShop\_bmad\bmm\4-implementation\bmad-quick-dev\workflow.md", "Markdown", 0, 0, 0, 0, 50, 0, 0, 0, 0, 0, 0, 0, 0, 0, 0, 0, 0, 0, 30, 80
"d:\workshops\eShop\_bmad\bmm\4-implementation\bmad-retrospective\SKILL.md", "Skill", 0, 0, 0, 0, 0, 0, 0, 0, 5, 0, 0, 0, 0, 0, 0, 0, 0, 0, 2, 7
"d:\workshops\eShop\_bmad\bmm\4-implementation\bmad-retrospective\workflow.md", "Markdown", 0, 0, 0, 0, 986, 0, 0, 0, 0, 0, 0, 0, 0, 0, 0, 0, 0, 0, 494, 1480
"d:\workshops\eShop\_bmad\bmm\4-implementation\bmad-sprint-planning\SKILL.md", "Skill", 0, 0, 0, 0, 0, 0, 0, 0, 5, 0, 0, 0, 0, 0, 0, 0, 0, 0, 2, 7
"d:\workshops\eShop\_bmad\bmm\4-implementation\bmad-sprint-planning\checklist.md", "Markdown", 0, 0, 0, 0, 25, 0, 0, 0, 0, 0, 0, 0, 0, 0, 0, 0, 0, 0, 9, 34
"d:\workshops\eShop\_bmad\bmm\4-implementation\bmad-sprint-planning\sprint-status-template.yaml", "YAML", 0, 18, 0, 0, 0, 0, 0, 0, 0, 0, 0, 0, 0, 0, 0, 0, 0, 32, 7, 57
"d:\workshops\eShop\_bmad\bmm\4-implementation\bmad-sprint-planning\workflow.md", "Markdown", 0, 0, 0, 0, 193, 0, 0, 0, 0, 0, 0, 0, 0, 0, 0, 0, 0, 0, 71, 264
"d:\workshops\eShop\_bmad\bmm\4-implementation\bmad-sprint-status\SKILL.md", "Skill", 0, 0, 0, 0, 0, 0, 0, 0, 5, 0, 0, 0, 0, 0, 0, 0, 0, 0, 2, 7
"d:\workshops\eShop\_bmad\bmm\4-implementation\bmad-sprint-status\workflow.md", "Markdown", 0, 0, 0, 0, 199, 0, 0, 0, 0, 0, 0, 0, 0, 0, 0, 0, 0, 6, 57, 262
"d:\workshops\eShop\_bmad\bmm\config.yaml", "YAML", 0, 9, 0, 0, 0, 0, 0, 0, 0, 0, 0, 0, 0, 0, 0, 0, 0, 5, 3, 17
"d:\workshops\eShop\_bmad\bmm\module-help.csv", "CSV", 0, 0, 0, 0, 0, 0, 0, 30, 0, 0, 0, 0, 0, 0, 0, 0, 0, 0, 1, 31
"d:\workshops\eShop\_bmad\cis\config.yaml", "YAML", 0, 5, 0, 0, 0, 0, 0, 0, 0, 0, 0, 0, 0, 0, 0, 0, 0, 5, 3, 13
"d:\workshops\eShop\_bmad\cis\module-help.csv", "CSV", 0, 0, 0, 0, 0, 0, 0, 6, 0, 0, 0, 0, 0, 0, 0, 0, 0, 0, 1, 7
"d:\workshops\eShop\_bmad\cis\skills\bmad-cis-agent-brainstorming-coach\SKILL.md", "Skill", 0, 0, 0, 0, 0, 0, 0, 0, 32, 0, 0, 0, 0, 0, 0, 0, 0, 0, 20, 52
"d:\workshops\eShop\_bmad\cis\skills\bmad-cis-agent-brainstorming-coach\bmad-skill-manifest.yaml", "YAML", 0, 11, 0, 0, 0, 0, 0, 0, 0, 0, 0, 0, 0, 0, 0, 0, 0, 0, 1, 12
"d:\workshops\eShop\_bmad\cis\skills\bmad-cis-agent-creative-problem-solver\SKILL.md", "Skill", 0, 0, 0, 0, 0, 0, 0, 0, 32, 0, 0, 0, 0, 0, 0, 0, 0, 0, 20, 52
"d:\workshops\eShop\_bmad\cis\skills\bmad-cis-agent-creative-problem-solver\bmad-skill-manifest.yaml", "YAML", 0, 11, 0, 0, 0, 0, 0, 0, 0, 0, 0, 0, 0, 0, 0, 0, 0, 0, 1, 12
"d:\workshops\eShop\_bmad\cis\skills\bmad-cis-agent-design-thinking-coach\SKILL.md", "Skill", 0, 0, 0, 0, 0, 0, 0, 0, 33, 0, 0, 0, 0, 0, 0, 0, 0, 0, 20, 53
"d:\workshops\eShop\_bmad\cis\skills\bmad-cis-agent-design-thinking-coach\bmad-skill-manifest.yaml", "YAML", 0, 11, 0, 0, 0, 0, 0, 0, 0, 0, 0, 0, 0, 0, 0, 0, 0, 0, 1, 12
"d:\workshops\eShop\_bmad\cis\skills\bmad-cis-agent-innovation-strategist\SKILL.md", "Skill", 0, 0, 0, 0, 0, 0, 0, 0, 32, 0, 0, 0, 0, 0, 0, 0, 0, 0, 20, 52
"d:\workshops\eShop\_bmad\cis\skills\bmad-cis-agent-innovation-strategist\bmad-skill-manifest.yaml", "YAML", 0, 11, 0, 0, 0, 0, 0, 0, 0, 0, 0, 0, 0, 0, 0, 0, 0, 0, 1, 12
"d:\workshops\eShop\_bmad\cis\skills\bmad-cis-agent-presentation-master\SKILL.md", "Skill", 0, 0, 0, 0, 0, 0, 0, 0, 43, 0, 0, 0, 0, 0, 0, 0, 0, 0, 20, 63
"d:\workshops\eShop\_bmad\cis\skills\bmad-cis-agent-presentation-master\bmad-skill-manifest.yaml", "YAML", 0, 11, 0, 0, 0, 0, 0, 0, 0, 0, 0, 0, 0, 0, 0, 0, 0, 0, 1, 12
"d:\workshops\eShop\_bmad\cis\skills\bmad-cis-agent-storyteller\SKILL.md", "Skill", 0, 0, 0, 0, 0, 0, 0, 0, 35, 0, 0, 0, 0, 0, 0, 0, 0, 0, 22, 57
"d:\workshops\eShop\_bmad\cis\skills\bmad-cis-agent-storyteller\bmad-skill-manifest.yaml", "YAML", 0, 11, 0, 0, 0, 0, 0, 0, 0, 0, 0, 0, 0, 0, 0, 0, 0, 0, 1, 12
"d:\workshops\eShop\_bmad\cis\skills\bmad-cis-agent-storyteller\stories-told.md", "Markdown", 0, 0, 0, 0, 3, 0, 0, 0, 0, 0, 0, 0, 0, 0, 0, 0, 0, 1, 4, 8
"d:\workshops\eShop\_bmad\cis\skills\bmad-cis-agent-storyteller\story-preferences.md", "Markdown", 0, 0, 0, 0, 3, 0, 0, 0, 0, 0, 0, 0, 0, 0, 0, 0, 0, 1, 4, 8
"d:\workshops\eShop\_bmad\cis\skills\bmad-cis-design-thinking\SKILL.md", "Skill", 0, 0, 0, 0, 0, 0, 0, 0, 5, 0, 0, 0, 0, 0, 0, 0, 0, 0, 2, 7
"d:\workshops\eShop\_bmad\cis\skills\bmad-cis-design-thinking\bmad-skill-manifest.yaml", "YAML", 0, 1, 0, 0, 0, 0, 0, 0, 0, 0, 0, 0, 0, 0, 0, 0, 0, 0, 1, 2
"d:\workshops\eShop\_bmad\cis\skills\bmad-cis-design-thinking\design-methods.csv", "CSV", 0, 0, 0, 0, 0, 0, 0, 31, 0, 0, 0, 0, 0, 0, 0, 0, 0, 0, 0, 31
"d:\workshops\eShop\_bmad\cis\skills\bmad-cis-design-thinking\template.md", "Markdown", 0, 0, 0, 0, 57, 0, 0, 0, 0, 0, 0, 0, 0, 0, 0, 0, 0, 0, 55, 112
"d:\workshops\eShop\_bmad\cis\skills\bmad-cis-design-thinking\workflow.md", "Markdown", 0, 0, 0, 0, 170, 0, 0, 0, 0, 0, 0, 0, 0, 0, 0, 0, 0, 0, 72, 242
"d:\workshops\eShop\_bmad\cis\skills\bmad-cis-innovation-strategy\SKILL.md", "Skill", 0, 0, 0, 0, 0, 0, 0, 0, 5, 0, 0, 0, 0, 0, 0, 0, 0, 0, 2, 7
"d:\workshops\eShop\_bmad\cis\skills\bmad-cis-innovation-strategy\bmad-skill-manifest.yaml", "YAML", 0, 1, 0, 0, 0, 0, 0, 0, 0, 0, 0, 0, 0, 0, 0, 0, 0, 0, 1, 2
"d:\workshops\eShop\_bmad\cis\skills\bmad-cis-innovation-strategy\innovation-frameworks.csv", "CSV", 0, 0, 0, 0, 0, 0, 0, 31, 0, 0, 0, 0, 0, 0, 0, 0, 0, 0, 0, 31
"d:\workshops\eShop\_bmad\cis\skills\bmad-cis-innovation-strategy\template.md", "Markdown", 0, 0, 0, 0, 96, 0, 0, 0, 0, 0, 0, 0, 0, 0, 0, 0, 0, 0, 94, 190
"d:\workshops\eShop\_bmad\cis\skills\bmad-cis-innovation-strategy\workflow.md", "Markdown", 0, 0, 0, 0, 229, 0, 0, 0, 0, 0, 0, 0, 0, 0, 0, 0, 0, 0, 86, 315
"d:\workshops\eShop\_bmad\cis\skills\bmad-cis-problem-solving\SKILL.md", "Skill", 0, 0, 0, 0, 0, 0, 0, 0, 5, 0, 0, 0, 0, 0, 0, 0, 0, 0, 2, 7
"d:\workshops\eShop\_bmad\cis\skills\bmad-cis-problem-solving\bmad-skill-manifest.yaml", "YAML", 0, 1, 0, 0, 0, 0, 0, 0, 0, 0, 0, 0, 0, 0, 0, 0, 0, 0, 1, 2
"d:\workshops\eShop\_bmad\cis\skills\bmad-cis-problem-solving\solving-methods.csv", "CSV", 0, 0, 0, 0, 0, 0, 0, 31, 0, 0, 0, 0, 0, 0, 0, 0, 0, 0, 0, 31
"d:\workshops\eShop\_bmad\cis\skills\bmad-cis-problem-solving\template.md", "Markdown", 0, 0, 0, 0, 85, 0, 0, 0, 0, 0, 0, 0, 0, 0, 0, 0, 0, 0, 81, 166
"d:\workshops\eShop\_bmad\cis\skills\bmad-cis-problem-solving\workflow.md", "Markdown", 0, 0, 0, 0, 206, 0, 0, 0, 0, 0, 0, 0, 0, 0, 0, 0, 0, 0, 85, 291
"d:\workshops\eShop\_bmad\cis\skills\bmad-cis-storytelling\SKILL.md", "Skill", 0, 0, 0, 0, 0, 0, 0, 0, 5, 0, 0, 0, 0, 0, 0, 0, 0, 0, 2, 7
"d:\workshops\eShop\_bmad\cis\skills\bmad-cis-storytelling\bmad-skill-manifest.yaml", "YAML", 0, 1, 0, 0, 0, 0, 0, 0, 0, 0, 0, 0, 0, 0, 0, 0, 0, 0, 1, 2
"d:\workshops\eShop\_bmad\cis\skills\bmad-cis-storytelling\story-types.csv", "CSV", 0, 0, 0, 0, 0, 0, 0, 26, 0, 0, 0, 0, 0, 0, 0, 0, 0, 0, 0, 26
"d:\workshops\eShop\_bmad\cis\skills\bmad-cis-storytelling\template.md", "Markdown", 0, 0, 0, 0, 58, 0, 0, 0, 0, 0, 0, 0, 0, 0, 0, 0, 0, 0, 56, 114
"d:\workshops\eShop\_bmad\cis\skills\bmad-cis-storytelling\workflow.md", "Markdown", 0, 0, 0, 0, 222, 0, 0, 0, 0, 0, 0, 0, 0, 0, 0, 0, 0, 0, 99, 321
"d:\workshops\eShop\_bmad\core\bmad-advanced-elicitation\SKILL.md", "Skill", 0, 0, 0, 0, 0, 0, 0, 0, 97, 0, 0, 0, 0, 0, 0, 0, 0, 0, 41, 138
"d:\workshops\eShop\_bmad\core\bmad-advanced-elicitation\methods.csv", "CSV", 0, 0, 0, 0, 0, 0, 0, 51, 0, 0, 0, 0, 0, 0, 0, 0, 0, 0, 1, 52
"d:\workshops\eShop\_bmad\core\bmad-brainstorming\SKILL.md", "Skill", 0, 0, 0, 0, 0, 0, 0, 0, 5, 0, 0, 0, 0, 0, 0, 0, 0, 0, 2, 7
"d:\workshops\eShop\_bmad\core\bmad-brainstorming\brain-methods.csv", "CSV", 0, 0, 0, 0, 0, 0, 0, 62, 0, 0, 0, 0, 0, 0, 0, 0, 0, 0, 0, 62
"d:\workshops\eShop\_bmad\core\bmad-brainstorming\steps\step-01-session-setup.md", "Markdown", 0, 0, 0, 0, 144, 0, 0, 0, 0, 0, 0, 0, 0, 0, 0, 0, 0, 0, 71, 215
"d:\workshops\eShop\_bmad\core\bmad-brainstorming\steps\step-01b-continue.md", "Markdown", 0, 0, 0, 0, 85, 0, 0, 0, 0, 0, 0, 0, 0, 0, 0, 0, 0, 0, 40, 125
"d:\workshops\eShop\_bmad\core\bmad-brainstorming\steps\step-02a-user-selected.md", "Markdown", 0, 0, 0, 0, 149, 0, 0, 0, 0, 0, 0, 0, 0, 0, 0, 0, 0, 0, 81, 230
"d:\workshops\eShop\_bmad\core\bmad-brainstorming\steps\step-02b-ai-recommended.md", "Markdown", 0, 0, 0, 0, 158, 0, 0, 0, 0, 0, 0, 0, 0, 0, 0, 0, 0, 0, 82, 240
"d:\workshops\eShop\_bmad\core\bmad-brainstorming\steps\step-02c-random-selection.md", "Markdown", 0, 0, 0, 0, 141, 0, 0, 0, 0, 0, 0, 0, 0, 0, 0, 0, 0, 0, 71, 212
"d:\workshops\eShop\_bmad\core\bmad-brainstorming\steps\step-02d-progressive-flow.md", "Markdown", 0, 0, 0, 0, 174, 0, 0, 0, 0, 0, 0, 0, 0, 0, 0, 0, 0, 0, 93, 267
"d:\workshops\eShop\_bmad\core\bmad-brainstorming\steps\step-03-technique-execution.md", "Markdown", 0, 0, 0, 0, 258, 0, 0, 0, 0, 0, 0, 0, 0, 0, 0, 0, 0, 0, 144, 402
"d:\workshops\eShop\_bmad\core\bmad-brainstorming\steps\step-04-idea-organization.md", "Markdown", 0, 0, 0, 0, 197, 0, 0, 0, 0, 0, 0, 0, 0, 0, 0, 0, 0, 0, 109, 306
"d:\workshops\eShop\_bmad\core\bmad-brainstorming\template.md", "Markdown", 0, 0, 0, 0, 13, 0, 0, 0, 0, 0, 0, 0, 0, 0, 0, 0, 0, 0, 3, 16
"d:\workshops\eShop\_bmad\core\bmad-brainstorming\workflow.md", "Markdown", 0, 0, 0, 0, 32, 0, 0, 0, 0, 0, 0, 0, 0, 0, 0, 0, 0, 0, 22, 54
"d:\workshops\eShop\_bmad\core\bmad-distillator\SKILL.md", "Skill", 0, 0, 0, 0, 0, 0, 0, 0, 124, 0, 0, 0, 0, 0, 0, 0, 0, 0, 54, 178
"d:\workshops\eShop\_bmad\core\bmad-distillator\agents\distillate-compressor.md", "Markdown", 0, 0, 0, 0, 84, 0, 0, 0, 0, 0, 0, 0, 0, 0, 0, 0, 0, 0, 33, 117
"d:\workshops\eShop\_bmad\core\bmad-distillator\agents\round-trip-reconstructor.md", "Markdown", 0, 0, 0, 0, 49, 0, 0, 0, 0, 0, 0, 0, 0, 0, 0, 0, 0, 0, 20, 69
"d:\workshops\eShop\_bmad\core\bmad-distillator\resources\compression-rules.md", "Markdown", 0, 0, 0, 0, 42, 0, 0, 0, 0, 0, 0, 0, 0, 0, 0, 0, 0, 0, 10, 52
"d:\workshops\eShop\_bmad\core\bmad-distillator\resources\distillate-format-reference.md", "Markdown", 0, 0, 0, 0, 189, 0, 0, 0, 0, 0, 0, 0, 0, 0, 0, 0, 0, 0, 39, 228
"d:\workshops\eShop\_bmad\core\bmad-distillator\resources\splitting-strategy.md", "Markdown", 0, 0, 0, 0, 56, 0, 0, 0, 0, 0, 0, 0, 0, 0, 0, 0, 0, 0, 23, 79
"d:\workshops\eShop\_bmad\core\bmad-distillator\scripts\analyze_sources.py", "Python", 0, 0, 0, 0, 0, 0, 0, 0, 0, 217, 0, 0, 0, 0, 0, 0, 0, 47, 37, 301
"d:\workshops\eShop\_bmad\core\bmad-distillator\scripts\tests\test_analyze_sources.py", "Python", 0, 0, 0, 0, 0, 0, 0, 0, 0, 168, 0, 0, 0, 0, 0, 0, 0, 8, 29, 205
"d:\workshops\eShop\_bmad\core\bmad-editorial-review-prose\SKILL.md", "Skill", 0, 0, 0, 0, 0, 0, 0, 0, 60, 0, 0, 0, 0, 0, 0, 0, 0, 0, 27, 87
"d:\workshops\eShop\_bmad\core\bmad-editorial-review-structure\SKILL.md", "Skill", 0, 0, 0, 0, 0, 0, 0, 0, 139, 0, 0, 0, 0, 0, 0, 0, 0, 0, 41, 180
"d:\workshops\eShop\_bmad\core\bmad-help\SKILL.md", "Skill", 0, 0, 0, 0, 0, 0, 0, 0, 52, 0, 0, 0, 0, 0, 0, 0, 0, 0, 22, 74
"d:\workshops\eShop\_bmad\core\bmad-index-docs\SKILL.md", "Skill", 0, 0, 0, 0, 0, 0, 0, 0, 38, 0, 0, 0, 0, 0, 0, 0, 0, 0, 29, 67
"d:\workshops\eShop\_bmad\core\bmad-init\SKILL.md", "Skill", 0, 0, 0, 0, 0, 0, 0, 0, 69, 0, 0, 0, 0, 0, 0, 0, 0, 0, 32, 101
"d:\workshops\eShop\_bmad\core\bmad-init\resources\core-module.yaml", "YAML", 0, 20, 0, 0, 0, 0, 0, 0, 0, 0, 0, 0, 0, 0, 0, 0, 0, 0, 6, 26
"d:\workshops\eShop\_bmad\core\bmad-init\scripts\bmad_init.py", "Python", 0, 0, 0, 0, 0, 0, 0, 0, 0, 356, 0, 0, 0, 0, 0, 0, 0, 134, 104, 594
"d:\workshops\eShop\_bmad\core\bmad-init\scripts\tests\test_bmad_init.py", "Python", 0, 0, 0, 0, 0, 0, 0, 0, 0, 245, 0, 0, 0, 0, 0, 0, 0, 10, 75, 330
"d:\workshops\eShop\_bmad\core\bmad-party-mode\SKILL.md", "Skill", 0, 0, 0, 0, 0, 0, 0, 0, 5, 0, 0, 0, 0, 0, 0, 0, 0, 0, 2, 7
"d:\workshops\eShop\_bmad\core\bmad-party-mode\steps\step-01-agent-loading.md", "Markdown", 0, 0, 0, 0, 91, 0, 0, 0, 0, 0, 0, 0, 0, 0, 0, 0, 0, 0, 48, 139
"d:\workshops\eShop\_bmad\core\bmad-party-mode\steps\step-02-discussion-orchestration.md", "Markdown", 0, 0, 0, 0, 122, 0, 0, 0, 0, 0, 0, 0, 0, 0, 0, 0, 0, 0, 66, 188
"d:\workshops\eShop\_bmad\core\bmad-party-mode\steps\step-03-graceful-exit.md", "Markdown", 0, 0, 0, 0, 109, 0, 0, 0, 0, 0, 0, 0, 0, 0, 0, 0, 0, 0, 59, 168
"d:\workshops\eShop\_bmad\core\bmad-party-mode\workflow.md", "Markdown", 0, 0, 0, 0, 119, 0, 0, 0, 0, 0, 0, 0, 0, 0, 0, 0, 0, 0, 72, 191
"d:\workshops\eShop\_bmad\core\bmad-review-adversarial-general\SKILL.md", "Skill", 0, 0, 0, 0, 0, 0, 0, 0, 22, 0, 0, 0, 0, 0, 0, 0, 0, 0, 16, 38
"d:\workshops\eShop\_bmad\core\bmad-review-edge-case-hunter\SKILL.md", "Skill", 0, 0, 0, 0, 0, 0, 0, 0, 43, 0, 0, 0, 0, 0, 0, 0, 0, 0, 25, 68
"d:\workshops\eShop\_bmad\core\bmad-shard-doc\SKILL.md", "Skill", 0, 0, 0, 0, 0, 0, 0, 0, 78, 0, 0, 0, 0, 0, 0, 0, 0, 0, 28, 106
"d:\workshops\eShop\_bmad\core\config.yaml", "YAML", 0, 4, 0, 0, 0, 0, 0, 0, 0, 0, 0, 0, 0, 0, 0, 0, 0, 4, 2, 10
"d:\workshops\eShop\_bmad\core\module-help.csv", "CSV", 0, 0, 0, 0, 0, 0, 0, 11, 0, 0, 0, 0, 0, 0, 0, 0, 0, 0, 1, 12
"d:\workshops\eShop\_bmad\tea\agents\bmad-tea\SKILL.md", "Skill", 0, 0, 0, 0, 0, 0, 0, 0, 49, 0, 0, 0, 0, 0, 0, 0, 0, 0, 22, 71
"d:\workshops\eShop\_bmad\tea\agents\bmad-tea\bmad-skill-manifest.yaml", "YAML", 0, 14, 0, 0, 0, 0, 0, 0, 0, 0, 0, 0, 0, 0, 0, 0, 0, 0, 1, 15
"d:\workshops\eShop\_bmad\tea\agents\bmad-tea\resources\knowledge\adr-quality-readiness-checklist.md", "Markdown", 0, 0, 0, 0, 258, 0, 0, 0, 0, 0, 0, 0, 0, 0, 0, 0, 0, 0, 120, 378
"d:\workshops\eShop\_bmad\tea\agents\bmad-tea\resources\knowledge\api-request.md", "Markdown", 0, 0, 0, 0, 443, 0, 0, 0, 0, 0, 0, 0, 0, 0, 0, 0, 0, 0, 121, 564
"d:\workshops\eShop\_bmad\tea\agents\bmad-tea\resources\knowledge\api-testing-patterns.md", "Markdown", 0, 0, 0, 0, 754, 0, 0, 0, 0, 0, 0, 0, 0, 0, 0, 0, 0, 0, 162, 916
"d:\workshops\eShop\_bmad\tea\agents\bmad-tea\resources\knowledge\auth-session.md", "Markdown", 0, 0, 0, 0, 416, 0, 0, 0, 0, 0, 0, 0, 0, 0, 0, 0, 0, 0, 133, 549
"d:\workshops\eShop\_bmad\tea\agents\bmad-tea\resources\knowledge\burn-in.md", "Markdown", 0, 0, 0, 0, 198, 0, 0, 0, 0, 0, 0, 0, 0, 0, 0, 0, 0, 0, 76, 274
"d:\workshops\eShop\_bmad\tea\agents\bmad-tea\resources\knowledge\ci-burn-in.md", "Markdown", 0, 0, 0, 0, 576, 0, 0, 0, 0, 0, 0, 0, 0, 0, 0, 0, 0, 0, 142, 718
"d:\workshops\eShop\_bmad\tea\agents\bmad-tea\resources\knowledge\component-tdd.md", "Markdown", 0, 0, 0, 0, 380, 0, 0, 0, 0, 0, 0, 0, 0, 0, 0, 0, 0, 0, 107, 487
"d:\workshops\eShop\_bmad\tea\agents\bmad-tea\resources\knowledge\contract-testing.md", "Markdown", 0, 0, 0, 0, 882, 0, 0, 0, 0, 0, 0, 0, 0, 0, 0, 0, 0, 0, 169, 1051
"d:\workshops\eShop\_bmad\tea\agents\bmad-tea\resources\knowledge\data-factories.md", "Markdown", 0, 0, 0, 0, 392, 0, 0, 0, 0, 0, 0, 0, 0, 0, 0, 0, 0, 0, 109, 501
"d:\workshops\eShop\_bmad\tea\agents\bmad-tea\resources\knowledge\email-auth.md", "Markdown", 0, 0, 0, 0, 564, 0, 0, 0, 0, 0, 0, 0, 0, 0, 0, 0, 0, 0, 158, 722
"d:\workshops\eShop\_bmad\tea\agents\bmad-tea\resources\knowledge\error-handling.md", "Markdown", 0, 0, 0, 0, 579, 0, 0, 0, 0, 0, 0, 0, 0, 0, 0, 0, 0, 0, 147, 726
"d:\workshops\eShop\_bmad\tea\agents\bmad-tea\resources\knowledge\feature-flags.md", "Markdown", 0, 0, 0, 0, 620, 0, 0, 0, 0, 0, 0, 0, 0, 0, 0, 0, 0, 0, 131, 751
"d:\workshops\eShop\_bmad\tea\agents\bmad-tea\resources\knowledge\file-utils.md", "Markdown", 0, 0, 0, 0, 342, 0, 0, 0, 0, 0, 0, 0, 0, 0, 0, 0, 0, 0, 115, 457
"d:\workshops\eShop\_bmad\tea\agents\bmad-tea\resources\knowledge\fixture-architecture.md", "Markdown", 0, 0, 0, 0, 316, 0, 0, 0, 0, 0, 0, 0, 0, 0, 0, 0, 0, 0, 86, 402
"d:\workshops\eShop\_bmad\tea\agents\bmad-tea\resources\knowledge\fixtures-composition.md", "Markdown", 0, 0, 0, 0, 292, 0, 0, 0, 0, 0, 0, 0, 0, 0, 0, 0, 0, 0, 91, 383
"d:\workshops\eShop\_bmad\tea\agents\bmad-tea\resources\knowledge\intercept-network-call.md", "Markdown", 0, 0, 0, 0, 318, 0, 0, 0, 0, 0, 0, 0, 0, 0, 0, 0, 0, 0, 109, 427
"d:\workshops\eShop\_bmad\tea\agents\bmad-tea\resources\knowledge\log.md", "Markdown", 0, 0, 0, 0, 320, 0, 0, 0, 0, 0, 0, 0, 0, 0, 0, 0, 0, 0, 107, 427
"d:\workshops\eShop\_bmad\tea\agents\bmad-tea\resources\knowledge\network-error-monitor.md", "Markdown", 0, 0, 0, 0, 289, 0, 0, 0, 0, 0, 0, 0, 0, 0, 0, 0, 0, 0, 113, 402
"d:\workshops\eShop\_bmad\tea\agents\bmad-tea\resources\knowledge\network-first.md", "Markdown", 0, 0, 0, 0, 378, 0, 0, 0, 0, 0, 0, 0, 0, 0, 0, 0, 0, 0, 109, 487
"d:\workshops\eShop\_bmad\tea\agents\bmad-tea\resources\knowledge\network-recorder.md", "Markdown", 0, 0, 0, 0, 384, 0, 0, 0, 0, 0, 0, 0, 0, 0, 0, 0, 0, 0, 144, 528
"d:\workshops\eShop\_bmad\tea\agents\bmad-tea\resources\knowledge\nfr-criteria.md", "Markdown", 0, 0, 0, 0, 515, 0, 0, 0, 0, 0, 0, 0, 0, 0, 0, 0, 0, 0, 156, 671
"d:\workshops\eShop\_bmad\tea\agents\bmad-tea\resources\knowledge\overview.md", "Markdown", 0, 0, 0, 0, 204, 0, 0, 0, 0, 0, 0, 0, 0, 0, 0, 0, 0, 0, 83, 287
"d:\workshops\eShop\_bmad\tea\agents\bmad-tea\resources\knowledge\pact-consumer-di.md", "Markdown", 0, 0, 0, 0, 238, 0, 0, 0, 0, 0, 0, 0, 0, 0, 0, 0, 0, 0, 73, 311
"d:\workshops\eShop\_bmad\tea\agents\bmad-tea\resources\knowledge\pact-consumer-framework-setup.md", "Markdown", 0, 0, 0, 0, 495, 0, 0, 0, 0, 0, 0, 0, 0, 0, 0, 0, 0, 0, 141, 636
"d:\workshops\eShop\_bmad\tea\agents\bmad-tea\resources\knowledge\pact-mcp.md", "Markdown", 0, 0, 0, 0, 152, 0, 0, 0, 0, 0, 0, 0, 0, 0, 0, 0, 0, 0, 53, 205
"d:\workshops\eShop\_bmad\tea\agents\bmad-tea\resources\knowledge\pactjs-utils-consumer-helpers.md", "Markdown", 0, 0, 0, 0, 216, 0, 0, 0, 0, 0, 0, 0, 0, 0, 0, 0, 0, 0, 55, 271
"d:\workshops\eShop\_bmad\tea\agents\bmad-tea\resources\knowledge\pactjs-utils-overview.md", "Markdown", 0, 0, 0, 0, 174, 0, 0, 0, 0, 0, 0, 0, 0, 0, 0, 0, 0, 0, 43, 217
"d:\workshops\eShop\_bmad\tea\agents\bmad-tea\resources\knowledge\pactjs-utils-provider-verifier.md", "Markdown", 0, 0, 0, 0, 258, 0, 0, 0, 0, 0, 0, 0, 0, 0, 0, 0, 0, 0, 58, 316
"d:\workshops\eShop\_bmad\tea\agents\bmad-tea\resources\knowledge\pactjs-utils-request-filter.md", "Markdown", 0, 0, 0, 0, 177, 0, 0, 0, 0, 0, 0, 0, 0, 0, 0, 0, 0, 0, 48, 225
"d:\workshops\eShop\_bmad\tea\agents\bmad-tea\resources\knowledge\playwright-cli.md", "Markdown", 0, 0, 0, 0, 138, 0, 0, 0, 0, 0, 0, 0, 0, 0, 0, 0, 0, 0, 55, 193
"d:\workshops\eShop\_bmad\tea\agents\bmad-tea\resources\knowledge\playwright-config.md", "Markdown", 0, 0, 0, 0, 591, 0, 0, 0, 0, 0, 0, 0, 0, 0, 0, 0, 0, 0, 144, 735
"d:\workshops\eShop\_bmad\tea\agents\bmad-tea\resources\knowledge\probability-impact.md", "Markdown", 0, 0, 0, 0, 496, 0, 0, 0, 0, 0, 0, 0, 0, 0, 0, 0, 0, 0, 106, 602
"d:\workshops\eShop\_bmad\tea\agents\bmad-tea\resources\knowledge\recurse.md", "Markdown", 0, 0, 0, 0, 327, 0, 0, 0, 0, 0, 0, 0, 0, 0, 0, 0, 0, 0, 95, 422
"d:\workshops\eShop\_bmad\tea\agents\bmad-tea\resources\knowledge\risk-governance.md", "Markdown", 0, 0, 0, 0, 499, 0, 0, 0, 0, 0, 0, 0, 0, 0, 0, 0, 0, 0, 117, 616
"d:\workshops\eShop\_bmad\tea\agents\bmad-tea\resources\knowledge\selective-testing.md", "Markdown", 0, 0, 0, 0, 598, 0, 0, 0, 0, 0, 0, 0, 0, 0, 0, 0, 0, 0, 135, 733
"d:\workshops\eShop\_bmad\tea\agents\bmad-tea\resources\knowledge\selector-resilience.md", "Markdown", 0, 0, 0, 0, 378, 0, 0, 0, 0, 0, 0, 0, 0, 0, 0, 0, 0, 0, 150, 528
"d:\workshops\eShop\_bmad\tea\agents\bmad-tea\resources\knowledge\test-healing-patterns.md", "Markdown", 0, 0, 0, 0, 494, 0, 0, 0, 0, 0, 0, 0, 0, 0, 0, 0, 0, 0, 151, 645
"d:\workshops\eShop\_bmad\tea\agents\bmad-tea\resources\knowledge\test-levels-framework.md", "Markdown", 0, 0, 0, 0, 357, 0, 0, 0, 0, 0, 0, 0, 0, 0, 0, 0, 0, 1, 116, 474
"d:\workshops\eShop\_bmad\tea\agents\bmad-tea\resources\knowledge\test-priorities-matrix.md", "Markdown", 0, 0, 0, 0, 281, 0, 0, 0, 0, 0, 0, 0, 0, 0, 0, 0, 0, 1, 92, 374
"d:\workshops\eShop\_bmad\tea\agents\bmad-tea\resources\knowledge\test-quality.md", "Markdown", 0, 0, 0, 0, 517, 0, 0, 0, 0, 0, 0, 0, 0, 0, 0, 0, 0, 0, 148, 665
"d:\workshops\eShop\_bmad\tea\agents\bmad-tea\resources\knowledge\timing-debugging.md", "Markdown", 0, 0, 0, 0, 272, 0, 0, 0, 0, 0, 0, 0, 0, 0, 0, 0, 0, 0, 101, 373
"d:\workshops\eShop\_bmad\tea\agents\bmad-tea\resources\knowledge\visual-debugging.md", "Markdown", 0, 0, 0, 0, 392, 0, 0, 0, 0, 0, 0, 0, 0, 0, 0, 0, 0, 0, 136, 528
"d:\workshops\eShop\_bmad\tea\agents\bmad-tea\resources\tea-index.csv", "CSV", 0, 0, 0, 0, 0, 0, 0, 43, 0, 0, 0, 0, 0, 0, 0, 0, 0, 0, 1, 44
"d:\workshops\eShop\_bmad\tea\config.yaml", "YAML", 0, 18, 0, 0, 0, 0, 0, 0, 0, 0, 0, 0, 0, 0, 0, 0, 0, 5, 3, 26
"d:\workshops\eShop\_bmad\tea\module-help.csv", "CSV", 0, 0, 0, 0, 0, 0, 0, 10, 0, 0, 0, 0, 0, 0, 0, 0, 0, 0, 1, 11
"d:\workshops\eShop\_bmad\tea\workflows\testarch\README.md", "Markdown", 0, 0, 0, 0, 55, 0, 0, 0, 0, 0, 0, 0, 0, 0, 0, 0, 0, 0, 20, 75
"d:\workshops\eShop\_bmad\tea\workflows\testarch\bmad-teach-me-testing\SKILL.md", "Skill", 0, 0, 0, 0, 0, 0, 0, 0, 5, 0, 0, 0, 0, 0, 0, 0, 0, 0, 2, 7
"d:\workshops\eShop\_bmad\tea\workflows\testarch\bmad-teach-me-testing\bmad-skill-manifest.yaml", "YAML", 0, 1, 0, 0, 0, 0, 0, 0, 0, 0, 0, 0, 0, 0, 0, 0, 0, 0, 1, 2
"d:\workshops\eShop\_bmad\tea\workflows\testarch\bmad-teach-me-testing\checklist.md", "Markdown", 0, 0, 0, 0, 136, 0, 0, 0, 0, 0, 0, 0, 0, 0, 0, 0, 0, 0, 62, 198
"d:\workshops\eShop\_bmad\tea\workflows\testarch\bmad-teach-me-testing\data\curriculum.yaml", "YAML", 0, 114, 0, 0, 0, 0, 0, 0, 0, 0, 0, 0, 0, 0, 0, 0, 0, 4, 12, 130
"d:\workshops\eShop\_bmad\tea\workflows\testarch\bmad-teach-me-testing\data\quiz-questions.yaml", "YAML", 0, 183, 0, 0, 0, 0, 0, 0, 0, 0, 0, 0, 0, 0, 0, 0, 0, 4, 20, 207
"d:\workshops\eShop\_bmad\tea\workflows\testarch\bmad-teach-me-testing\data\role-paths.yaml", "YAML", 0, 125, 0, 0, 0, 0, 0, 0, 0, 0, 0, 0, 0, 0, 0, 0, 0, 3, 9, 137
"d:\workshops\eShop\_bmad\tea\workflows\testarch\bmad-teach-me-testing\data\session-content-map.yaml", "YAML", 0, 204, 0, 0, 0, 0, 0, 0, 0, 0, 0, 0, 0, 0, 0, 0, 0, 2, 14, 220
"d:\workshops\eShop\_bmad\tea\workflows\testarch\bmad-teach-me-testing\data\tea-resources-index.yaml", "YAML", 0, 311, 0, 0, 0, 0, 0, 0, 0, 0, 0, 0, 0, 0, 0, 0, 0, 6, 78, 395
"d:\workshops\eShop\_bmad\tea\workflows\testarch\bmad-teach-me-testing\instructions.md", "Markdown", 0, 0, 0, 0, 87, 0, 0, 0, 0, 0, 0, 0, 0, 0, 0, 0, 0, 0, 44, 131
"d:\workshops\eShop\_bmad\tea\workflows\testarch\bmad-teach-me-testing\steps-c\step-01-init.md", "Markdown", 0, 0, 0, 0, 169, 0, 0, 0, 0, 0, 0, 0, 0, 0, 0, 0, 0, 0, 67, 236
"d:\workshops\eShop\_bmad\tea\workflows\testarch\bmad-teach-me-testing\steps-c\step-01b-continue.md", "Markdown", 0, 0, 0, 0, 99, 0, 0, 0, 0, 0, 0, 0, 0, 0, 0, 0, 0, 0, 49, 148
"d:\workshops\eShop\_bmad\tea\workflows\testarch\bmad-teach-me-testing\steps-c\step-02-assess.md", "Markdown", 0, 0, 0, 0, 163, 0, 0, 0, 0, 0, 0, 0, 0, 0, 0, 0, 0, 0, 96, 259
"d:\workshops\eShop\_bmad\tea\workflows\testarch\bmad-teach-me-testing\steps-c\step-03-session-menu.md", "Markdown", 0, 0, 0, 0, 154, 0, 0, 0, 0, 0, 0, 0, 0, 0, 0, 0, 0, 0, 66, 220
"d:\workshops\eShop\_bmad\tea\workflows\testarch\bmad-teach-me-testing\steps-c\step-04-session-01.md", "Markdown", 0, 0, 0, 0, 298, 0, 0, 0, 0, 0, 0, 0, 0, 0, 0, 0, 0, 0, 163, 461
"d:\workshops\eShop\_bmad\tea\workflows\testarch\bmad-teach-me-testing\steps-c\step-04-session-02.md", "Markdown", 0, 0, 0, 0, 301, 0, 0, 0, 0, 0, 0, 0, 0, 0, 0, 0, 0, 0, 165, 466
"d:\workshops\eShop\_bmad\tea\workflows\testarch\bmad-teach-me-testing\steps-c\step-04-session-03.md", "Markdown", 0, 0, 0, 0, 203, 0, 0, 0, 0, 0, 0, 0, 0, 0, 0, 0, 0, 0, 99, 302
"d:\workshops\eShop\_bmad\tea\workflows\testarch\bmad-teach-me-testing\steps-c\step-04-session-04.md", "Markdown", 0, 0, 0, 0, 149, 0, 0, 0, 0, 0, 0, 0, 0, 0, 0, 0, 0, 0, 86, 235
"d:\workshops\eShop\_bmad\tea\workflows\testarch\bmad-teach-me-testing\steps-c\step-04-session-05.md", "Markdown", 0, 0, 0, 0, 153, 0, 0, 0, 0, 0, 0, 0, 0, 0, 0, 0, 0, 0, 82, 235
"d:\workshops\eShop\_bmad\tea\workflows\testarch\bmad-teach-me-testing\steps-c\step-04-session-06.md", "Markdown", 0, 0, 0, 0, 133, 0, 0, 0, 0, 0, 0, 0, 0, 0, 0, 0, 0, 0, 77, 210
"d:\workshops\eShop\_bmad\tea\workflows\testarch\bmad-teach-me-testing\steps-c\step-04-session-07.md", "Markdown", 0, 0, 0, 0, 149, 0, 0, 0, 0, 0, 0, 0, 0, 0, 0, 0, 0, 0, 72, 221
"d:\workshops\eShop\_bmad\tea\workflows\testarch\bmad-teach-me-testing\steps-c\step-05-completion.md", "Markdown", 0, 0, 0, 0, 223, 0, 0, 0, 0, 0, 0, 0, 0, 0, 0, 0, 0, 0, 117, 340
"d:\workshops\eShop\_bmad\tea\workflows\testarch\bmad-teach-me-testing\steps-e\step-e-01-assess-workflow.md", "Markdown", 0, 0, 0, 0, 88, 0, 0, 0, 0, 0, 0, 0, 0, 0, 0, 0, 0, 0, 54, 142
"d:\workshops\eShop\_bmad\tea\workflows\testarch\bmad-teach-me-testing\steps-e\step-e-02-apply-edits.md", "Markdown", 0, 0, 0, 0, 75, 0, 0, 0, 0, 0, 0, 0, 0, 0, 0, 0, 0, 0, 48, 123
"d:\workshops\eShop\_bmad\tea\workflows\testarch\bmad-teach-me-testing\steps-v\step-v-01-validate.md", "Markdown", 0, 0, 0, 0, 168, 0, 0, 0, 0, 0, 0, 0, 0, 0, 0, 0, 0, 0, 96, 264
"d:\workshops\eShop\_bmad\tea\workflows\testarch\bmad-teach-me-testing\templates\certificate-template.md", "Markdown", 0, 0, 0, 0, 59, 0, 0, 0, 0, 0, 0, 0, 0, 0, 0, 0, 0, 0, 28, 87
"d:\workshops\eShop\_bmad\tea\workflows\testarch\bmad-teach-me-testing\templates\progress-template.yaml", "YAML", 0, 75, 0, 0, 0, 0, 0, 0, 0, 0, 0, 0, 0, 0, 0, 0, 0, 8, 13, 96
"d:\workshops\eShop\_bmad\tea\workflows\testarch\bmad-teach-me-testing\templates\session-notes-template.md", "Markdown", 0, 0, 0, 0, 48, 0, 0, 0, 0, 0, 0, 0, 0, 0, 0, 0, 0, 0, 36, 84
"d:\workshops\eShop\_bmad\tea\workflows\testarch\bmad-teach-me-testing\workflow-plan-teach-me-testing.md", "Markdown", 0, 0, 0, 0, 706, 0, 0, 0, 0, 0, 0, 0, 0, 0, 0, 0, 0, 0, 245, 951
"d:\workshops\eShop\_bmad\tea\workflows\testarch\bmad-teach-me-testing\workflow.md", "Markdown", 0, 0, 0, 0, 61, 0, 0, 0, 0, 0, 0, 0, 0, 0, 0, 0, 0, 0, 30, 91
"d:\workshops\eShop\_bmad\tea\workflows\testarch\bmad-testarch-atdd\SKILL.md", "Skill", 0, 0, 0, 0, 0, 0, 0, 0, 5, 0, 0, 0, 0, 0, 0, 0, 0, 0, 2, 7
"d:\workshops\eShop\_bmad\tea\workflows\testarch\bmad-testarch-atdd\atdd-checklist-template.md", "Markdown", 0, 0, 0, 0, 240, 0, 0, 0, 0, 0, 0, 0, 0, 0, 0, 0, 0, 0, 132, 372
"d:\workshops\eShop\_bmad\tea\workflows\testarch\bmad-testarch-atdd\bmad-skill-manifest.yaml", "YAML", 0, 1, 0, 0, 0, 0, 0, 0, 0, 0, 0, 0, 0, 0, 0, 0, 0, 0, 1, 2
"d:\workshops\eShop\_bmad\tea\workflows\testarch\bmad-testarch-atdd\checklist.md", "Markdown", 0, 0, 0, 0, 279, 0, 0, 0, 0, 0, 0, 0, 0, 0, 0, 0, 0, 0, 96, 375
"d:\workshops\eShop\_bmad\tea\workflows\testarch\bmad-testarch-atdd\instructions.md", "Markdown", 0, 0, 0, 0, 24, 0, 0, 0, 0, 0, 0, 0, 0, 0, 0, 0, 0, 1, 20, 45
"d:\workshops\eShop\_bmad\tea\workflows\testarch\bmad-testarch-atdd\resources\knowledge\adr-quality-readiness-checklist.md", "Markdown", 0, 0, 0, 0, 258, 0, 0, 0, 0, 0, 0, 0, 0, 0, 0, 0, 0, 0, 120, 378
"d:\workshops\eShop\_bmad\tea\workflows\testarch\bmad-testarch-atdd\resources\knowledge\api-request.md", "Markdown", 0, 0, 0, 0, 443, 0, 0, 0, 0, 0, 0, 0, 0, 0, 0, 0, 0, 0, 121, 564
"d:\workshops\eShop\_bmad\tea\workflows\testarch\bmad-testarch-atdd\resources\knowledge\api-testing-patterns.md", "Markdown", 0, 0, 0, 0, 754, 0, 0, 0, 0, 0, 0, 0, 0, 0, 0, 0, 0, 0, 162, 916
"d:\workshops\eShop\_bmad\tea\workflows\testarch\bmad-testarch-atdd\resources\knowledge\auth-session.md", "Markdown", 0, 0, 0, 0, 416, 0, 0, 0, 0, 0, 0, 0, 0, 0, 0, 0, 0, 0, 133, 549
"d:\workshops\eShop\_bmad\tea\workflows\testarch\bmad-testarch-atdd\resources\knowledge\burn-in.md", "Markdown", 0, 0, 0, 0, 198, 0, 0, 0, 0, 0, 0, 0, 0, 0, 0, 0, 0, 0, 76, 274
"d:\workshops\eShop\_bmad\tea\workflows\testarch\bmad-testarch-atdd\resources\knowledge\ci-burn-in.md", "Markdown", 0, 0, 0, 0, 576, 0, 0, 0, 0, 0, 0, 0, 0, 0, 0, 0, 0, 0, 142, 718
"d:\workshops\eShop\_bmad\tea\workflows\testarch\bmad-testarch-atdd\resources\knowledge\component-tdd.md", "Markdown", 0, 0, 0, 0, 380, 0, 0, 0, 0, 0, 0, 0, 0, 0, 0, 0, 0, 0, 107, 487
"d:\workshops\eShop\_bmad\tea\workflows\testarch\bmad-testarch-atdd\resources\knowledge\contract-testing.md", "Markdown", 0, 0, 0, 0, 882, 0, 0, 0, 0, 0, 0, 0, 0, 0, 0, 0, 0, 0, 169, 1051
"d:\workshops\eShop\_bmad\tea\workflows\testarch\bmad-testarch-atdd\resources\knowledge\data-factories.md", "Markdown", 0, 0, 0, 0, 392, 0, 0, 0, 0, 0, 0, 0, 0, 0, 0, 0, 0, 0, 109, 501
"d:\workshops\eShop\_bmad\tea\workflows\testarch\bmad-testarch-atdd\resources\knowledge\email-auth.md", "Markdown", 0, 0, 0, 0, 564, 0, 0, 0, 0, 0, 0, 0, 0, 0, 0, 0, 0, 0, 158, 722
"d:\workshops\eShop\_bmad\tea\workflows\testarch\bmad-testarch-atdd\resources\knowledge\error-handling.md", "Markdown", 0, 0, 0, 0, 579, 0, 0, 0, 0, 0, 0, 0, 0, 0, 0, 0, 0, 0, 147, 726
"d:\workshops\eShop\_bmad\tea\workflows\testarch\bmad-testarch-atdd\resources\knowledge\feature-flags.md", "Markdown", 0, 0, 0, 0, 620, 0, 0, 0, 0, 0, 0, 0, 0, 0, 0, 0, 0, 0, 131, 751
"d:\workshops\eShop\_bmad\tea\workflows\testarch\bmad-testarch-atdd\resources\knowledge\file-utils.md", "Markdown", 0, 0, 0, 0, 342, 0, 0, 0, 0, 0, 0, 0, 0, 0, 0, 0, 0, 0, 115, 457
"d:\workshops\eShop\_bmad\tea\workflows\testarch\bmad-testarch-atdd\resources\knowledge\fixture-architecture.md", "Markdown", 0, 0, 0, 0, 316, 0, 0, 0, 0, 0, 0, 0, 0, 0, 0, 0, 0, 0, 86, 402
"d:\workshops\eShop\_bmad\tea\workflows\testarch\bmad-testarch-atdd\resources\knowledge\fixtures-composition.md", "Markdown", 0, 0, 0, 0, 292, 0, 0, 0, 0, 0, 0, 0, 0, 0, 0, 0, 0, 0, 91, 383
"d:\workshops\eShop\_bmad\tea\workflows\testarch\bmad-testarch-atdd\resources\knowledge\intercept-network-call.md", "Markdown", 0, 0, 0, 0, 318, 0, 0, 0, 0, 0, 0, 0, 0, 0, 0, 0, 0, 0, 109, 427
"d:\workshops\eShop\_bmad\tea\workflows\testarch\bmad-testarch-atdd\resources\knowledge\log.md", "Markdown", 0, 0, 0, 0, 320, 0, 0, 0, 0, 0, 0, 0, 0, 0, 0, 0, 0, 0, 107, 427
"d:\workshops\eShop\_bmad\tea\workflows\testarch\bmad-testarch-atdd\resources\knowledge\network-error-monitor.md", "Markdown", 0, 0, 0, 0, 289, 0, 0, 0, 0, 0, 0, 0, 0, 0, 0, 0, 0, 0, 113, 402
"d:\workshops\eShop\_bmad\tea\workflows\testarch\bmad-testarch-atdd\resources\knowledge\network-first.md", "Markdown", 0, 0, 0, 0, 378, 0, 0, 0, 0, 0, 0, 0, 0, 0, 0, 0, 0, 0, 109, 487
"d:\workshops\eShop\_bmad\tea\workflows\testarch\bmad-testarch-atdd\resources\knowledge\network-recorder.md", "Markdown", 0, 0, 0, 0, 384, 0, 0, 0, 0, 0, 0, 0, 0, 0, 0, 0, 0, 0, 144, 528
"d:\workshops\eShop\_bmad\tea\workflows\testarch\bmad-testarch-atdd\resources\knowledge\nfr-criteria.md", "Markdown", 0, 0, 0, 0, 515, 0, 0, 0, 0, 0, 0, 0, 0, 0, 0, 0, 0, 0, 156, 671
"d:\workshops\eShop\_bmad\tea\workflows\testarch\bmad-testarch-atdd\resources\knowledge\overview.md", "Markdown", 0, 0, 0, 0, 204, 0, 0, 0, 0, 0, 0, 0, 0, 0, 0, 0, 0, 0, 83, 287
"d:\workshops\eShop\_bmad\tea\workflows\testarch\bmad-testarch-atdd\resources\knowledge\pact-consumer-di.md", "Markdown", 0, 0, 0, 0, 238, 0, 0, 0, 0, 0, 0, 0, 0, 0, 0, 0, 0, 0, 73, 311
"d:\workshops\eShop\_bmad\tea\workflows\testarch\bmad-testarch-atdd\resources\knowledge\pact-consumer-framework-setup.md", "Markdown", 0, 0, 0, 0, 495, 0, 0, 0, 0, 0, 0, 0, 0, 0, 0, 0, 0, 0, 141, 636
"d:\workshops\eShop\_bmad\tea\workflows\testarch\bmad-testarch-atdd\resources\knowledge\pact-mcp.md", "Markdown", 0, 0, 0, 0, 152, 0, 0, 0, 0, 0, 0, 0, 0, 0, 0, 0, 0, 0, 53, 205
"d:\workshops\eShop\_bmad\tea\workflows\testarch\bmad-testarch-atdd\resources\knowledge\pactjs-utils-consumer-helpers.md", "Markdown", 0, 0, 0, 0, 216, 0, 0, 0, 0, 0, 0, 0, 0, 0, 0, 0, 0, 0, 55, 271
"d:\workshops\eShop\_bmad\tea\workflows\testarch\bmad-testarch-atdd\resources\knowledge\pactjs-utils-overview.md", "Markdown", 0, 0, 0, 0, 174, 0, 0, 0, 0, 0, 0, 0, 0, 0, 0, 0, 0, 0, 43, 217
"d:\workshops\eShop\_bmad\tea\workflows\testarch\bmad-testarch-atdd\resources\knowledge\pactjs-utils-provider-verifier.md", "Markdown", 0, 0, 0, 0, 258, 0, 0, 0, 0, 0, 0, 0, 0, 0, 0, 0, 0, 0, 58, 316
"d:\workshops\eShop\_bmad\tea\workflows\testarch\bmad-testarch-atdd\resources\knowledge\pactjs-utils-request-filter.md", "Markdown", 0, 0, 0, 0, 177, 0, 0, 0, 0, 0, 0, 0, 0, 0, 0, 0, 0, 0, 48, 225
"d:\workshops\eShop\_bmad\tea\workflows\testarch\bmad-testarch-atdd\resources\knowledge\playwright-cli.md", "Markdown", 0, 0, 0, 0, 138, 0, 0, 0, 0, 0, 0, 0, 0, 0, 0, 0, 0, 0, 55, 193
"d:\workshops\eShop\_bmad\tea\workflows\testarch\bmad-testarch-atdd\resources\knowledge\playwright-config.md", "Markdown", 0, 0, 0, 0, 591, 0, 0, 0, 0, 0, 0, 0, 0, 0, 0, 0, 0, 0, 144, 735
"d:\workshops\eShop\_bmad\tea\workflows\testarch\bmad-testarch-atdd\resources\knowledge\probability-impact.md", "Markdown", 0, 0, 0, 0, 496, 0, 0, 0, 0, 0, 0, 0, 0, 0, 0, 0, 0, 0, 106, 602
"d:\workshops\eShop\_bmad\tea\workflows\testarch\bmad-testarch-atdd\resources\knowledge\recurse.md", "Markdown", 0, 0, 0, 0, 327, 0, 0, 0, 0, 0, 0, 0, 0, 0, 0, 0, 0, 0, 95, 422
"d:\workshops\eShop\_bmad\tea\workflows\testarch\bmad-testarch-atdd\resources\knowledge\risk-governance.md", "Markdown", 0, 0, 0, 0, 499, 0, 0, 0, 0, 0, 0, 0, 0, 0, 0, 0, 0, 0, 117, 616
"d:\workshops\eShop\_bmad\tea\workflows\testarch\bmad-testarch-atdd\resources\knowledge\selective-testing.md", "Markdown", 0, 0, 0, 0, 598, 0, 0, 0, 0, 0, 0, 0, 0, 0, 0, 0, 0, 0, 135, 733
"d:\workshops\eShop\_bmad\tea\workflows\testarch\bmad-testarch-atdd\resources\knowledge\selector-resilience.md", "Markdown", 0, 0, 0, 0, 378, 0, 0, 0, 0, 0, 0, 0, 0, 0, 0, 0, 0, 0, 150, 528
"d:\workshops\eShop\_bmad\tea\workflows\testarch\bmad-testarch-atdd\resources\knowledge\test-healing-patterns.md", "Markdown", 0, 0, 0, 0, 494, 0, 0, 0, 0, 0, 0, 0, 0, 0, 0, 0, 0, 0, 151, 645
"d:\workshops\eShop\_bmad\tea\workflows\testarch\bmad-testarch-atdd\resources\knowledge\test-levels-framework.md", "Markdown", 0, 0, 0, 0, 357, 0, 0, 0, 0, 0, 0, 0, 0, 0, 0, 0, 0, 1, 116, 474
"d:\workshops\eShop\_bmad\tea\workflows\testarch\bmad-testarch-atdd\resources\knowledge\test-priorities-matrix.md", "Markdown", 0, 0, 0, 0, 281, 0, 0, 0, 0, 0, 0, 0, 0, 0, 0, 0, 0, 1, 92, 374
"d:\workshops\eShop\_bmad\tea\workflows\testarch\bmad-testarch-atdd\resources\knowledge\test-quality.md", "Markdown", 0, 0, 0, 0, 517, 0, 0, 0, 0, 0, 0, 0, 0, 0, 0, 0, 0, 0, 148, 665
"d:\workshops\eShop\_bmad\tea\workflows\testarch\bmad-testarch-atdd\resources\knowledge\timing-debugging.md", "Markdown", 0, 0, 0, 0, 272, 0, 0, 0, 0, 0, 0, 0, 0, 0, 0, 0, 0, 0, 101, 373
"d:\workshops\eShop\_bmad\tea\workflows\testarch\bmad-testarch-atdd\resources\knowledge\visual-debugging.md", "Markdown", 0, 0, 0, 0, 392, 0, 0, 0, 0, 0, 0, 0, 0, 0, 0, 0, 0, 0, 136, 528
"d:\workshops\eShop\_bmad\tea\workflows\testarch\bmad-testarch-atdd\resources\tea-index.csv", "CSV", 0, 0, 0, 0, 0, 0, 0, 43, 0, 0, 0, 0, 0, 0, 0, 0, 0, 0, 1, 44
"d:\workshops\eShop\_bmad\tea\workflows\testarch\bmad-testarch-atdd\steps-c\step-01-preflight-and-context.md", "Markdown", 0, 0, 0, 0, 139, 0, 0, 0, 0, 0, 0, 0, 0, 0, 0, 0, 0, 0, 88, 227
"d:\workshops\eShop\_bmad\tea\workflows\testarch\bmad-testarch-atdd\steps-c\step-01b-resume.md", "Markdown", 0, 0, 0, 0, 60, 0, 0, 0, 0, 0, 0, 0, 0, 0, 0, 0, 0, 0, 37, 97
"d:\workshops\eShop\_bmad\tea\workflows\testarch\bmad-testarch-atdd\steps-c\step-02-generation-mode.md", "Markdown", 0, 0, 0, 0, 78, 0, 0, 0, 0, 0, 0, 0, 0, 0, 0, 0, 0, 0, 48, 126
"d:\workshops\eShop\_bmad\tea\workflows\testarch\bmad-testarch-atdd\steps-c\step-03-test-strategy.md", "Markdown", 0, 0, 0, 0, 70, 0, 0, 0, 0, 0, 0, 0, 0, 0, 0, 0, 0, 0, 41, 111
"d:\workshops\eShop\_bmad\tea\workflows\testarch\bmad-testarch-atdd\steps-c\step-04-generate-tests.md", "Markdown", 0, 0, 0, 0, 245, 0, 0, 0, 0, 0, 0, 0, 0, 0, 0, 0, 0, 0, 90, 335
"d:\workshops\eShop\_bmad\tea\workflows\testarch\bmad-testarch-atdd\steps-c\step-04a-subagent-api-failing.md", "Markdown", 0, 0, 0, 0, 232, 0, 0, 0, 0, 0, 0, 0, 0, 0, 0, 0, 0, 0, 63, 295
"d:\workshops\eShop\_bmad\tea\workflows\testarch\bmad-testarch-atdd\steps-c\step-04b-subagent-e2e-failing.md", "Markdown", 0, 0, 0, 0, 182, 0, 0, 0, 0, 0, 0, 0, 0, 0, 0, 0, 0, 0, 63, 245
"d:\workshops\eShop\_bmad\tea\workflows\testarch\bmad-testarch-atdd\steps-c\step-04c-aggregate.md", "Markdown", 0, 0, 0, 0, 265, 0, 0, 0, 0, 0, 0, 0, 0, 0, 0, 0, 0, 0, 106, 371
"d:\workshops\eShop\_bmad\tea\workflows\testarch\bmad-testarch-atdd\steps-c\step-05-validate-and-complete.md", "Markdown", 0, 0, 0, 0, 70, 0, 0, 0, 0, 0, 0, 0, 0, 0, 0, 0, 0, 0, 37, 107
"d:\workshops\eShop\_bmad\tea\workflows\testarch\bmad-testarch-atdd\steps-e\step-01-assess.md", "Markdown", 0, 0, 0, 0, 37, 0, 0, 0, 0, 0, 0, 0, 0, 0, 0, 0, 0, 0, 29, 66
"d:\workshops\eShop\_bmad\tea\workflows\testarch\bmad-testarch-atdd\steps-e\step-02-apply-edit.md", "Markdown", 0, 0, 0, 0, 33, 0, 0, 0, 0, 0, 0, 0, 0, 0, 0, 0, 0, 0, 28, 61
"d:\workshops\eShop\_bmad\tea\workflows\testarch\bmad-testarch-atdd\steps-v\step-01-validate.md", "Markdown", 0, 0, 0, 0, 40, 0, 0, 0, 0, 0, 0, 0, 0, 0, 0, 0, 0, 0, 28, 68
"d:\workshops\eShop\_bmad\tea\workflows\testarch\bmad-testarch-atdd\validation-report-20260127-095021.md", "Markdown", 0, 0, 0, 0, 51, 0, 0, 0, 0, 0, 0, 0, 0, 0, 0, 0, 0, 0, 23, 74
"d:\workshops\eShop\_bmad\tea\workflows\testarch\bmad-testarch-atdd\validation-report-20260127-102401.md", "Markdown", 0, 0, 0, 0, 81, 0, 0, 0, 0, 0, 0, 0, 0, 0, 0, 0, 0, 0, 36, 117
"d:\workshops\eShop\_bmad\tea\workflows\testarch\bmad-testarch-atdd\workflow-plan.md", "Markdown", 0, 0, 0, 0, 15, 0, 0, 0, 0, 0, 0, 0, 0, 0, 0, 0, 0, 0, 7, 22
"d:\workshops\eShop\_bmad\tea\workflows\testarch\bmad-testarch-atdd\workflow.md", "Markdown", 0, 0, 0, 0, 27, 0, 0, 0, 0, 0, 0, 0, 0, 0, 0, 0, 0, 0, 15, 42
"d:\workshops\eShop\_bmad\tea\workflows\testarch\bmad-testarch-atdd\workflow.yaml", "YAML", 0, 32, 0, 0, 0, 0, 0, 0, 0, 0, 0, 0, 0, 0, 0, 0, 0, 7, 8, 47
"d:\workshops\eShop\_bmad\tea\workflows\testarch\bmad-testarch-automate\SKILL.md", "Skill", 0, 0, 0, 0, 0, 0, 0, 0, 5, 0, 0, 0, 0, 0, 0, 0, 0, 0, 2, 7
"d:\workshops\eShop\_bmad\tea\workflows\testarch\bmad-testarch-automate\bmad-skill-manifest.yaml", "YAML", 0, 1, 0, 0, 0, 0, 0, 0, 0, 0, 0, 0, 0, 0, 0, 0, 0, 0, 1, 2
"d:\workshops\eShop\_bmad\tea\workflows\testarch\bmad-testarch-automate\checklist.md", "Markdown", 0, 0, 0, 0, 457, 0, 0, 0, 0, 0, 0, 0, 0, 0, 0, 0, 0, 0, 155, 612
"d:\workshops\eShop\_bmad\tea\workflows\testarch\bmad-testarch-automate\instructions.md", "Markdown", 0, 0, 0, 0, 27, 0, 0, 0, 0, 0, 0, 0, 0, 0, 0, 0, 0, 1, 22, 50
"d:\workshops\eShop\_bmad\tea\workflows\testarch\bmad-testarch-automate\resources\knowledge\adr-quality-readiness-checklist.md", "Markdown", 0, 0, 0, 0, 258, 0, 0, 0, 0, 0, 0, 0, 0, 0, 0, 0, 0, 0, 120, 378
"d:\workshops\eShop\_bmad\tea\workflows\testarch\bmad-testarch-automate\resources\knowledge\api-request.md", "Markdown", 0, 0, 0, 0, 443, 0, 0, 0, 0, 0, 0, 0, 0, 0, 0, 0, 0, 0, 121, 564
"d:\workshops\eShop\_bmad\tea\workflows\testarch\bmad-testarch-automate\resources\knowledge\api-testing-patterns.md", "Markdown", 0, 0, 0, 0, 754, 0, 0, 0, 0, 0, 0, 0, 0, 0, 0, 0, 0, 0, 162, 916
"d:\workshops\eShop\_bmad\tea\workflows\testarch\bmad-testarch-automate\resources\knowledge\auth-session.md", "Markdown", 0, 0, 0, 0, 416, 0, 0, 0, 0, 0, 0, 0, 0, 0, 0, 0, 0, 0, 133, 549
"d:\workshops\eShop\_bmad\tea\workflows\testarch\bmad-testarch-automate\resources\knowledge\burn-in.md", "Markdown", 0, 0, 0, 0, 198, 0, 0, 0, 0, 0, 0, 0, 0, 0, 0, 0, 0, 0, 76, 274
"d:\workshops\eShop\_bmad\tea\workflows\testarch\bmad-testarch-automate\resources\knowledge\ci-burn-in.md", "Markdown", 0, 0, 0, 0, 576, 0, 0, 0, 0, 0, 0, 0, 0, 0, 0, 0, 0, 0, 142, 718
"d:\workshops\eShop\_bmad\tea\workflows\testarch\bmad-testarch-automate\resources\knowledge\component-tdd.md", "Markdown", 0, 0, 0, 0, 380, 0, 0, 0, 0, 0, 0, 0, 0, 0, 0, 0, 0, 0, 107, 487
"d:\workshops\eShop\_bmad\tea\workflows\testarch\bmad-testarch-automate\resources\knowledge\contract-testing.md", "Markdown", 0, 0, 0, 0, 882, 0, 0, 0, 0, 0, 0, 0, 0, 0, 0, 0, 0, 0, 169, 1051
"d:\workshops\eShop\_bmad\tea\workflows\testarch\bmad-testarch-automate\resources\knowledge\data-factories.md", "Markdown", 0, 0, 0, 0, 392, 0, 0, 0, 0, 0, 0, 0, 0, 0, 0, 0, 0, 0, 109, 501
"d:\workshops\eShop\_bmad\tea\workflows\testarch\bmad-testarch-automate\resources\knowledge\email-auth.md", "Markdown", 0, 0, 0, 0, 564, 0, 0, 0, 0, 0, 0, 0, 0, 0, 0, 0, 0, 0, 158, 722
"d:\workshops\eShop\_bmad\tea\workflows\testarch\bmad-testarch-automate\resources\knowledge\error-handling.md", "Markdown", 0, 0, 0, 0, 579, 0, 0, 0, 0, 0, 0, 0, 0, 0, 0, 0, 0, 0, 147, 726
"d:\workshops\eShop\_bmad\tea\workflows\testarch\bmad-testarch-automate\resources\knowledge\feature-flags.md", "Markdown", 0, 0, 0, 0, 620, 0, 0, 0, 0, 0, 0, 0, 0, 0, 0, 0, 0, 0, 131, 751
"d:\workshops\eShop\_bmad\tea\workflows\testarch\bmad-testarch-automate\resources\knowledge\file-utils.md", "Markdown", 0, 0, 0, 0, 342, 0, 0, 0, 0, 0, 0, 0, 0, 0, 0, 0, 0, 0, 115, 457
"d:\workshops\eShop\_bmad\tea\workflows\testarch\bmad-testarch-automate\resources\knowledge\fixture-architecture.md", "Markdown", 0, 0, 0, 0, 316, 0, 0, 0, 0, 0, 0, 0, 0, 0, 0, 0, 0, 0, 86, 402
"d:\workshops\eShop\_bmad\tea\workflows\testarch\bmad-testarch-automate\resources\knowledge\fixtures-composition.md", "Markdown", 0, 0, 0, 0, 292, 0, 0, 0, 0, 0, 0, 0, 0, 0, 0, 0, 0, 0, 91, 383
"d:\workshops\eShop\_bmad\tea\workflows\testarch\bmad-testarch-automate\resources\knowledge\intercept-network-call.md", "Markdown", 0, 0, 0, 0, 318, 0, 0, 0, 0, 0, 0, 0, 0, 0, 0, 0, 0, 0, 109, 427
"d:\workshops\eShop\_bmad\tea\workflows\testarch\bmad-testarch-automate\resources\knowledge\log.md", "Markdown", 0, 0, 0, 0, 320, 0, 0, 0, 0, 0, 0, 0, 0, 0, 0, 0, 0, 0, 107, 427
"d:\workshops\eShop\_bmad\tea\workflows\testarch\bmad-testarch-automate\resources\knowledge\network-error-monitor.md", "Markdown", 0, 0, 0, 0, 289, 0, 0, 0, 0, 0, 0, 0, 0, 0, 0, 0, 0, 0, 113, 402
"d:\workshops\eShop\_bmad\tea\workflows\testarch\bmad-testarch-automate\resources\knowledge\network-first.md", "Markdown", 0, 0, 0, 0, 378, 0, 0, 0, 0, 0, 0, 0, 0, 0, 0, 0, 0, 0, 109, 487
"d:\workshops\eShop\_bmad\tea\workflows\testarch\bmad-testarch-automate\resources\knowledge\network-recorder.md", "Markdown", 0, 0, 0, 0, 384, 0, 0, 0, 0, 0, 0, 0, 0, 0, 0, 0, 0, 0, 144, 528
"d:\workshops\eShop\_bmad\tea\workflows\testarch\bmad-testarch-automate\resources\knowledge\nfr-criteria.md", "Markdown", 0, 0, 0, 0, 515, 0, 0, 0, 0, 0, 0, 0, 0, 0, 0, 0, 0, 0, 156, 671
"d:\workshops\eShop\_bmad\tea\workflows\testarch\bmad-testarch-automate\resources\knowledge\overview.md", "Markdown", 0, 0, 0, 0, 204, 0, 0, 0, 0, 0, 0, 0, 0, 0, 0, 0, 0, 0, 83, 287
"d:\workshops\eShop\_bmad\tea\workflows\testarch\bmad-testarch-automate\resources\knowledge\pact-consumer-di.md", "Markdown", 0, 0, 0, 0, 238, 0, 0, 0, 0, 0, 0, 0, 0, 0, 0, 0, 0, 0, 73, 311
"d:\workshops\eShop\_bmad\tea\workflows\testarch\bmad-testarch-automate\resources\knowledge\pact-consumer-framework-setup.md", "Markdown", 0, 0, 0, 0, 495, 0, 0, 0, 0, 0, 0, 0, 0, 0, 0, 0, 0, 0, 141, 636
"d:\workshops\eShop\_bmad\tea\workflows\testarch\bmad-testarch-automate\resources\knowledge\pact-mcp.md", "Markdown", 0, 0, 0, 0, 152, 0, 0, 0, 0, 0, 0, 0, 0, 0, 0, 0, 0, 0, 53, 205
"d:\workshops\eShop\_bmad\tea\workflows\testarch\bmad-testarch-automate\resources\knowledge\pactjs-utils-consumer-helpers.md", "Markdown", 0, 0, 0, 0, 216, 0, 0, 0, 0, 0, 0, 0, 0, 0, 0, 0, 0, 0, 55, 271
"d:\workshops\eShop\_bmad\tea\workflows\testarch\bmad-testarch-automate\resources\knowledge\pactjs-utils-overview.md", "Markdown", 0, 0, 0, 0, 174, 0, 0, 0, 0, 0, 0, 0, 0, 0, 0, 0, 0, 0, 43, 217
"d:\workshops\eShop\_bmad\tea\workflows\testarch\bmad-testarch-automate\resources\knowledge\pactjs-utils-provider-verifier.md", "Markdown", 0, 0, 0, 0, 258, 0, 0, 0, 0, 0, 0, 0, 0, 0, 0, 0, 0, 0, 58, 316
"d:\workshops\eShop\_bmad\tea\workflows\testarch\bmad-testarch-automate\resources\knowledge\pactjs-utils-request-filter.md", "Markdown", 0, 0, 0, 0, 177, 0, 0, 0, 0, 0, 0, 0, 0, 0, 0, 0, 0, 0, 48, 225
"d:\workshops\eShop\_bmad\tea\workflows\testarch\bmad-testarch-automate\resources\knowledge\playwright-cli.md", "Markdown", 0, 0, 0, 0, 138, 0, 0, 0, 0, 0, 0, 0, 0, 0, 0, 0, 0, 0, 55, 193
"d:\workshops\eShop\_bmad\tea\workflows\testarch\bmad-testarch-automate\resources\knowledge\playwright-config.md", "Markdown", 0, 0, 0, 0, 591, 0, 0, 0, 0, 0, 0, 0, 0, 0, 0, 0, 0, 0, 144, 735
"d:\workshops\eShop\_bmad\tea\workflows\testarch\bmad-testarch-automate\resources\knowledge\probability-impact.md", "Markdown", 0, 0, 0, 0, 496, 0, 0, 0, 0, 0, 0, 0, 0, 0, 0, 0, 0, 0, 106, 602
"d:\workshops\eShop\_bmad\tea\workflows\testarch\bmad-testarch-automate\resources\knowledge\recurse.md", "Markdown", 0, 0, 0, 0, 327, 0, 0, 0, 0, 0, 0, 0, 0, 0, 0, 0, 0, 0, 95, 422
"d:\workshops\eShop\_bmad\tea\workflows\testarch\bmad-testarch-automate\resources\knowledge\risk-governance.md", "Markdown", 0, 0, 0, 0, 499, 0, 0, 0, 0, 0, 0, 0, 0, 0, 0, 0, 0, 0, 117, 616
"d:\workshops\eShop\_bmad\tea\workflows\testarch\bmad-testarch-automate\resources\knowledge\selective-testing.md", "Markdown", 0, 0, 0, 0, 598, 0, 0, 0, 0, 0, 0, 0, 0, 0, 0, 0, 0, 0, 135, 733
"d:\workshops\eShop\_bmad\tea\workflows\testarch\bmad-testarch-automate\resources\knowledge\selector-resilience.md", "Markdown", 0, 0, 0, 0, 378, 0, 0, 0, 0, 0, 0, 0, 0, 0, 0, 0, 0, 0, 150, 528
"d:\workshops\eShop\_bmad\tea\workflows\testarch\bmad-testarch-automate\resources\knowledge\test-healing-patterns.md", "Markdown", 0, 0, 0, 0, 494, 0, 0, 0, 0, 0, 0, 0, 0, 0, 0, 0, 0, 0, 151, 645
"d:\workshops\eShop\_bmad\tea\workflows\testarch\bmad-testarch-automate\resources\knowledge\test-levels-framework.md", "Markdown", 0, 0, 0, 0, 357, 0, 0, 0, 0, 0, 0, 0, 0, 0, 0, 0, 0, 1, 116, 474
"d:\workshops\eShop\_bmad\tea\workflows\testarch\bmad-testarch-automate\resources\knowledge\test-priorities-matrix.md", "Markdown", 0, 0, 0, 0, 281, 0, 0, 0, 0, 0, 0, 0, 0, 0, 0, 0, 0, 1, 92, 374
"d:\workshops\eShop\_bmad\tea\workflows\testarch\bmad-testarch-automate\resources\knowledge\test-quality.md", "Markdown", 0, 0, 0, 0, 517, 0, 0, 0, 0, 0, 0, 0, 0, 0, 0, 0, 0, 0, 148, 665
"d:\workshops\eShop\_bmad\tea\workflows\testarch\bmad-testarch-automate\resources\knowledge\timing-debugging.md", "Markdown", 0, 0, 0, 0, 272, 0, 0, 0, 0, 0, 0, 0, 0, 0, 0, 0, 0, 0, 101, 373
"d:\workshops\eShop\_bmad\tea\workflows\testarch\bmad-testarch-automate\resources\knowledge\visual-debugging.md", "Markdown", 0, 0, 0, 0, 392, 0, 0, 0, 0, 0, 0, 0, 0, 0, 0, 0, 0, 0, 136, 528
"d:\workshops\eShop\_bmad\tea\workflows\testarch\bmad-testarch-automate\resources\tea-index.csv", "CSV", 0, 0, 0, 0, 0, 0, 0, 43, 0, 0, 0, 0, 0, 0, 0, 0, 0, 0, 1, 44
"d:\workshops\eShop\_bmad\tea\workflows\testarch\bmad-testarch-automate\steps-c\step-01-preflight-and-context.md", "Markdown", 0, 0, 0, 0, 145, 0, 0, 0, 0, 0, 0, 0, 0, 0, 0, 0, 0, 0, 93, 238
"d:\workshops\eShop\_bmad\tea\workflows\testarch\bmad-testarch-automate\steps-c\step-01b-resume.md", "Markdown", 0, 0, 0, 0, 58, 0, 0, 0, 0, 0, 0, 0, 0, 0, 0, 0, 0, 0, 37, 95
"d:\workshops\eShop\_bmad\tea\workflows\testarch\bmad-testarch-automate\steps-c\step-02-identify-targets.md", "Markdown", 0, 0, 0, 0, 112, 0, 0, 0, 0, 0, 0, 0, 0, 0, 0, 0, 0, 0, 58, 170
"d:\workshops\eShop\_bmad\tea\workflows\testarch\bmad-testarch-automate\steps-c\step-03-generate-tests.md", "Markdown", 0, 0, 0, 0, 285, 0, 0, 0, 0, 0, 0, 0, 0, 0, 0, 0, 0, 0, 110, 395
"d:\workshops\eShop\_bmad\tea\workflows\testarch\bmad-testarch-automate\steps-c\step-03a-subagent-api.md", "Markdown", 0, 0, 0, 0, 202, 0, 0, 0, 0, 0, 0, 0, 0, 0, 0, 0, 0, 0, 62, 264
"d:\workshops\eShop\_bmad\tea\workflows\testarch\bmad-testarch-automate\steps-c\step-03b-subagent-backend.md", "Markdown", 0, 0, 0, 0, 191, 0, 0, 0, 0, 0, 0, 0, 0, 0, 0, 0, 0, 0, 56, 247
"d:\workshops\eShop\_bmad\tea\workflows\testarch\bmad-testarch-automate\steps-c\step-03b-subagent-e2e.md", "Markdown", 0, 0, 0, 0, 157, 0, 0, 0, 0, 0, 0, 0, 0, 0, 0, 0, 0, 0, 57, 214
"d:\workshops\eShop\_bmad\tea\workflows\testarch\bmad-testarch-automate\steps-c\step-03c-aggregate.md", "Markdown", 0, 0, 0, 0, 302, 0, 0, 0, 0, 0, 0, 0, 0, 0, 0, 0, 0, 0, 97, 399
"d:\workshops\eShop\_bmad\tea\workflows\testarch\bmad-testarch-automate\steps-c\step-04-validate-and-summarize.md", "Markdown", 0, 0, 0, 0, 70, 0, 0, 0, 0, 0, 0, 0, 0, 0, 0, 0, 0, 0, 37, 107
"d:\workshops\eShop\_bmad\tea\workflows\testarch\bmad-testarch-automate\steps-e\step-01-assess.md", "Markdown", 0, 0, 0, 0, 37, 0, 0, 0, 0, 0, 0, 0, 0, 0, 0, 0, 0, 0, 29, 66
"d:\workshops\eShop\_bmad\tea\workflows\testarch\bmad-testarch-automate\steps-e\step-02-apply-edit.md", "Markdown", 0, 0, 0, 0, 33, 0, 0, 0, 0, 0, 0, 0, 0, 0, 0, 0, 0, 0, 28, 61
"d:\workshops\eShop\_bmad\tea\workflows\testarch\bmad-testarch-automate\steps-v\step-01-validate.md", "Markdown", 0, 0, 0, 0, 40, 0, 0, 0, 0, 0, 0, 0, 0, 0, 0, 0, 0, 0, 28, 68
"d:\workshops\eShop\_bmad\tea\workflows\testarch\bmad-testarch-automate\validation-report-20260127-095021.md", "Markdown", 0, 0, 0, 0, 50, 0, 0, 0, 0, 0, 0, 0, 0, 0, 0, 0, 0, 0, 23, 73
"d:\workshops\eShop\_bmad\tea\workflows\testarch\bmad-testarch-automate\validation-report-20260127-102401.md", "Markdown", 0, 0, 0, 0, 79, 0, 0, 0, 0, 0, 0, 0, 0, 0, 0, 0, 0, 0, 36, 115
"d:\workshops\eShop\_bmad\tea\workflows\testarch\bmad-testarch-automate\workflow-plan.md", "Markdown", 0, 0, 0, 0, 14, 0, 0, 0, 0, 0, 0, 0, 0, 0, 0, 0, 0, 0, 7, 21
"d:\workshops\eShop\_bmad\tea\workflows\testarch\bmad-testarch-automate\workflow.md", "Markdown", 0, 0, 0, 0, 27, 0, 0, 0, 0, 0, 0, 0, 0, 0, 0, 0, 0, 0, 15, 42
"d:\workshops\eShop\_bmad\tea\workflows\testarch\bmad-testarch-automate\workflow.yaml", "YAML", 0, 36, 0, 0, 0, 0, 0, 0, 0, 0, 0, 0, 0, 0, 0, 0, 0, 9, 9, 54
"d:\workshops\eShop\_bmad\tea\workflows\testarch\bmad-testarch-ci\SKILL.md", "Skill", 0, 0, 0, 0, 0, 0, 0, 0, 5, 0, 0, 0, 0, 0, 0, 0, 0, 0, 2, 7
"d:\workshops\eShop\_bmad\tea\workflows\testarch\bmad-testarch-ci\azure-pipelines-template.yaml", "YAML", 0, 118, 0, 0, 0, 0, 0, 0, 0, 0, 0, 0, 0, 0, 0, 0, 0, 18, 20, 156
"d:\workshops\eShop\_bmad\tea\workflows\testarch\bmad-testarch-ci\bmad-skill-manifest.yaml", "YAML", 0, 1, 0, 0, 0, 0, 0, 0, 0, 0, 0, 0, 0, 0, 0, 0, 0, 0, 1, 2
"d:\workshops\eShop\_bmad\tea\workflows\testarch\bmad-testarch-ci\checklist.md", "Markdown", 0, 0, 0, 0, 207, 0, 0, 0, 0, 0, 0, 0, 0, 0, 0, 0, 0, 0, 83, 290
"d:\workshops\eShop\_bmad\tea\workflows\testarch\bmad-testarch-ci\github-actions-template.yaml", "YAML", 0, 157, 0, 0, 0, 0, 0, 0, 0, 0, 0, 0, 0, 0, 0, 0, 0, 138, 34, 329
"d:\workshops\eShop\_bmad\tea\workflows\testarch\bmad-testarch-ci\gitlab-ci-template.yaml", "YAML", 0, 125, 0, 0, 0, 0, 0, 0, 0, 0, 0, 0, 0, 0, 0, 0, 0, 22, 12, 159
"d:\workshops\eShop\_bmad\tea\workflows\testarch\bmad-testarch-ci\harness-pipeline-template.yaml", "YAML", 0, 137, 0, 0, 0, 0, 0, 0, 0, 0, 0, 0, 0, 0, 0, 0, 0, 17, 7, 161
"d:\workshops\eShop\_bmad\tea\workflows\testarch\bmad-testarch-ci\instructions.md", "Markdown", 0, 0, 0, 0, 24, 0, 0, 0, 0, 0, 0, 0, 0, 0, 0, 0, 0, 1, 20, 45
"d:\workshops\eShop\_bmad\tea\workflows\testarch\bmad-testarch-ci\jenkins-pipeline-template.groovy", "Groovy", 0, 0, 0, 0, 0, 0, 0, 0, 0, 0, 0, 95, 0, 0, 0, 0, 0, 25, 10, 130
"d:\workshops\eShop\_bmad\tea\workflows\testarch\bmad-testarch-ci\resources\knowledge\adr-quality-readiness-checklist.md", "Markdown", 0, 0, 0, 0, 258, 0, 0, 0, 0, 0, 0, 0, 0, 0, 0, 0, 0, 0, 120, 378
"d:\workshops\eShop\_bmad\tea\workflows\testarch\bmad-testarch-ci\resources\knowledge\api-request.md", "Markdown", 0, 0, 0, 0, 443, 0, 0, 0, 0, 0, 0, 0, 0, 0, 0, 0, 0, 0, 121, 564
"d:\workshops\eShop\_bmad\tea\workflows\testarch\bmad-testarch-ci\resources\knowledge\api-testing-patterns.md", "Markdown", 0, 0, 0, 0, 754, 0, 0, 0, 0, 0, 0, 0, 0, 0, 0, 0, 0, 0, 162, 916
"d:\workshops\eShop\_bmad\tea\workflows\testarch\bmad-testarch-ci\resources\knowledge\auth-session.md", "Markdown", 0, 0, 0, 0, 416, 0, 0, 0, 0, 0, 0, 0, 0, 0, 0, 0, 0, 0, 133, 549
"d:\workshops\eShop\_bmad\tea\workflows\testarch\bmad-testarch-ci\resources\knowledge\burn-in.md", "Markdown", 0, 0, 0, 0, 198, 0, 0, 0, 0, 0, 0, 0, 0, 0, 0, 0, 0, 0, 76, 274
"d:\workshops\eShop\_bmad\tea\workflows\testarch\bmad-testarch-ci\resources\knowledge\ci-burn-in.md", "Markdown", 0, 0, 0, 0, 576, 0, 0, 0, 0, 0, 0, 0, 0, 0, 0, 0, 0, 0, 142, 718
"d:\workshops\eShop\_bmad\tea\workflows\testarch\bmad-testarch-ci\resources\knowledge\component-tdd.md", "Markdown", 0, 0, 0, 0, 380, 0, 0, 0, 0, 0, 0, 0, 0, 0, 0, 0, 0, 0, 107, 487
"d:\workshops\eShop\_bmad\tea\workflows\testarch\bmad-testarch-ci\resources\knowledge\contract-testing.md", "Markdown", 0, 0, 0, 0, 882, 0, 0, 0, 0, 0, 0, 0, 0, 0, 0, 0, 0, 0, 169, 1051
"d:\workshops\eShop\_bmad\tea\workflows\testarch\bmad-testarch-ci\resources\knowledge\data-factories.md", "Markdown", 0, 0, 0, 0, 392, 0, 0, 0, 0, 0, 0, 0, 0, 0, 0, 0, 0, 0, 109, 501
"d:\workshops\eShop\_bmad\tea\workflows\testarch\bmad-testarch-ci\resources\knowledge\email-auth.md", "Markdown", 0, 0, 0, 0, 564, 0, 0, 0, 0, 0, 0, 0, 0, 0, 0, 0, 0, 0, 158, 722
"d:\workshops\eShop\_bmad\tea\workflows\testarch\bmad-testarch-ci\resources\knowledge\error-handling.md", "Markdown", 0, 0, 0, 0, 579, 0, 0, 0, 0, 0, 0, 0, 0, 0, 0, 0, 0, 0, 147, 726
"d:\workshops\eShop\_bmad\tea\workflows\testarch\bmad-testarch-ci\resources\knowledge\feature-flags.md", "Markdown", 0, 0, 0, 0, 620, 0, 0, 0, 0, 0, 0, 0, 0, 0, 0, 0, 0, 0, 131, 751
"d:\workshops\eShop\_bmad\tea\workflows\testarch\bmad-testarch-ci\resources\knowledge\file-utils.md", "Markdown", 0, 0, 0, 0, 342, 0, 0, 0, 0, 0, 0, 0, 0, 0, 0, 0, 0, 0, 115, 457
"d:\workshops\eShop\_bmad\tea\workflows\testarch\bmad-testarch-ci\resources\knowledge\fixture-architecture.md", "Markdown", 0, 0, 0, 0, 316, 0, 0, 0, 0, 0, 0, 0, 0, 0, 0, 0, 0, 0, 86, 402
"d:\workshops\eShop\_bmad\tea\workflows\testarch\bmad-testarch-ci\resources\knowledge\fixtures-composition.md", "Markdown", 0, 0, 0, 0, 292, 0, 0, 0, 0, 0, 0, 0, 0, 0, 0, 0, 0, 0, 91, 383
"d:\workshops\eShop\_bmad\tea\workflows\testarch\bmad-testarch-ci\resources\knowledge\intercept-network-call.md", "Markdown", 0, 0, 0, 0, 318, 0, 0, 0, 0, 0, 0, 0, 0, 0, 0, 0, 0, 0, 109, 427
"d:\workshops\eShop\_bmad\tea\workflows\testarch\bmad-testarch-ci\resources\knowledge\log.md", "Markdown", 0, 0, 0, 0, 320, 0, 0, 0, 0, 0, 0, 0, 0, 0, 0, 0, 0, 0, 107, 427
"d:\workshops\eShop\_bmad\tea\workflows\testarch\bmad-testarch-ci\resources\knowledge\network-error-monitor.md", "Markdown", 0, 0, 0, 0, 289, 0, 0, 0, 0, 0, 0, 0, 0, 0, 0, 0, 0, 0, 113, 402
"d:\workshops\eShop\_bmad\tea\workflows\testarch\bmad-testarch-ci\resources\knowledge\network-first.md", "Markdown", 0, 0, 0, 0, 378, 0, 0, 0, 0, 0, 0, 0, 0, 0, 0, 0, 0, 0, 109, 487
"d:\workshops\eShop\_bmad\tea\workflows\testarch\bmad-testarch-ci\resources\knowledge\network-recorder.md", "Markdown", 0, 0, 0, 0, 384, 0, 0, 0, 0, 0, 0, 0, 0, 0, 0, 0, 0, 0, 144, 528
"d:\workshops\eShop\_bmad\tea\workflows\testarch\bmad-testarch-ci\resources\knowledge\nfr-criteria.md", "Markdown", 0, 0, 0, 0, 515, 0, 0, 0, 0, 0, 0, 0, 0, 0, 0, 0, 0, 0, 156, 671
"d:\workshops\eShop\_bmad\tea\workflows\testarch\bmad-testarch-ci\resources\knowledge\overview.md", "Markdown", 0, 0, 0, 0, 204, 0, 0, 0, 0, 0, 0, 0, 0, 0, 0, 0, 0, 0, 83, 287
"d:\workshops\eShop\_bmad\tea\workflows\testarch\bmad-testarch-ci\resources\knowledge\pact-consumer-di.md", "Markdown", 0, 0, 0, 0, 238, 0, 0, 0, 0, 0, 0, 0, 0, 0, 0, 0, 0, 0, 73, 311
"d:\workshops\eShop\_bmad\tea\workflows\testarch\bmad-testarch-ci\resources\knowledge\pact-consumer-framework-setup.md", "Markdown", 0, 0, 0, 0, 495, 0, 0, 0, 0, 0, 0, 0, 0, 0, 0, 0, 0, 0, 141, 636
"d:\workshops\eShop\_bmad\tea\workflows\testarch\bmad-testarch-ci\resources\knowledge\pact-mcp.md", "Markdown", 0, 0, 0, 0, 152, 0, 0, 0, 0, 0, 0, 0, 0, 0, 0, 0, 0, 0, 53, 205
"d:\workshops\eShop\_bmad\tea\workflows\testarch\bmad-testarch-ci\resources\knowledge\pactjs-utils-consumer-helpers.md", "Markdown", 0, 0, 0, 0, 216, 0, 0, 0, 0, 0, 0, 0, 0, 0, 0, 0, 0, 0, 55, 271
"d:\workshops\eShop\_bmad\tea\workflows\testarch\bmad-testarch-ci\resources\knowledge\pactjs-utils-overview.md", "Markdown", 0, 0, 0, 0, 174, 0, 0, 0, 0, 0, 0, 0, 0, 0, 0, 0, 0, 0, 43, 217
"d:\workshops\eShop\_bmad\tea\workflows\testarch\bmad-testarch-ci\resources\knowledge\pactjs-utils-provider-verifier.md", "Markdown", 0, 0, 0, 0, 258, 0, 0, 0, 0, 0, 0, 0, 0, 0, 0, 0, 0, 0, 58, 316
"d:\workshops\eShop\_bmad\tea\workflows\testarch\bmad-testarch-ci\resources\knowledge\pactjs-utils-request-filter.md", "Markdown", 0, 0, 0, 0, 177, 0, 0, 0, 0, 0, 0, 0, 0, 0, 0, 0, 0, 0, 48, 225
"d:\workshops\eShop\_bmad\tea\workflows\testarch\bmad-testarch-ci\resources\knowledge\playwright-cli.md", "Markdown", 0, 0, 0, 0, 138, 0, 0, 0, 0, 0, 0, 0, 0, 0, 0, 0, 0, 0, 55, 193
"d:\workshops\eShop\_bmad\tea\workflows\testarch\bmad-testarch-ci\resources\knowledge\playwright-config.md", "Markdown", 0, 0, 0, 0, 591, 0, 0, 0, 0, 0, 0, 0, 0, 0, 0, 0, 0, 0, 144, 735
"d:\workshops\eShop\_bmad\tea\workflows\testarch\bmad-testarch-ci\resources\knowledge\probability-impact.md", "Markdown", 0, 0, 0, 0, 496, 0, 0, 0, 0, 0, 0, 0, 0, 0, 0, 0, 0, 0, 106, 602
"d:\workshops\eShop\_bmad\tea\workflows\testarch\bmad-testarch-ci\resources\knowledge\recurse.md", "Markdown", 0, 0, 0, 0, 327, 0, 0, 0, 0, 0, 0, 0, 0, 0, 0, 0, 0, 0, 95, 422
"d:\workshops\eShop\_bmad\tea\workflows\testarch\bmad-testarch-ci\resources\knowledge\risk-governance.md", "Markdown", 0, 0, 0, 0, 499, 0, 0, 0, 0, 0, 0, 0, 0, 0, 0, 0, 0, 0, 117, 616
"d:\workshops\eShop\_bmad\tea\workflows\testarch\bmad-testarch-ci\resources\knowledge\selective-testing.md", "Markdown", 0, 0, 0, 0, 598, 0, 0, 0, 0, 0, 0, 0, 0, 0, 0, 0, 0, 0, 135, 733
"d:\workshops\eShop\_bmad\tea\workflows\testarch\bmad-testarch-ci\resources\knowledge\selector-resilience.md", "Markdown", 0, 0, 0, 0, 378, 0, 0, 0, 0, 0, 0, 0, 0, 0, 0, 0, 0, 0, 150, 528
"d:\workshops\eShop\_bmad\tea\workflows\testarch\bmad-testarch-ci\resources\knowledge\test-healing-patterns.md", "Markdown", 0, 0, 0, 0, 494, 0, 0, 0, 0, 0, 0, 0, 0, 0, 0, 0, 0, 0, 151, 645
"d:\workshops\eShop\_bmad\tea\workflows\testarch\bmad-testarch-ci\resources\knowledge\test-levels-framework.md", "Markdown", 0, 0, 0, 0, 357, 0, 0, 0, 0, 0, 0, 0, 0, 0, 0, 0, 0, 1, 116, 474
"d:\workshops\eShop\_bmad\tea\workflows\testarch\bmad-testarch-ci\resources\knowledge\test-priorities-matrix.md", "Markdown", 0, 0, 0, 0, 281, 0, 0, 0, 0, 0, 0, 0, 0, 0, 0, 0, 0, 1, 92, 374
"d:\workshops\eShop\_bmad\tea\workflows\testarch\bmad-testarch-ci\resources\knowledge\test-quality.md", "Markdown", 0, 0, 0, 0, 517, 0, 0, 0, 0, 0, 0, 0, 0, 0, 0, 0, 0, 0, 148, 665
"d:\workshops\eShop\_bmad\tea\workflows\testarch\bmad-testarch-ci\resources\knowledge\timing-debugging.md", "Markdown", 0, 0, 0, 0, 272, 0, 0, 0, 0, 0, 0, 0, 0, 0, 0, 0, 0, 0, 101, 373
"d:\workshops\eShop\_bmad\tea\workflows\testarch\bmad-testarch-ci\resources\knowledge\visual-debugging.md", "Markdown", 0, 0, 0, 0, 392, 0, 0, 0, 0, 0, 0, 0, 0, 0, 0, 0, 0, 0, 136, 528
"d:\workshops\eShop\_bmad\tea\workflows\testarch\bmad-testarch-ci\resources\tea-index.csv", "CSV", 0, 0, 0, 0, 0, 0, 0, 43, 0, 0, 0, 0, 0, 0, 0, 0, 0, 0, 1, 44
"d:\workshops\eShop\_bmad\tea\workflows\testarch\bmad-testarch-ci\steps-c\step-01-preflight.md", "Markdown", 0, 0, 0, 0, 111, 0, 0, 0, 0, 0, 0, 0, 0, 0, 0, 0, 0, 0, 48, 159
"d:\workshops\eShop\_bmad\tea\workflows\testarch\bmad-testarch-ci\steps-c\step-01b-resume.md", "Markdown", 0, 0, 0, 0, 68, 0, 0, 0, 0, 0, 0, 0, 0, 0, 0, 0, 0, 0, 43, 111
"d:\workshops\eShop\_bmad\tea\workflows\testarch\bmad-testarch-ci\steps-c\step-02-generate-pipeline.md", "Markdown", 0, 0, 0, 0, 205, 0, 0, 0, 0, 0, 0, 0, 0, 0, 0, 0, 0, 0, 81, 286
"d:\workshops\eShop\_bmad\tea\workflows\testarch\bmad-testarch-ci\steps-c\step-03-configure-quality-gates.md", "Markdown", 0, 0, 0, 0, 94, 0, 0, 0, 0, 0, 0, 0, 0, 0, 0, 0, 0, 0, 47, 141
"d:\workshops\eShop\_bmad\tea\workflows\testarch\bmad-testarch-ci\steps-c\step-04-validate-and-summary.md", "Markdown", 0, 0, 0, 0, 60, 0, 0, 0, 0, 0, 0, 0, 0, 0, 0, 0, 0, 0, 33, 93
"d:\workshops\eShop\_bmad\tea\workflows\testarch\bmad-testarch-ci\steps-e\step-01-assess.md", "Markdown", 0, 0, 0, 0, 37, 0, 0, 0, 0, 0, 0, 0, 0, 0, 0, 0, 0, 0, 29, 66
"d:\workshops\eShop\_bmad\tea\workflows\testarch\bmad-testarch-ci\steps-e\step-02-apply-edit.md", "Markdown", 0, 0, 0, 0, 33, 0, 0, 0, 0, 0, 0, 0, 0, 0, 0, 0, 0, 0, 28, 61
"d:\workshops\eShop\_bmad\tea\workflows\testarch\bmad-testarch-ci\steps-v\step-01-validate.md", "Markdown", 0, 0, 0, 0, 48, 0, 0, 0, 0, 0, 0, 0, 0, 0, 0, 0, 0, 0, 34, 82
"d:\workshops\eShop\_bmad\tea\workflows\testarch\bmad-testarch-ci\validation-report-20260127-095021.md", "Markdown", 0, 0, 0, 0, 50, 0, 0, 0, 0, 0, 0, 0, 0, 0, 0, 0, 0, 0, 23, 73
"d:\workshops\eShop\_bmad\tea\workflows\testarch\bmad-testarch-ci\validation-report-20260127-102401.md", "Markdown", 0, 0, 0, 0, 79, 0, 0, 0, 0, 0, 0, 0, 0, 0, 0, 0, 0, 0, 36, 115
"d:\workshops\eShop\_bmad\tea\workflows\testarch\bmad-testarch-ci\workflow-plan.md", "Markdown", 0, 0, 0, 0, 14, 0, 0, 0, 0, 0, 0, 0, 0, 0, 0, 0, 0, 0, 7, 21
"d:\workshops\eShop\_bmad\tea\workflows\testarch\bmad-testarch-ci\workflow.md", "Markdown", 0, 0, 0, 0, 27, 0, 0, 0, 0, 0, 0, 0, 0, 0, 0, 0, 0, 0, 15, 42
"d:\workshops\eShop\_bmad\tea\workflows\testarch\bmad-testarch-ci\workflow.yaml", "YAML", 0, 34, 0, 0, 0, 0, 0, 0, 0, 0, 0, 0, 0, 0, 0, 0, 0, 7, 8, 49
"d:\workshops\eShop\_bmad\tea\workflows\testarch\bmad-testarch-framework\SKILL.md", "Skill", 0, 0, 0, 0, 0, 0, 0, 0, 5, 0, 0, 0, 0, 0, 0, 0, 0, 0, 2, 7
"d:\workshops\eShop\_bmad\tea\workflows\testarch\bmad-testarch-framework\bmad-skill-manifest.yaml", "YAML", 0, 1, 0, 0, 0, 0, 0, 0, 0, 0, 0, 0, 0, 0, 0, 0, 0, 0, 1, 2
"d:\workshops\eShop\_bmad\tea\workflows\testarch\bmad-testarch-framework\checklist.md", "Markdown", 0, 0, 0, 0, 250, 0, 0, 0, 0, 0, 0, 0, 0, 0, 0, 0, 0, 0, 96, 346
"d:\workshops\eShop\_bmad\tea\workflows\testarch\bmad-testarch-framework\instructions.md", "Markdown", 0, 0, 0, 0, 24, 0, 0, 0, 0, 0, 0, 0, 0, 0, 0, 0, 0, 1, 20, 45
"d:\workshops\eShop\_bmad\tea\workflows\testarch\bmad-testarch-framework\resources\knowledge\adr-quality-readiness-checklist.md", "Markdown", 0, 0, 0, 0, 258, 0, 0, 0, 0, 0, 0, 0, 0, 0, 0, 0, 0, 0, 120, 378
"d:\workshops\eShop\_bmad\tea\workflows\testarch\bmad-testarch-framework\resources\knowledge\api-request.md", "Markdown", 0, 0, 0, 0, 443, 0, 0, 0, 0, 0, 0, 0, 0, 0, 0, 0, 0, 0, 121, 564
"d:\workshops\eShop\_bmad\tea\workflows\testarch\bmad-testarch-framework\resources\knowledge\api-testing-patterns.md", "Markdown", 0, 0, 0, 0, 754, 0, 0, 0, 0, 0, 0, 0, 0, 0, 0, 0, 0, 0, 162, 916
"d:\workshops\eShop\_bmad\tea\workflows\testarch\bmad-testarch-framework\resources\knowledge\auth-session.md", "Markdown", 0, 0, 0, 0, 416, 0, 0, 0, 0, 0, 0, 0, 0, 0, 0, 0, 0, 0, 133, 549
"d:\workshops\eShop\_bmad\tea\workflows\testarch\bmad-testarch-framework\resources\knowledge\burn-in.md", "Markdown", 0, 0, 0, 0, 198, 0, 0, 0, 0, 0, 0, 0, 0, 0, 0, 0, 0, 0, 76, 274
"d:\workshops\eShop\_bmad\tea\workflows\testarch\bmad-testarch-framework\resources\knowledge\ci-burn-in.md", "Markdown", 0, 0, 0, 0, 576, 0, 0, 0, 0, 0, 0, 0, 0, 0, 0, 0, 0, 0, 142, 718
"d:\workshops\eShop\_bmad\tea\workflows\testarch\bmad-testarch-framework\resources\knowledge\component-tdd.md", "Markdown", 0, 0, 0, 0, 380, 0, 0, 0, 0, 0, 0, 0, 0, 0, 0, 0, 0, 0, 107, 487
"d:\workshops\eShop\_bmad\tea\workflows\testarch\bmad-testarch-framework\resources\knowledge\contract-testing.md", "Markdown", 0, 0, 0, 0, 882, 0, 0, 0, 0, 0, 0, 0, 0, 0, 0, 0, 0, 0, 169, 1051
"d:\workshops\eShop\_bmad\tea\workflows\testarch\bmad-testarch-framework\resources\knowledge\data-factories.md", "Markdown", 0, 0, 0, 0, 392, 0, 0, 0, 0, 0, 0, 0, 0, 0, 0, 0, 0, 0, 109, 501
"d:\workshops\eShop\_bmad\tea\workflows\testarch\bmad-testarch-framework\resources\knowledge\email-auth.md", "Markdown", 0, 0, 0, 0, 564, 0, 0, 0, 0, 0, 0, 0, 0, 0, 0, 0, 0, 0, 158, 722
"d:\workshops\eShop\_bmad\tea\workflows\testarch\bmad-testarch-framework\resources\knowledge\error-handling.md", "Markdown", 0, 0, 0, 0, 579, 0, 0, 0, 0, 0, 0, 0, 0, 0, 0, 0, 0, 0, 147, 726
"d:\workshops\eShop\_bmad\tea\workflows\testarch\bmad-testarch-framework\resources\knowledge\feature-flags.md", "Markdown", 0, 0, 0, 0, 620, 0, 0, 0, 0, 0, 0, 0, 0, 0, 0, 0, 0, 0, 131, 751
"d:\workshops\eShop\_bmad\tea\workflows\testarch\bmad-testarch-framework\resources\knowledge\file-utils.md", "Markdown", 0, 0, 0, 0, 342, 0, 0, 0, 0, 0, 0, 0, 0, 0, 0, 0, 0, 0, 115, 457
"d:\workshops\eShop\_bmad\tea\workflows\testarch\bmad-testarch-framework\resources\knowledge\fixture-architecture.md", "Markdown", 0, 0, 0, 0, 316, 0, 0, 0, 0, 0, 0, 0, 0, 0, 0, 0, 0, 0, 86, 402
"d:\workshops\eShop\_bmad\tea\workflows\testarch\bmad-testarch-framework\resources\knowledge\fixtures-composition.md", "Markdown", 0, 0, 0, 0, 292, 0, 0, 0, 0, 0, 0, 0, 0, 0, 0, 0, 0, 0, 91, 383
"d:\workshops\eShop\_bmad\tea\workflows\testarch\bmad-testarch-framework\resources\knowledge\intercept-network-call.md", "Markdown", 0, 0, 0, 0, 318, 0, 0, 0, 0, 0, 0, 0, 0, 0, 0, 0, 0, 0, 109, 427
"d:\workshops\eShop\_bmad\tea\workflows\testarch\bmad-testarch-framework\resources\knowledge\log.md", "Markdown", 0, 0, 0, 0, 320, 0, 0, 0, 0, 0, 0, 0, 0, 0, 0, 0, 0, 0, 107, 427
"d:\workshops\eShop\_bmad\tea\workflows\testarch\bmad-testarch-framework\resources\knowledge\network-error-monitor.md", "Markdown", 0, 0, 0, 0, 289, 0, 0, 0, 0, 0, 0, 0, 0, 0, 0, 0, 0, 0, 113, 402
"d:\workshops\eShop\_bmad\tea\workflows\testarch\bmad-testarch-framework\resources\knowledge\network-first.md", "Markdown", 0, 0, 0, 0, 378, 0, 0, 0, 0, 0, 0, 0, 0, 0, 0, 0, 0, 0, 109, 487
"d:\workshops\eShop\_bmad\tea\workflows\testarch\bmad-testarch-framework\resources\knowledge\network-recorder.md", "Markdown", 0, 0, 0, 0, 384, 0, 0, 0, 0, 0, 0, 0, 0, 0, 0, 0, 0, 0, 144, 528
"d:\workshops\eShop\_bmad\tea\workflows\testarch\bmad-testarch-framework\resources\knowledge\nfr-criteria.md", "Markdown", 0, 0, 0, 0, 515, 0, 0, 0, 0, 0, 0, 0, 0, 0, 0, 0, 0, 0, 156, 671
"d:\workshops\eShop\_bmad\tea\workflows\testarch\bmad-testarch-framework\resources\knowledge\overview.md", "Markdown", 0, 0, 0, 0, 204, 0, 0, 0, 0, 0, 0, 0, 0, 0, 0, 0, 0, 0, 83, 287
"d:\workshops\eShop\_bmad\tea\workflows\testarch\bmad-testarch-framework\resources\knowledge\pact-consumer-di.md", "Markdown", 0, 0, 0, 0, 238, 0, 0, 0, 0, 0, 0, 0, 0, 0, 0, 0, 0, 0, 73, 311
"d:\workshops\eShop\_bmad\tea\workflows\testarch\bmad-testarch-framework\resources\knowledge\pact-consumer-framework-setup.md", "Markdown", 0, 0, 0, 0, 495, 0, 0, 0, 0, 0, 0, 0, 0, 0, 0, 0, 0, 0, 141, 636
"d:\workshops\eShop\_bmad\tea\workflows\testarch\bmad-testarch-framework\resources\knowledge\pact-mcp.md", "Markdown", 0, 0, 0, 0, 152, 0, 0, 0, 0, 0, 0, 0, 0, 0, 0, 0, 0, 0, 53, 205
"d:\workshops\eShop\_bmad\tea\workflows\testarch\bmad-testarch-framework\resources\knowledge\pactjs-utils-consumer-helpers.md", "Markdown", 0, 0, 0, 0, 216, 0, 0, 0, 0, 0, 0, 0, 0, 0, 0, 0, 0, 0, 55, 271
"d:\workshops\eShop\_bmad\tea\workflows\testarch\bmad-testarch-framework\resources\knowledge\pactjs-utils-overview.md", "Markdown", 0, 0, 0, 0, 174, 0, 0, 0, 0, 0, 0, 0, 0, 0, 0, 0, 0, 0, 43, 217
"d:\workshops\eShop\_bmad\tea\workflows\testarch\bmad-testarch-framework\resources\knowledge\pactjs-utils-provider-verifier.md", "Markdown", 0, 0, 0, 0, 258, 0, 0, 0, 0, 0, 0, 0, 0, 0, 0, 0, 0, 0, 58, 316
"d:\workshops\eShop\_bmad\tea\workflows\testarch\bmad-testarch-framework\resources\knowledge\pactjs-utils-request-filter.md", "Markdown", 0, 0, 0, 0, 177, 0, 0, 0, 0, 0, 0, 0, 0, 0, 0, 0, 0, 0, 48, 225
"d:\workshops\eShop\_bmad\tea\workflows\testarch\bmad-testarch-framework\resources\knowledge\playwright-cli.md", "Markdown", 0, 0, 0, 0, 138, 0, 0, 0, 0, 0, 0, 0, 0, 0, 0, 0, 0, 0, 55, 193
"d:\workshops\eShop\_bmad\tea\workflows\testarch\bmad-testarch-framework\resources\knowledge\playwright-config.md", "Markdown", 0, 0, 0, 0, 591, 0, 0, 0, 0, 0, 0, 0, 0, 0, 0, 0, 0, 0, 144, 735
"d:\workshops\eShop\_bmad\tea\workflows\testarch\bmad-testarch-framework\resources\knowledge\probability-impact.md", "Markdown", 0, 0, 0, 0, 496, 0, 0, 0, 0, 0, 0, 0, 0, 0, 0, 0, 0, 0, 106, 602
"d:\workshops\eShop\_bmad\tea\workflows\testarch\bmad-testarch-framework\resources\knowledge\recurse.md", "Markdown", 0, 0, 0, 0, 327, 0, 0, 0, 0, 0, 0, 0, 0, 0, 0, 0, 0, 0, 95, 422
"d:\workshops\eShop\_bmad\tea\workflows\testarch\bmad-testarch-framework\resources\knowledge\risk-governance.md", "Markdown", 0, 0, 0, 0, 499, 0, 0, 0, 0, 0, 0, 0, 0, 0, 0, 0, 0, 0, 117, 616
"d:\workshops\eShop\_bmad\tea\workflows\testarch\bmad-testarch-framework\resources\knowledge\selective-testing.md", "Markdown", 0, 0, 0, 0, 598, 0, 0, 0, 0, 0, 0, 0, 0, 0, 0, 0, 0, 0, 135, 733
"d:\workshops\eShop\_bmad\tea\workflows\testarch\bmad-testarch-framework\resources\knowledge\selector-resilience.md", "Markdown", 0, 0, 0, 0, 378, 0, 0, 0, 0, 0, 0, 0, 0, 0, 0, 0, 0, 0, 150, 528
"d:\workshops\eShop\_bmad\tea\workflows\testarch\bmad-testarch-framework\resources\knowledge\test-healing-patterns.md", "Markdown", 0, 0, 0, 0, 494, 0, 0, 0, 0, 0, 0, 0, 0, 0, 0, 0, 0, 0, 151, 645
"d:\workshops\eShop\_bmad\tea\workflows\testarch\bmad-testarch-framework\resources\knowledge\test-levels-framework.md", "Markdown", 0, 0, 0, 0, 357, 0, 0, 0, 0, 0, 0, 0, 0, 0, 0, 0, 0, 1, 116, 474
"d:\workshops\eShop\_bmad\tea\workflows\testarch\bmad-testarch-framework\resources\knowledge\test-priorities-matrix.md", "Markdown", 0, 0, 0, 0, 281, 0, 0, 0, 0, 0, 0, 0, 0, 0, 0, 0, 0, 1, 92, 374
"d:\workshops\eShop\_bmad\tea\workflows\testarch\bmad-testarch-framework\resources\knowledge\test-quality.md", "Markdown", 0, 0, 0, 0, 517, 0, 0, 0, 0, 0, 0, 0, 0, 0, 0, 0, 0, 0, 148, 665
"d:\workshops\eShop\_bmad\tea\workflows\testarch\bmad-testarch-framework\resources\knowledge\timing-debugging.md", "Markdown", 0, 0, 0, 0, 272, 0, 0, 0, 0, 0, 0, 0, 0, 0, 0, 0, 0, 0, 101, 373
"d:\workshops\eShop\_bmad\tea\workflows\testarch\bmad-testarch-framework\resources\knowledge\visual-debugging.md", "Markdown", 0, 0, 0, 0, 392, 0, 0, 0, 0, 0, 0, 0, 0, 0, 0, 0, 0, 0, 136, 528
"d:\workshops\eShop\_bmad\tea\workflows\testarch\bmad-testarch-framework\resources\tea-index.csv", "CSV", 0, 0, 0, 0, 0, 0, 0, 43, 0, 0, 0, 0, 0, 0, 0, 0, 0, 0, 1, 44
"d:\workshops\eShop\_bmad\tea\workflows\testarch\bmad-testarch-framework\steps-c\step-01-preflight.md", "Markdown", 0, 0, 0, 0, 83, 0, 0, 0, 0, 0, 0, 0, 0, 0, 0, 0, 0, 0, 50, 133
"d:\workshops\eShop\_bmad\tea\workflows\testarch\bmad-testarch-framework\steps-c\step-01b-resume.md", "Markdown", 0, 0, 0, 0, 73, 0, 0, 0, 0, 0, 0, 0, 0, 0, 0, 0, 0, 0, 44, 117
"d:\workshops\eShop\_bmad\tea\workflows\testarch\bmad-testarch-framework\steps-c\step-02-select-framework.md", "Markdown", 0, 0, 0, 0, 75, 0, 0, 0, 0, 0, 0, 0, 0, 0, 0, 0, 0, 0, 43, 118
"d:\workshops\eShop\_bmad\tea\workflows\testarch\bmad-testarch-framework\steps-c\step-03-scaffold-framework.md", "Markdown", 0, 0, 0, 0, 224, 0, 0, 0, 0, 0, 0, 0, 0, 0, 0, 0, 0, 0, 101, 325
"d:\workshops\eShop\_bmad\tea\workflows\testarch\bmad-testarch-framework\steps-c\step-04-docs-and-scripts.md", "Markdown", 0, 0, 0, 0, 69, 0, 0, 0, 0, 0, 0, 0, 0, 0, 0, 0, 0, 0, 37, 106
"d:\workshops\eShop\_bmad\tea\workflows\testarch\bmad-testarch-framework\steps-c\step-05-validate-and-summary.md", "Markdown", 0, 0, 0, 0, 61, 0, 0, 0, 0, 0, 0, 0, 0, 0, 0, 0, 0, 0, 33, 94
"d:\workshops\eShop\_bmad\tea\workflows\testarch\bmad-testarch-framework\steps-e\step-01-assess.md", "Markdown", 0, 0, 0, 0, 37, 0, 0, 0, 0, 0, 0, 0, 0, 0, 0, 0, 0, 0, 29, 66
"d:\workshops\eShop\_bmad\tea\workflows\testarch\bmad-testarch-framework\steps-e\step-02-apply-edit.md", "Markdown", 0, 0, 0, 0, 33, 0, 0, 0, 0, 0, 0, 0, 0, 0, 0, 0, 0, 0, 28, 61
"d:\workshops\eShop\_bmad\tea\workflows\testarch\bmad-testarch-framework\steps-v\step-01-validate.md", "Markdown", 0, 0, 0, 0, 40, 0, 0, 0, 0, 0, 0, 0, 0, 0, 0, 0, 0, 0, 28, 68
"d:\workshops\eShop\_bmad\tea\workflows\testarch\bmad-testarch-framework\validation-report-20260127-095021.md", "Markdown", 0, 0, 0, 0, 51, 0, 0, 0, 0, 0, 0, 0, 0, 0, 0, 0, 0, 0, 23, 74
"d:\workshops\eShop\_bmad\tea\workflows\testarch\bmad-testarch-framework\validation-report-20260127-102401.md", "Markdown", 0, 0, 0, 0, 81, 0, 0, 0, 0, 0, 0, 0, 0, 0, 0, 0, 0, 0, 36, 117
"d:\workshops\eShop\_bmad\tea\workflows\testarch\bmad-testarch-framework\workflow-plan.md", "Markdown", 0, 0, 0, 0, 16, 0, 0, 0, 0, 0, 0, 0, 0, 0, 0, 0, 0, 0, 7, 23
"d:\workshops\eShop\_bmad\tea\workflows\testarch\bmad-testarch-framework\workflow.md", "Markdown", 0, 0, 0, 0, 27, 0, 0, 0, 0, 0, 0, 0, 0, 0, 0, 0, 0, 0, 15, 42
"d:\workshops\eShop\_bmad\tea\workflows\testarch\bmad-testarch-framework\workflow.yaml", "YAML", 0, 34, 0, 0, 0, 0, 0, 0, 0, 0, 0, 0, 0, 0, 0, 0, 0, 7, 8, 49
"d:\workshops\eShop\_bmad\tea\workflows\testarch\bmad-testarch-nfr\SKILL.md", "Skill", 0, 0, 0, 0, 0, 0, 0, 0, 5, 0, 0, 0, 0, 0, 0, 0, 0, 0, 2, 7
"d:\workshops\eShop\_bmad\tea\workflows\testarch\bmad-testarch-nfr\bmad-skill-manifest.yaml", "YAML", 0, 1, 0, 0, 0, 0, 0, 0, 0, 0, 0, 0, 0, 0, 0, 0, 0, 0, 1, 2
"d:\workshops\eShop\_bmad\tea\workflows\testarch\bmad-testarch-nfr\checklist.md", "Markdown", 0, 0, 0, 0, 290, 0, 0, 0, 0, 0, 0, 0, 0, 0, 0, 0, 0, 1, 117, 408
"d:\workshops\eShop\_bmad\tea\workflows\testarch\bmad-testarch-nfr\instructions.md", "Markdown", 0, 0, 0, 0, 25, 0, 0, 0, 0, 0, 0, 0, 0, 0, 0, 0, 0, 0, 19, 44
"d:\workshops\eShop\_bmad\tea\workflows\testarch\bmad-testarch-nfr\nfr-report-template.md", "Markdown", 0, 0, 0, 0, 333, 0, 0, 0, 0, 0, 0, 0, 0, 0, 0, 0, 0, 1, 137, 471
"d:\workshops\eShop\_bmad\tea\workflows\testarch\bmad-testarch-nfr\resources\knowledge\adr-quality-readiness-checklist.md", "Markdown", 0, 0, 0, 0, 258, 0, 0, 0, 0, 0, 0, 0, 0, 0, 0, 0, 0, 0, 120, 378
"d:\workshops\eShop\_bmad\tea\workflows\testarch\bmad-testarch-nfr\resources\knowledge\api-request.md", "Markdown", 0, 0, 0, 0, 443, 0, 0, 0, 0, 0, 0, 0, 0, 0, 0, 0, 0, 0, 121, 564
"d:\workshops\eShop\_bmad\tea\workflows\testarch\bmad-testarch-nfr\resources\knowledge\api-testing-patterns.md", "Markdown", 0, 0, 0, 0, 754, 0, 0, 0, 0, 0, 0, 0, 0, 0, 0, 0, 0, 0, 162, 916
"d:\workshops\eShop\_bmad\tea\workflows\testarch\bmad-testarch-nfr\resources\knowledge\auth-session.md", "Markdown", 0, 0, 0, 0, 416, 0, 0, 0, 0, 0, 0, 0, 0, 0, 0, 0, 0, 0, 133, 549
"d:\workshops\eShop\_bmad\tea\workflows\testarch\bmad-testarch-nfr\resources\knowledge\burn-in.md", "Markdown", 0, 0, 0, 0, 198, 0, 0, 0, 0, 0, 0, 0, 0, 0, 0, 0, 0, 0, 76, 274
"d:\workshops\eShop\_bmad\tea\workflows\testarch\bmad-testarch-nfr\resources\knowledge\ci-burn-in.md", "Markdown", 0, 0, 0, 0, 576, 0, 0, 0, 0, 0, 0, 0, 0, 0, 0, 0, 0, 0, 142, 718
"d:\workshops\eShop\_bmad\tea\workflows\testarch\bmad-testarch-nfr\resources\knowledge\component-tdd.md", "Markdown", 0, 0, 0, 0, 380, 0, 0, 0, 0, 0, 0, 0, 0, 0, 0, 0, 0, 0, 107, 487
"d:\workshops\eShop\_bmad\tea\workflows\testarch\bmad-testarch-nfr\resources\knowledge\contract-testing.md", "Markdown", 0, 0, 0, 0, 882, 0, 0, 0, 0, 0, 0, 0, 0, 0, 0, 0, 0, 0, 169, 1051
"d:\workshops\eShop\_bmad\tea\workflows\testarch\bmad-testarch-nfr\resources\knowledge\data-factories.md", "Markdown", 0, 0, 0, 0, 392, 0, 0, 0, 0, 0, 0, 0, 0, 0, 0, 0, 0, 0, 109, 501
"d:\workshops\eShop\_bmad\tea\workflows\testarch\bmad-testarch-nfr\resources\knowledge\email-auth.md", "Markdown", 0, 0, 0, 0, 564, 0, 0, 0, 0, 0, 0, 0, 0, 0, 0, 0, 0, 0, 158, 722
"d:\workshops\eShop\_bmad\tea\workflows\testarch\bmad-testarch-nfr\resources\knowledge\error-handling.md", "Markdown", 0, 0, 0, 0, 579, 0, 0, 0, 0, 0, 0, 0, 0, 0, 0, 0, 0, 0, 147, 726
"d:\workshops\eShop\_bmad\tea\workflows\testarch\bmad-testarch-nfr\resources\knowledge\feature-flags.md", "Markdown", 0, 0, 0, 0, 620, 0, 0, 0, 0, 0, 0, 0, 0, 0, 0, 0, 0, 0, 131, 751
"d:\workshops\eShop\_bmad\tea\workflows\testarch\bmad-testarch-nfr\resources\knowledge\file-utils.md", "Markdown", 0, 0, 0, 0, 342, 0, 0, 0, 0, 0, 0, 0, 0, 0, 0, 0, 0, 0, 115, 457
"d:\workshops\eShop\_bmad\tea\workflows\testarch\bmad-testarch-nfr\resources\knowledge\fixture-architecture.md", "Markdown", 0, 0, 0, 0, 316, 0, 0, 0, 0, 0, 0, 0, 0, 0, 0, 0, 0, 0, 86, 402
"d:\workshops\eShop\_bmad\tea\workflows\testarch\bmad-testarch-nfr\resources\knowledge\fixtures-composition.md", "Markdown", 0, 0, 0, 0, 292, 0, 0, 0, 0, 0, 0, 0, 0, 0, 0, 0, 0, 0, 91, 383
"d:\workshops\eShop\_bmad\tea\workflows\testarch\bmad-testarch-nfr\resources\knowledge\intercept-network-call.md", "Markdown", 0, 0, 0, 0, 318, 0, 0, 0, 0, 0, 0, 0, 0, 0, 0, 0, 0, 0, 109, 427
"d:\workshops\eShop\_bmad\tea\workflows\testarch\bmad-testarch-nfr\resources\knowledge\log.md", "Markdown", 0, 0, 0, 0, 320, 0, 0, 0, 0, 0, 0, 0, 0, 0, 0, 0, 0, 0, 107, 427
"d:\workshops\eShop\_bmad\tea\workflows\testarch\bmad-testarch-nfr\resources\knowledge\network-error-monitor.md", "Markdown", 0, 0, 0, 0, 289, 0, 0, 0, 0, 0, 0, 0, 0, 0, 0, 0, 0, 0, 113, 402
"d:\workshops\eShop\_bmad\tea\workflows\testarch\bmad-testarch-nfr\resources\knowledge\network-first.md", "Markdown", 0, 0, 0, 0, 378, 0, 0, 0, 0, 0, 0, 0, 0, 0, 0, 0, 0, 0, 109, 487
"d:\workshops\eShop\_bmad\tea\workflows\testarch\bmad-testarch-nfr\resources\knowledge\network-recorder.md", "Markdown", 0, 0, 0, 0, 384, 0, 0, 0, 0, 0, 0, 0, 0, 0, 0, 0, 0, 0, 144, 528
"d:\workshops\eShop\_bmad\tea\workflows\testarch\bmad-testarch-nfr\resources\knowledge\nfr-criteria.md", "Markdown", 0, 0, 0, 0, 515, 0, 0, 0, 0, 0, 0, 0, 0, 0, 0, 0, 0, 0, 156, 671
"d:\workshops\eShop\_bmad\tea\workflows\testarch\bmad-testarch-nfr\resources\knowledge\overview.md", "Markdown", 0, 0, 0, 0, 204, 0, 0, 0, 0, 0, 0, 0, 0, 0, 0, 0, 0, 0, 83, 287
"d:\workshops\eShop\_bmad\tea\workflows\testarch\bmad-testarch-nfr\resources\knowledge\pact-consumer-di.md", "Markdown", 0, 0, 0, 0, 238, 0, 0, 0, 0, 0, 0, 0, 0, 0, 0, 0, 0, 0, 73, 311
"d:\workshops\eShop\_bmad\tea\workflows\testarch\bmad-testarch-nfr\resources\knowledge\pact-consumer-framework-setup.md", "Markdown", 0, 0, 0, 0, 495, 0, 0, 0, 0, 0, 0, 0, 0, 0, 0, 0, 0, 0, 141, 636
"d:\workshops\eShop\_bmad\tea\workflows\testarch\bmad-testarch-nfr\resources\knowledge\pact-mcp.md", "Markdown", 0, 0, 0, 0, 152, 0, 0, 0, 0, 0, 0, 0, 0, 0, 0, 0, 0, 0, 53, 205
"d:\workshops\eShop\_bmad\tea\workflows\testarch\bmad-testarch-nfr\resources\knowledge\pactjs-utils-consumer-helpers.md", "Markdown", 0, 0, 0, 0, 216, 0, 0, 0, 0, 0, 0, 0, 0, 0, 0, 0, 0, 0, 55, 271
"d:\workshops\eShop\_bmad\tea\workflows\testarch\bmad-testarch-nfr\resources\knowledge\pactjs-utils-overview.md", "Markdown", 0, 0, 0, 0, 174, 0, 0, 0, 0, 0, 0, 0, 0, 0, 0, 0, 0, 0, 43, 217
"d:\workshops\eShop\_bmad\tea\workflows\testarch\bmad-testarch-nfr\resources\knowledge\pactjs-utils-provider-verifier.md", "Markdown", 0, 0, 0, 0, 258, 0, 0, 0, 0, 0, 0, 0, 0, 0, 0, 0, 0, 0, 58, 316
"d:\workshops\eShop\_bmad\tea\workflows\testarch\bmad-testarch-nfr\resources\knowledge\pactjs-utils-request-filter.md", "Markdown", 0, 0, 0, 0, 177, 0, 0, 0, 0, 0, 0, 0, 0, 0, 0, 0, 0, 0, 48, 225
"d:\workshops\eShop\_bmad\tea\workflows\testarch\bmad-testarch-nfr\resources\knowledge\playwright-cli.md", "Markdown", 0, 0, 0, 0, 138, 0, 0, 0, 0, 0, 0, 0, 0, 0, 0, 0, 0, 0, 55, 193
"d:\workshops\eShop\_bmad\tea\workflows\testarch\bmad-testarch-nfr\resources\knowledge\playwright-config.md", "Markdown", 0, 0, 0, 0, 591, 0, 0, 0, 0, 0, 0, 0, 0, 0, 0, 0, 0, 0, 144, 735
"d:\workshops\eShop\_bmad\tea\workflows\testarch\bmad-testarch-nfr\resources\knowledge\probability-impact.md", "Markdown", 0, 0, 0, 0, 496, 0, 0, 0, 0, 0, 0, 0, 0, 0, 0, 0, 0, 0, 106, 602
"d:\workshops\eShop\_bmad\tea\workflows\testarch\bmad-testarch-nfr\resources\knowledge\recurse.md", "Markdown", 0, 0, 0, 0, 327, 0, 0, 0, 0, 0, 0, 0, 0, 0, 0, 0, 0, 0, 95, 422
"d:\workshops\eShop\_bmad\tea\workflows\testarch\bmad-testarch-nfr\resources\knowledge\risk-governance.md", "Markdown", 0, 0, 0, 0, 499, 0, 0, 0, 0, 0, 0, 0, 0, 0, 0, 0, 0, 0, 117, 616
"d:\workshops\eShop\_bmad\tea\workflows\testarch\bmad-testarch-nfr\resources\knowledge\selective-testing.md", "Markdown", 0, 0, 0, 0, 598, 0, 0, 0, 0, 0, 0, 0, 0, 0, 0, 0, 0, 0, 135, 733
"d:\workshops\eShop\_bmad\tea\workflows\testarch\bmad-testarch-nfr\resources\knowledge\selector-resilience.md", "Markdown", 0, 0, 0, 0, 378, 0, 0, 0, 0, 0, 0, 0, 0, 0, 0, 0, 0, 0, 150, 528
"d:\workshops\eShop\_bmad\tea\workflows\testarch\bmad-testarch-nfr\resources\knowledge\test-healing-patterns.md", "Markdown", 0, 0, 0, 0, 494, 0, 0, 0, 0, 0, 0, 0, 0, 0, 0, 0, 0, 0, 151, 645
"d:\workshops\eShop\_bmad\tea\workflows\testarch\bmad-testarch-nfr\resources\knowledge\test-levels-framework.md", "Markdown", 0, 0, 0, 0, 357, 0, 0, 0, 0, 0, 0, 0, 0, 0, 0, 0, 0, 1, 116, 474
"d:\workshops\eShop\_bmad\tea\workflows\testarch\bmad-testarch-nfr\resources\knowledge\test-priorities-matrix.md", "Markdown", 0, 0, 0, 0, 281, 0, 0, 0, 0, 0, 0, 0, 0, 0, 0, 0, 0, 1, 92, 374
"d:\workshops\eShop\_bmad\tea\workflows\testarch\bmad-testarch-nfr\resources\knowledge\test-quality.md", "Markdown", 0, 0, 0, 0, 517, 0, 0, 0, 0, 0, 0, 0, 0, 0, 0, 0, 0, 0, 148, 665
"d:\workshops\eShop\_bmad\tea\workflows\testarch\bmad-testarch-nfr\resources\knowledge\timing-debugging.md", "Markdown", 0, 0, 0, 0, 272, 0, 0, 0, 0, 0, 0, 0, 0, 0, 0, 0, 0, 0, 101, 373
"d:\workshops\eShop\_bmad\tea\workflows\testarch\bmad-testarch-nfr\resources\knowledge\visual-debugging.md", "Markdown", 0, 0, 0, 0, 392, 0, 0, 0, 0, 0, 0, 0, 0, 0, 0, 0, 0, 0, 136, 528
"d:\workshops\eShop\_bmad\tea\workflows\testarch\bmad-testarch-nfr\resources\tea-index.csv", "CSV", 0, 0, 0, 0, 0, 0, 0, 43, 0, 0, 0, 0, 0, 0, 0, 0, 0, 0, 1, 44
"d:\workshops\eShop\_bmad\tea\workflows\testarch\bmad-testarch-nfr\steps-c\step-01-load-context.md", "Markdown", 0, 0, 0, 0, 86, 0, 0, 0, 0, 0, 0, 0, 0, 0, 0, 0, 0, 0, 53, 139
"d:\workshops\eShop\_bmad\tea\workflows\testarch\bmad-testarch-nfr\steps-c\step-01b-resume.md", "Markdown", 0, 0, 0, 0, 67, 0, 0, 0, 0, 0, 0, 0, 0, 0, 0, 0, 0, 0, 40, 107
"d:\workshops\eShop\_bmad\tea\workflows\testarch\bmad-testarch-nfr\steps-c\step-02-define-thresholds.md", "Markdown", 0, 0, 0, 0, 70, 0, 0, 0, 0, 0, 0, 0, 0, 0, 0, 0, 0, 0, 38, 108
"d:\workshops\eShop\_bmad\tea\workflows\testarch\bmad-testarch-nfr\steps-c\step-03-gather-evidence.md", "Markdown", 0, 0, 0, 0, 69, 0, 0, 0, 0, 0, 0, 0, 0, 0, 0, 0, 0, 0, 40, 109
"d:\workshops\eShop\_bmad\tea\workflows\testarch\bmad-testarch-nfr\steps-c\step-04-evaluate-and-score.md", "Markdown", 0, 0, 0, 0, 182, 0, 0, 0, 0, 0, 0, 0, 0, 0, 0, 0, 0, 0, 73, 255
"d:\workshops\eShop\_bmad\tea\workflows\testarch\bmad-testarch-nfr\steps-c\step-04a-subagent-security.md", "Markdown", 0, 0, 0, 0, 104, 0, 0, 0, 0, 0, 0, 0, 0, 0, 0, 0, 0, 0, 35, 139
"d:\workshops\eShop\_bmad\tea\workflows\testarch\bmad-testarch-nfr\steps-c\step-04b-subagent-performance.md", "Markdown", 0, 0, 0, 0, 63, 0, 0, 0, 0, 0, 0, 0, 0, 0, 0, 0, 0, 0, 22, 85
"d:\workshops\eShop\_bmad\tea\workflows\testarch\bmad-testarch-nfr\steps-c\step-04c-subagent-reliability.md", "Markdown", 0, 0, 0, 0, 64, 0, 0, 0, 0, 0, 0, 0, 0, 0, 0, 0, 0, 0, 22, 86
"d:\workshops\eShop\_bmad\tea\workflows\testarch\bmad-testarch-nfr\steps-c\step-04d-subagent-scalability.md", "Markdown", 0, 0, 0, 0, 67, 0, 0, 0, 0, 0, 0, 0, 0, 0, 0, 0, 0, 0, 22, 89
"d:\workshops\eShop\_bmad\tea\workflows\testarch\bmad-testarch-nfr\steps-c\step-04e-aggregate-nfr.md", "Markdown", 0, 0, 0, 0, 190, 0, 0, 0, 0, 0, 0, 0, 0, 0, 0, 0, 0, 0, 75, 265
"d:\workshops\eShop\_bmad\tea\workflows\testarch\bmad-testarch-nfr\steps-c\step-05-generate-report.md", "Markdown", 0, 0, 0, 0, 69, 0, 0, 0, 0, 0, 0, 0, 0, 0, 0, 0, 0, 0, 40, 109
"d:\workshops\eShop\_bmad\tea\workflows\testarch\bmad-testarch-nfr\steps-e\step-01-assess.md", "Markdown", 0, 0, 0, 0, 37, 0, 0, 0, 0, 0, 0, 0, 0, 0, 0, 0, 0, 0, 29, 66
"d:\workshops\eShop\_bmad\tea\workflows\testarch\bmad-testarch-nfr\steps-e\step-02-apply-edit.md", "Markdown", 0, 0, 0, 0, 33, 0, 0, 0, 0, 0, 0, 0, 0, 0, 0, 0, 0, 0, 28, 61
"d:\workshops\eShop\_bmad\tea\workflows\testarch\bmad-testarch-nfr\steps-v\step-01-validate.md", "Markdown", 0, 0, 0, 0, 40, 0, 0, 0, 0, 0, 0, 0, 0, 0, 0, 0, 0, 0, 28, 68
"d:\workshops\eShop\_bmad\tea\workflows\testarch\bmad-testarch-nfr\validation-report-20260127-095021.md", "Markdown", 0, 0, 0, 0, 51, 0, 0, 0, 0, 0, 0, 0, 0, 0, 0, 0, 0, 0, 23, 74
"d:\workshops\eShop\_bmad\tea\workflows\testarch\bmad-testarch-nfr\validation-report-20260127-102401.md", "Markdown", 0, 0, 0, 0, 81, 0, 0, 0, 0, 0, 0, 0, 0, 0, 0, 0, 0, 0, 36, 117
"d:\workshops\eShop\_bmad\tea\workflows\testarch\bmad-testarch-nfr\workflow-plan.md", "Markdown", 0, 0, 0, 0, 14, 0, 0, 0, 0, 0, 0, 0, 0, 0, 0, 0, 0, 0, 6, 20
"d:\workshops\eShop\_bmad\tea\workflows\testarch\bmad-testarch-nfr\workflow.md", "Markdown", 0, 0, 0, 0, 27, 0, 0, 0, 0, 0, 0, 0, 0, 0, 0, 0, 0, 0, 15, 42
"d:\workshops\eShop\_bmad\tea\workflows\testarch\bmad-testarch-nfr\workflow.yaml", "YAML", 0, 33, 0, 0, 0, 0, 0, 0, 0, 0, 0, 0, 0, 0, 0, 0, 0, 8, 8, 49
"d:\workshops\eShop\_bmad\tea\workflows\testarch\bmad-testarch-test-design\SKILL.md", "Skill", 0, 0, 0, 0, 0, 0, 0, 0, 5, 0, 0, 0, 0, 0, 0, 0, 0, 0, 2, 7
"d:\workshops\eShop\_bmad\tea\workflows\testarch\bmad-testarch-test-design\bmad-skill-manifest.yaml", "YAML", 0, 1, 0, 0, 0, 0, 0, 0, 0, 0, 0, 0, 0, 0, 0, 0, 0, 0, 1, 2
"d:\workshops\eShop\_bmad\tea\workflows\testarch\bmad-testarch-test-design\checklist.md", "Markdown", 0, 0, 0, 0, 360, 0, 0, 0, 0, 0, 0, 0, 0, 0, 0, 0, 0, 0, 105, 465
"d:\workshops\eShop\_bmad\tea\workflows\testarch\bmad-testarch-test-design\instructions.md", "Markdown", 0, 0, 0, 0, 64, 0, 0, 0, 0, 0, 0, 0, 0, 0, 0, 0, 0, 1, 40, 105
"d:\workshops\eShop\_bmad\tea\workflows\testarch\bmad-testarch-test-design\resources\knowledge\adr-quality-readiness-checklist.md", "Markdown", 0, 0, 0, 0, 258, 0, 0, 0, 0, 0, 0, 0, 0, 0, 0, 0, 0, 0, 120, 378
"d:\workshops\eShop\_bmad\tea\workflows\testarch\bmad-testarch-test-design\resources\knowledge\api-request.md", "Markdown", 0, 0, 0, 0, 443, 0, 0, 0, 0, 0, 0, 0, 0, 0, 0, 0, 0, 0, 121, 564
"d:\workshops\eShop\_bmad\tea\workflows\testarch\bmad-testarch-test-design\resources\knowledge\api-testing-patterns.md", "Markdown", 0, 0, 0, 0, 754, 0, 0, 0, 0, 0, 0, 0, 0, 0, 0, 0, 0, 0, 162, 916
"d:\workshops\eShop\_bmad\tea\workflows\testarch\bmad-testarch-test-design\resources\knowledge\auth-session.md", "Markdown", 0, 0, 0, 0, 416, 0, 0, 0, 0, 0, 0, 0, 0, 0, 0, 0, 0, 0, 133, 549
"d:\workshops\eShop\_bmad\tea\workflows\testarch\bmad-testarch-test-design\resources\knowledge\burn-in.md", "Markdown", 0, 0, 0, 0, 198, 0, 0, 0, 0, 0, 0, 0, 0, 0, 0, 0, 0, 0, 76, 274
"d:\workshops\eShop\_bmad\tea\workflows\testarch\bmad-testarch-test-design\resources\knowledge\ci-burn-in.md", "Markdown", 0, 0, 0, 0, 576, 0, 0, 0, 0, 0, 0, 0, 0, 0, 0, 0, 0, 0, 142, 718
"d:\workshops\eShop\_bmad\tea\workflows\testarch\bmad-testarch-test-design\resources\knowledge\component-tdd.md", "Markdown", 0, 0, 0, 0, 380, 0, 0, 0, 0, 0, 0, 0, 0, 0, 0, 0, 0, 0, 107, 487
"d:\workshops\eShop\_bmad\tea\workflows\testarch\bmad-testarch-test-design\resources\knowledge\contract-testing.md", "Markdown", 0, 0, 0, 0, 882, 0, 0, 0, 0, 0, 0, 0, 0, 0, 0, 0, 0, 0, 169, 1051
"d:\workshops\eShop\_bmad\tea\workflows\testarch\bmad-testarch-test-design\resources\knowledge\data-factories.md", "Markdown", 0, 0, 0, 0, 392, 0, 0, 0, 0, 0, 0, 0, 0, 0, 0, 0, 0, 0, 109, 501
"d:\workshops\eShop\_bmad\tea\workflows\testarch\bmad-testarch-test-design\resources\knowledge\email-auth.md", "Markdown", 0, 0, 0, 0, 564, 0, 0, 0, 0, 0, 0, 0, 0, 0, 0, 0, 0, 0, 158, 722
"d:\workshops\eShop\_bmad\tea\workflows\testarch\bmad-testarch-test-design\resources\knowledge\error-handling.md", "Markdown", 0, 0, 0, 0, 579, 0, 0, 0, 0, 0, 0, 0, 0, 0, 0, 0, 0, 0, 147, 726
"d:\workshops\eShop\_bmad\tea\workflows\testarch\bmad-testarch-test-design\resources\knowledge\feature-flags.md", "Markdown", 0, 0, 0, 0, 620, 0, 0, 0, 0, 0, 0, 0, 0, 0, 0, 0, 0, 0, 131, 751
"d:\workshops\eShop\_bmad\tea\workflows\testarch\bmad-testarch-test-design\resources\knowledge\file-utils.md", "Markdown", 0, 0, 0, 0, 342, 0, 0, 0, 0, 0, 0, 0, 0, 0, 0, 0, 0, 0, 115, 457
"d:\workshops\eShop\_bmad\tea\workflows\testarch\bmad-testarch-test-design\resources\knowledge\fixture-architecture.md", "Markdown", 0, 0, 0, 0, 316, 0, 0, 0, 0, 0, 0, 0, 0, 0, 0, 0, 0, 0, 86, 402
"d:\workshops\eShop\_bmad\tea\workflows\testarch\bmad-testarch-test-design\resources\knowledge\fixtures-composition.md", "Markdown", 0, 0, 0, 0, 292, 0, 0, 0, 0, 0, 0, 0, 0, 0, 0, 0, 0, 0, 91, 383
"d:\workshops\eShop\_bmad\tea\workflows\testarch\bmad-testarch-test-design\resources\knowledge\intercept-network-call.md", "Markdown", 0, 0, 0, 0, 318, 0, 0, 0, 0, 0, 0, 0, 0, 0, 0, 0, 0, 0, 109, 427
"d:\workshops\eShop\_bmad\tea\workflows\testarch\bmad-testarch-test-design\resources\knowledge\log.md", "Markdown", 0, 0, 0, 0, 320, 0, 0, 0, 0, 0, 0, 0, 0, 0, 0, 0, 0, 0, 107, 427
"d:\workshops\eShop\_bmad\tea\workflows\testarch\bmad-testarch-test-design\resources\knowledge\network-error-monitor.md", "Markdown", 0, 0, 0, 0, 289, 0, 0, 0, 0, 0, 0, 0, 0, 0, 0, 0, 0, 0, 113, 402
"d:\workshops\eShop\_bmad\tea\workflows\testarch\bmad-testarch-test-design\resources\knowledge\network-first.md", "Markdown", 0, 0, 0, 0, 378, 0, 0, 0, 0, 0, 0, 0, 0, 0, 0, 0, 0, 0, 109, 487
"d:\workshops\eShop\_bmad\tea\workflows\testarch\bmad-testarch-test-design\resources\knowledge\network-recorder.md", "Markdown", 0, 0, 0, 0, 384, 0, 0, 0, 0, 0, 0, 0, 0, 0, 0, 0, 0, 0, 144, 528
"d:\workshops\eShop\_bmad\tea\workflows\testarch\bmad-testarch-test-design\resources\knowledge\nfr-criteria.md", "Markdown", 0, 0, 0, 0, 515, 0, 0, 0, 0, 0, 0, 0, 0, 0, 0, 0, 0, 0, 156, 671
"d:\workshops\eShop\_bmad\tea\workflows\testarch\bmad-testarch-test-design\resources\knowledge\overview.md", "Markdown", 0, 0, 0, 0, 204, 0, 0, 0, 0, 0, 0, 0, 0, 0, 0, 0, 0, 0, 83, 287
"d:\workshops\eShop\_bmad\tea\workflows\testarch\bmad-testarch-test-design\resources\knowledge\pact-consumer-di.md", "Markdown", 0, 0, 0, 0, 238, 0, 0, 0, 0, 0, 0, 0, 0, 0, 0, 0, 0, 0, 73, 311
"d:\workshops\eShop\_bmad\tea\workflows\testarch\bmad-testarch-test-design\resources\knowledge\pact-consumer-framework-setup.md", "Markdown", 0, 0, 0, 0, 495, 0, 0, 0, 0, 0, 0, 0, 0, 0, 0, 0, 0, 0, 141, 636
"d:\workshops\eShop\_bmad\tea\workflows\testarch\bmad-testarch-test-design\resources\knowledge\pact-mcp.md", "Markdown", 0, 0, 0, 0, 152, 0, 0, 0, 0, 0, 0, 0, 0, 0, 0, 0, 0, 0, 53, 205
"d:\workshops\eShop\_bmad\tea\workflows\testarch\bmad-testarch-test-design\resources\knowledge\pactjs-utils-consumer-helpers.md", "Markdown", 0, 0, 0, 0, 216, 0, 0, 0, 0, 0, 0, 0, 0, 0, 0, 0, 0, 0, 55, 271
"d:\workshops\eShop\_bmad\tea\workflows\testarch\bmad-testarch-test-design\resources\knowledge\pactjs-utils-overview.md", "Markdown", 0, 0, 0, 0, 174, 0, 0, 0, 0, 0, 0, 0, 0, 0, 0, 0, 0, 0, 43, 217
"d:\workshops\eShop\_bmad\tea\workflows\testarch\bmad-testarch-test-design\resources\knowledge\pactjs-utils-provider-verifier.md", "Markdown", 0, 0, 0, 0, 258, 0, 0, 0, 0, 0, 0, 0, 0, 0, 0, 0, 0, 0, 58, 316
"d:\workshops\eShop\_bmad\tea\workflows\testarch\bmad-testarch-test-design\resources\knowledge\pactjs-utils-request-filter.md", "Markdown", 0, 0, 0, 0, 177, 0, 0, 0, 0, 0, 0, 0, 0, 0, 0, 0, 0, 0, 48, 225
"d:\workshops\eShop\_bmad\tea\workflows\testarch\bmad-testarch-test-design\resources\knowledge\playwright-cli.md", "Markdown", 0, 0, 0, 0, 138, 0, 0, 0, 0, 0, 0, 0, 0, 0, 0, 0, 0, 0, 55, 193
"d:\workshops\eShop\_bmad\tea\workflows\testarch\bmad-testarch-test-design\resources\knowledge\playwright-config.md", "Markdown", 0, 0, 0, 0, 591, 0, 0, 0, 0, 0, 0, 0, 0, 0, 0, 0, 0, 0, 144, 735
"d:\workshops\eShop\_bmad\tea\workflows\testarch\bmad-testarch-test-design\resources\knowledge\probability-impact.md", "Markdown", 0, 0, 0, 0, 496, 0, 0, 0, 0, 0, 0, 0, 0, 0, 0, 0, 0, 0, 106, 602
"d:\workshops\eShop\_bmad\tea\workflows\testarch\bmad-testarch-test-design\resources\knowledge\recurse.md", "Markdown", 0, 0, 0, 0, 327, 0, 0, 0, 0, 0, 0, 0, 0, 0, 0, 0, 0, 0, 95, 422
"d:\workshops\eShop\_bmad\tea\workflows\testarch\bmad-testarch-test-design\resources\knowledge\risk-governance.md", "Markdown", 0, 0, 0, 0, 499, 0, 0, 0, 0, 0, 0, 0, 0, 0, 0, 0, 0, 0, 117, 616
"d:\workshops\eShop\_bmad\tea\workflows\testarch\bmad-testarch-test-design\resources\knowledge\selective-testing.md", "Markdown", 0, 0, 0, 0, 598, 0, 0, 0, 0, 0, 0, 0, 0, 0, 0, 0, 0, 0, 135, 733
"d:\workshops\eShop\_bmad\tea\workflows\testarch\bmad-testarch-test-design\resources\knowledge\selector-resilience.md", "Markdown", 0, 0, 0, 0, 378, 0, 0, 0, 0, 0, 0, 0, 0, 0, 0, 0, 0, 0, 150, 528
"d:\workshops\eShop\_bmad\tea\workflows\testarch\bmad-testarch-test-design\resources\knowledge\test-healing-patterns.md", "Markdown", 0, 0, 0, 0, 494, 0, 0, 0, 0, 0, 0, 0, 0, 0, 0, 0, 0, 0, 151, 645
"d:\workshops\eShop\_bmad\tea\workflows\testarch\bmad-testarch-test-design\resources\knowledge\test-levels-framework.md", "Markdown", 0, 0, 0, 0, 357, 0, 0, 0, 0, 0, 0, 0, 0, 0, 0, 0, 0, 1, 116, 474
"d:\workshops\eShop\_bmad\tea\workflows\testarch\bmad-testarch-test-design\resources\knowledge\test-priorities-matrix.md", "Markdown", 0, 0, 0, 0, 281, 0, 0, 0, 0, 0, 0, 0, 0, 0, 0, 0, 0, 1, 92, 374
"d:\workshops\eShop\_bmad\tea\workflows\testarch\bmad-testarch-test-design\resources\knowledge\test-quality.md", "Markdown", 0, 0, 0, 0, 517, 0, 0, 0, 0, 0, 0, 0, 0, 0, 0, 0, 0, 0, 148, 665
"d:\workshops\eShop\_bmad\tea\workflows\testarch\bmad-testarch-test-design\resources\knowledge\timing-debugging.md", "Markdown", 0, 0, 0, 0, 272, 0, 0, 0, 0, 0, 0, 0, 0, 0, 0, 0, 0, 0, 101, 373
"d:\workshops\eShop\_bmad\tea\workflows\testarch\bmad-testarch-test-design\resources\knowledge\visual-debugging.md", "Markdown", 0, 0, 0, 0, 392, 0, 0, 0, 0, 0, 0, 0, 0, 0, 0, 0, 0, 0, 136, 528
"d:\workshops\eShop\_bmad\tea\workflows\testarch\bmad-testarch-test-design\resources\tea-index.csv", "CSV", 0, 0, 0, 0, 0, 0, 0, 43, 0, 0, 0, 0, 0, 0, 0, 0, 0, 0, 1, 44
"d:\workshops\eShop\_bmad\tea\workflows\testarch\bmad-testarch-test-design\steps-c\step-01-detect-mode.md", "Markdown", 0, 0, 0, 0, 83, 0, 0, 0, 0, 0, 0, 0, 0, 0, 0, 0, 0, 0, 52, 135
"d:\workshops\eShop\_bmad\tea\workflows\testarch\bmad-testarch-test-design\steps-c\step-01b-resume.md", "Markdown", 0, 0, 0, 0, 64, 0, 0, 0, 0, 0, 0, 0, 0, 0, 0, 0, 0, 0, 39, 103
"d:\workshops\eShop\_bmad\tea\workflows\testarch\bmad-testarch-test-design\steps-c\step-02-load-context.md", "Markdown", 0, 0, 0, 0, 151, 0, 0, 0, 0, 0, 0, 0, 0, 0, 0, 0, 0, 0, 92, 243
"d:\workshops\eShop\_bmad\tea\workflows\testarch\bmad-testarch-test-design\steps-c\step-03-risk-and-testability.md", "Markdown", 0, 0, 0, 0, 71, 0, 0, 0, 0, 0, 0, 0, 0, 0, 0, 0, 0, 0, 40, 111
"d:\workshops\eShop\_bmad\tea\workflows\testarch\bmad-testarch-test-design\steps-c\step-04-coverage-plan.md", "Markdown", 0, 0, 0, 0, 81, 0, 0, 0, 0, 0, 0, 0, 0, 0, 0, 0, 0, 0, 43, 124
"d:\workshops\eShop\_bmad\tea\workflows\testarch\bmad-testarch-test-design\steps-c\step-05-generate-output.md", "Markdown", 0, 0, 0, 0, 155, 0, 0, 0, 0, 0, 0, 0, 0, 0, 0, 0, 0, 0, 68, 223
"d:\workshops\eShop\_bmad\tea\workflows\testarch\bmad-testarch-test-design\steps-e\step-01-assess.md", "Markdown", 0, 0, 0, 0, 37, 0, 0, 0, 0, 0, 0, 0, 0, 0, 0, 0, 0, 0, 29, 66
"d:\workshops\eShop\_bmad\tea\workflows\testarch\bmad-testarch-test-design\steps-e\step-02-apply-edit.md", "Markdown", 0, 0, 0, 0, 33, 0, 0, 0, 0, 0, 0, 0, 0, 0, 0, 0, 0, 0, 28, 61
"d:\workshops\eShop\_bmad\tea\workflows\testarch\bmad-testarch-test-design\steps-v\step-01-validate.md", "Markdown", 0, 0, 0, 0, 40, 0, 0, 0, 0, 0, 0, 0, 0, 0, 0, 0, 0, 0, 28, 68
"d:\workshops\eShop\_bmad\tea\workflows\testarch\bmad-testarch-test-design\test-design-architecture-template.md", "Markdown", 0, 0, 0, 0, 146, 0, 0, 0, 0, 0, 0, 0, 0, 0, 0, 0, 0, 0, 85, 231
"d:\workshops\eShop\_bmad\tea\workflows\testarch\bmad-testarch-test-design\test-design-handoff-template.md", "Markdown", 0, 0, 0, 0, 43, 0, 0, 0, 0, 0, 0, 0, 0, 0, 0, 0, 0, 5, 23, 71
"d:\workshops\eShop\_bmad\tea\workflows\testarch\bmad-testarch-test-design\test-design-qa-template.md", "Markdown", 0, 0, 0, 0, 263, 0, 0, 0, 0, 0, 0, 0, 0, 0, 0, 0, 0, 0, 134, 397
"d:\workshops\eShop\_bmad\tea\workflows\testarch\bmad-testarch-test-design\test-design-template.md", "Markdown", 0, 0, 0, 0, 223, 0, 0, 0, 0, 0, 0, 0, 0, 0, 0, 0, 0, 0, 122, 345
"d:\workshops\eShop\_bmad\tea\workflows\testarch\bmad-testarch-test-design\validation-report-20260127-095021.md", "Markdown", 0, 0, 0, 0, 51, 0, 0, 0, 0, 0, 0, 0, 0, 0, 0, 0, 0, 0, 23, 74
"d:\workshops\eShop\_bmad\tea\workflows\testarch\bmad-testarch-test-design\validation-report-20260127-102401.md", "Markdown", 0, 0, 0, 0, 81, 0, 0, 0, 0, 0, 0, 0, 0, 0, 0, 0, 0, 0, 36, 117
"d:\workshops\eShop\_bmad\tea\workflows\testarch\bmad-testarch-test-design\workflow-plan.md", "Markdown", 0, 0, 0, 0, 16, 0, 0, 0, 0, 0, 0, 0, 0, 0, 0, 0, 0, 0, 7, 23
"d:\workshops\eShop\_bmad\tea\workflows\testarch\bmad-testarch-test-design\workflow.md", "Markdown", 0, 0, 0, 0, 27, 0, 0, 0, 0, 0, 0, 0, 0, 0, 0, 0, 0, 0, 15, 42
"d:\workshops\eShop\_bmad\tea\workflows\testarch\bmad-testarch-test-design\workflow.yaml", "YAML", 0, 52, 0, 0, 0, 0, 0, 0, 0, 0, 0, 0, 0, 0, 0, 0, 0, 15, 11, 78
"d:\workshops\eShop\_bmad\tea\workflows\testarch\bmad-testarch-test-review\SKILL.md", "Skill", 0, 0, 0, 0, 0, 0, 0, 0, 5, 0, 0, 0, 0, 0, 0, 0, 0, 0, 2, 7
"d:\workshops\eShop\_bmad\tea\workflows\testarch\bmad-testarch-test-review\bmad-skill-manifest.yaml", "YAML", 0, 1, 0, 0, 0, 0, 0, 0, 0, 0, 0, 0, 0, 0, 0, 0, 0, 0, 1, 2
"d:\workshops\eShop\_bmad\tea\workflows\testarch\bmad-testarch-test-review\checklist.md", "Markdown", 0, 0, 0, 0, 345, 0, 0, 0, 0, 0, 0, 0, 0, 0, 0, 0, 0, 0, 131, 476
"d:\workshops\eShop\_bmad\tea\workflows\testarch\bmad-testarch-test-review\instructions.md", "Markdown", 0, 0, 0, 0, 26, 0, 0, 0, 0, 0, 0, 0, 0, 0, 0, 0, 0, 0, 20, 46
"d:\workshops\eShop\_bmad\tea\workflows\testarch\bmad-testarch-test-review\resources\knowledge\adr-quality-readiness-checklist.md", "Markdown", 0, 0, 0, 0, 258, 0, 0, 0, 0, 0, 0, 0, 0, 0, 0, 0, 0, 0, 120, 378
"d:\workshops\eShop\_bmad\tea\workflows\testarch\bmad-testarch-test-review\resources\knowledge\api-request.md", "Markdown", 0, 0, 0, 0, 443, 0, 0, 0, 0, 0, 0, 0, 0, 0, 0, 0, 0, 0, 121, 564
"d:\workshops\eShop\_bmad\tea\workflows\testarch\bmad-testarch-test-review\resources\knowledge\api-testing-patterns.md", "Markdown", 0, 0, 0, 0, 754, 0, 0, 0, 0, 0, 0, 0, 0, 0, 0, 0, 0, 0, 162, 916
"d:\workshops\eShop\_bmad\tea\workflows\testarch\bmad-testarch-test-review\resources\knowledge\auth-session.md", "Markdown", 0, 0, 0, 0, 416, 0, 0, 0, 0, 0, 0, 0, 0, 0, 0, 0, 0, 0, 133, 549
"d:\workshops\eShop\_bmad\tea\workflows\testarch\bmad-testarch-test-review\resources\knowledge\burn-in.md", "Markdown", 0, 0, 0, 0, 198, 0, 0, 0, 0, 0, 0, 0, 0, 0, 0, 0, 0, 0, 76, 274
"d:\workshops\eShop\_bmad\tea\workflows\testarch\bmad-testarch-test-review\resources\knowledge\ci-burn-in.md", "Markdown", 0, 0, 0, 0, 576, 0, 0, 0, 0, 0, 0, 0, 0, 0, 0, 0, 0, 0, 142, 718
"d:\workshops\eShop\_bmad\tea\workflows\testarch\bmad-testarch-test-review\resources\knowledge\component-tdd.md", "Markdown", 0, 0, 0, 0, 380, 0, 0, 0, 0, 0, 0, 0, 0, 0, 0, 0, 0, 0, 107, 487
"d:\workshops\eShop\_bmad\tea\workflows\testarch\bmad-testarch-test-review\resources\knowledge\contract-testing.md", "Markdown", 0, 0, 0, 0, 882, 0, 0, 0, 0, 0, 0, 0, 0, 0, 0, 0, 0, 0, 169, 1051
"d:\workshops\eShop\_bmad\tea\workflows\testarch\bmad-testarch-test-review\resources\knowledge\data-factories.md", "Markdown", 0, 0, 0, 0, 392, 0, 0, 0, 0, 0, 0, 0, 0, 0, 0, 0, 0, 0, 109, 501
"d:\workshops\eShop\_bmad\tea\workflows\testarch\bmad-testarch-test-review\resources\knowledge\email-auth.md", "Markdown", 0, 0, 0, 0, 564, 0, 0, 0, 0, 0, 0, 0, 0, 0, 0, 0, 0, 0, 158, 722
"d:\workshops\eShop\_bmad\tea\workflows\testarch\bmad-testarch-test-review\resources\knowledge\error-handling.md", "Markdown", 0, 0, 0, 0, 579, 0, 0, 0, 0, 0, 0, 0, 0, 0, 0, 0, 0, 0, 147, 726
"d:\workshops\eShop\_bmad\tea\workflows\testarch\bmad-testarch-test-review\resources\knowledge\feature-flags.md", "Markdown", 0, 0, 0, 0, 620, 0, 0, 0, 0, 0, 0, 0, 0, 0, 0, 0, 0, 0, 131, 751
"d:\workshops\eShop\_bmad\tea\workflows\testarch\bmad-testarch-test-review\resources\knowledge\file-utils.md", "Markdown", 0, 0, 0, 0, 342, 0, 0, 0, 0, 0, 0, 0, 0, 0, 0, 0, 0, 0, 115, 457
"d:\workshops\eShop\_bmad\tea\workflows\testarch\bmad-testarch-test-review\resources\knowledge\fixture-architecture.md", "Markdown", 0, 0, 0, 0, 316, 0, 0, 0, 0, 0, 0, 0, 0, 0, 0, 0, 0, 0, 86, 402
"d:\workshops\eShop\_bmad\tea\workflows\testarch\bmad-testarch-test-review\resources\knowledge\fixtures-composition.md", "Markdown", 0, 0, 0, 0, 292, 0, 0, 0, 0, 0, 0, 0, 0, 0, 0, 0, 0, 0, 91, 383
"d:\workshops\eShop\_bmad\tea\workflows\testarch\bmad-testarch-test-review\resources\knowledge\intercept-network-call.md", "Markdown", 0, 0, 0, 0, 318, 0, 0, 0, 0, 0, 0, 0, 0, 0, 0, 0, 0, 0, 109, 427
"d:\workshops\eShop\_bmad\tea\workflows\testarch\bmad-testarch-test-review\resources\knowledge\log.md", "Markdown", 0, 0, 0, 0, 320, 0, 0, 0, 0, 0, 0, 0, 0, 0, 0, 0, 0, 0, 107, 427
"d:\workshops\eShop\_bmad\tea\workflows\testarch\bmad-testarch-test-review\resources\knowledge\network-error-monitor.md", "Markdown", 0, 0, 0, 0, 289, 0, 0, 0, 0, 0, 0, 0, 0, 0, 0, 0, 0, 0, 113, 402
"d:\workshops\eShop\_bmad\tea\workflows\testarch\bmad-testarch-test-review\resources\knowledge\network-first.md", "Markdown", 0, 0, 0, 0, 378, 0, 0, 0, 0, 0, 0, 0, 0, 0, 0, 0, 0, 0, 109, 487
"d:\workshops\eShop\_bmad\tea\workflows\testarch\bmad-testarch-test-review\resources\knowledge\network-recorder.md", "Markdown", 0, 0, 0, 0, 384, 0, 0, 0, 0, 0, 0, 0, 0, 0, 0, 0, 0, 0, 144, 528
"d:\workshops\eShop\_bmad\tea\workflows\testarch\bmad-testarch-test-review\resources\knowledge\nfr-criteria.md", "Markdown", 0, 0, 0, 0, 515, 0, 0, 0, 0, 0, 0, 0, 0, 0, 0, 0, 0, 0, 156, 671
"d:\workshops\eShop\_bmad\tea\workflows\testarch\bmad-testarch-test-review\resources\knowledge\overview.md", "Markdown", 0, 0, 0, 0, 204, 0, 0, 0, 0, 0, 0, 0, 0, 0, 0, 0, 0, 0, 83, 287
"d:\workshops\eShop\_bmad\tea\workflows\testarch\bmad-testarch-test-review\resources\knowledge\pact-consumer-di.md", "Markdown", 0, 0, 0, 0, 238, 0, 0, 0, 0, 0, 0, 0, 0, 0, 0, 0, 0, 0, 73, 311
"d:\workshops\eShop\_bmad\tea\workflows\testarch\bmad-testarch-test-review\resources\knowledge\pact-consumer-framework-setup.md", "Markdown", 0, 0, 0, 0, 495, 0, 0, 0, 0, 0, 0, 0, 0, 0, 0, 0, 0, 0, 141, 636
"d:\workshops\eShop\_bmad\tea\workflows\testarch\bmad-testarch-test-review\resources\knowledge\pact-mcp.md", "Markdown", 0, 0, 0, 0, 152, 0, 0, 0, 0, 0, 0, 0, 0, 0, 0, 0, 0, 0, 53, 205
"d:\workshops\eShop\_bmad\tea\workflows\testarch\bmad-testarch-test-review\resources\knowledge\pactjs-utils-consumer-helpers.md", "Markdown", 0, 0, 0, 0, 216, 0, 0, 0, 0, 0, 0, 0, 0, 0, 0, 0, 0, 0, 55, 271
"d:\workshops\eShop\_bmad\tea\workflows\testarch\bmad-testarch-test-review\resources\knowledge\pactjs-utils-overview.md", "Markdown", 0, 0, 0, 0, 174, 0, 0, 0, 0, 0, 0, 0, 0, 0, 0, 0, 0, 0, 43, 217
"d:\workshops\eShop\_bmad\tea\workflows\testarch\bmad-testarch-test-review\resources\knowledge\pactjs-utils-provider-verifier.md", "Markdown", 0, 0, 0, 0, 258, 0, 0, 0, 0, 0, 0, 0, 0, 0, 0, 0, 0, 0, 58, 316
"d:\workshops\eShop\_bmad\tea\workflows\testarch\bmad-testarch-test-review\resources\knowledge\pactjs-utils-request-filter.md", "Markdown", 0, 0, 0, 0, 177, 0, 0, 0, 0, 0, 0, 0, 0, 0, 0, 0, 0, 0, 48, 225
"d:\workshops\eShop\_bmad\tea\workflows\testarch\bmad-testarch-test-review\resources\knowledge\playwright-cli.md", "Markdown", 0, 0, 0, 0, 138, 0, 0, 0, 0, 0, 0, 0, 0, 0, 0, 0, 0, 0, 55, 193
"d:\workshops\eShop\_bmad\tea\workflows\testarch\bmad-testarch-test-review\resources\knowledge\playwright-config.md", "Markdown", 0, 0, 0, 0, 591, 0, 0, 0, 0, 0, 0, 0, 0, 0, 0, 0, 0, 0, 144, 735
"d:\workshops\eShop\_bmad\tea\workflows\testarch\bmad-testarch-test-review\resources\knowledge\probability-impact.md", "Markdown", 0, 0, 0, 0, 496, 0, 0, 0, 0, 0, 0, 0, 0, 0, 0, 0, 0, 0, 106, 602
"d:\workshops\eShop\_bmad\tea\workflows\testarch\bmad-testarch-test-review\resources\knowledge\recurse.md", "Markdown", 0, 0, 0, 0, 327, 0, 0, 0, 0, 0, 0, 0, 0, 0, 0, 0, 0, 0, 95, 422
"d:\workshops\eShop\_bmad\tea\workflows\testarch\bmad-testarch-test-review\resources\knowledge\risk-governance.md", "Markdown", 0, 0, 0, 0, 499, 0, 0, 0, 0, 0, 0, 0, 0, 0, 0, 0, 0, 0, 117, 616
"d:\workshops\eShop\_bmad\tea\workflows\testarch\bmad-testarch-test-review\resources\knowledge\selective-testing.md", "Markdown", 0, 0, 0, 0, 598, 0, 0, 0, 0, 0, 0, 0, 0, 0, 0, 0, 0, 0, 135, 733
"d:\workshops\eShop\_bmad\tea\workflows\testarch\bmad-testarch-test-review\resources\knowledge\selector-resilience.md", "Markdown", 0, 0, 0, 0, 378, 0, 0, 0, 0, 0, 0, 0, 0, 0, 0, 0, 0, 0, 150, 528
"d:\workshops\eShop\_bmad\tea\workflows\testarch\bmad-testarch-test-review\resources\knowledge\test-healing-patterns.md", "Markdown", 0, 0, 0, 0, 494, 0, 0, 0, 0, 0, 0, 0, 0, 0, 0, 0, 0, 0, 151, 645
"d:\workshops\eShop\_bmad\tea\workflows\testarch\bmad-testarch-test-review\resources\knowledge\test-levels-framework.md", "Markdown", 0, 0, 0, 0, 357, 0, 0, 0, 0, 0, 0, 0, 0, 0, 0, 0, 0, 1, 116, 474
"d:\workshops\eShop\_bmad\tea\workflows\testarch\bmad-testarch-test-review\resources\knowledge\test-priorities-matrix.md", "Markdown", 0, 0, 0, 0, 281, 0, 0, 0, 0, 0, 0, 0, 0, 0, 0, 0, 0, 1, 92, 374
"d:\workshops\eShop\_bmad\tea\workflows\testarch\bmad-testarch-test-review\resources\knowledge\test-quality.md", "Markdown", 0, 0, 0, 0, 517, 0, 0, 0, 0, 0, 0, 0, 0, 0, 0, 0, 0, 0, 148, 665
"d:\workshops\eShop\_bmad\tea\workflows\testarch\bmad-testarch-test-review\resources\knowledge\timing-debugging.md", "Markdown", 0, 0, 0, 0, 272, 0, 0, 0, 0, 0, 0, 0, 0, 0, 0, 0, 0, 0, 101, 373
"d:\workshops\eShop\_bmad\tea\workflows\testarch\bmad-testarch-test-review\resources\knowledge\visual-debugging.md", "Markdown", 0, 0, 0, 0, 392, 0, 0, 0, 0, 0, 0, 0, 0, 0, 0, 0, 0, 0, 136, 528
"d:\workshops\eShop\_bmad\tea\workflows\testarch\bmad-testarch-test-review\resources\tea-index.csv", "CSV", 0, 0, 0, 0, 0, 0, 0, 43, 0, 0, 0, 0, 0, 0, 0, 0, 0, 0, 1, 44
"d:\workshops\eShop\_bmad\tea\workflows\testarch\bmad-testarch-test-review\steps-c\step-01-load-context.md", "Markdown", 0, 0, 0, 0, 121, 0, 0, 0, 0, 0, 0, 0, 0, 0, 0, 0, 0, 0, 77, 198
"d:\workshops\eShop\_bmad\tea\workflows\testarch\bmad-testarch-test-review\steps-c\step-01b-resume.md", "Markdown", 0, 0, 0, 0, 65, 0, 0, 0, 0, 0, 0, 0, 0, 0, 0, 0, 0, 0, 40, 105
"d:\workshops\eShop\_bmad\tea\workflows\testarch\bmad-testarch-test-review\steps-c\step-02-discover-tests.md", "Markdown", 0, 0, 0, 0, 79, 0, 0, 0, 0, 0, 0, 0, 0, 0, 0, 0, 0, 0, 41, 120
"d:\workshops\eShop\_bmad\tea\workflows\testarch\bmad-testarch-test-review\steps-c\step-03-quality-evaluation.md", "Markdown", 0, 0, 0, 0, 196, 0, 0, 0, 0, 0, 0, 0, 0, 0, 0, 0, 0, 0, 79, 275
"d:\workshops\eShop\_bmad\tea\workflows\testarch\bmad-testarch-test-review\steps-c\step-03a-subagent-determinism.md", "Markdown", 0, 0, 0, 0, 166, 0, 0, 0, 0, 0, 0, 0, 0, 0, 0, 0, 0, 0, 49, 215
"d:\workshops\eShop\_bmad\tea\workflows\testarch\bmad-testarch-test-review\steps-c\step-03b-subagent-isolation.md", "Markdown", 0, 0, 0, 0, 92, 0, 0, 0, 0, 0, 0, 0, 0, 0, 0, 0, 0, 0, 34, 126
"d:\workshops\eShop\_bmad\tea\workflows\testarch\bmad-testarch-test-review\steps-c\step-03c-subagent-maintainability.md", "Markdown", 0, 0, 0, 0, 77, 0, 0, 0, 0, 0, 0, 0, 0, 0, 0, 0, 0, 0, 26, 103
"d:\workshops\eShop\_bmad\tea\workflows\testarch\bmad-testarch-test-review\steps-c\step-03e-subagent-performance.md", "Markdown", 0, 0, 0, 0, 92, 0, 0, 0, 0, 0, 0, 0, 0, 0, 0, 0, 0, 0, 26, 118
"d:\workshops\eShop\_bmad\tea\workflows\testarch\bmad-testarch-test-review\steps-c\step-03f-aggregate-scores.md", "Markdown", 0, 0, 0, 0, 199, 0, 0, 0, 0, 0, 0, 0, 0, 0, 0, 0, 0, 0, 79, 278
"d:\workshops\eShop\_bmad\tea\workflows\testarch\bmad-testarch-test-review\steps-c\step-04-generate-report.md", "Markdown", 0, 0, 0, 0, 72, 0, 0, 0, 0, 0, 0, 0, 0, 0, 0, 0, 0, 0, 40, 112
"d:\workshops\eShop\_bmad\tea\workflows\testarch\bmad-testarch-test-review\steps-e\step-01-assess.md", "Markdown", 0, 0, 0, 0, 37, 0, 0, 0, 0, 0, 0, 0, 0, 0, 0, 0, 0, 0, 29, 66
"d:\workshops\eShop\_bmad\tea\workflows\testarch\bmad-testarch-test-review\steps-e\step-02-apply-edit.md", "Markdown", 0, 0, 0, 0, 33, 0, 0, 0, 0, 0, 0, 0, 0, 0, 0, 0, 0, 0, 28, 61
"d:\workshops\eShop\_bmad\tea\workflows\testarch\bmad-testarch-test-review\steps-v\step-01-validate.md", "Markdown", 0, 0, 0, 0, 40, 0, 0, 0, 0, 0, 0, 0, 0, 0, 0, 0, 0, 0, 28, 68
"d:\workshops\eShop\_bmad\tea\workflows\testarch\bmad-testarch-test-review\test-review-template.md", "Markdown", 0, 0, 0, 0, 264, 0, 0, 0, 0, 0, 0, 0, 0, 0, 0, 0, 0, 0, 124, 388
"d:\workshops\eShop\_bmad\tea\workflows\testarch\bmad-testarch-test-review\validation-report-20260127-095021.md", "Markdown", 0, 0, 0, 0, 50, 0, 0, 0, 0, 0, 0, 0, 0, 0, 0, 0, 0, 0, 23, 73
"d:\workshops\eShop\_bmad\tea\workflows\testarch\bmad-testarch-test-review\validation-report-20260127-102401.md", "Markdown", 0, 0, 0, 0, 79, 0, 0, 0, 0, 0, 0, 0, 0, 0, 0, 0, 0, 0, 36, 115
"d:\workshops\eShop\_bmad\tea\workflows\testarch\bmad-testarch-test-review\workflow-plan.md", "Markdown", 0, 0, 0, 0, 13, 0, 0, 0, 0, 0, 0, 0, 0, 0, 0, 0, 0, 0, 6, 19
"d:\workshops\eShop\_bmad\tea\workflows\testarch\bmad-testarch-test-review\workflow.md", "Markdown", 0, 0, 0, 0, 27, 0, 0, 0, 0, 0, 0, 0, 0, 0, 0, 0, 0, 0, 15, 42
"d:\workshops\eShop\_bmad\tea\workflows\testarch\bmad-testarch-test-review\workflow.yaml", "YAML", 0, 34, 0, 0, 0, 0, 0, 0, 0, 0, 0, 0, 0, 0, 0, 0, 0, 7, 8, 49
"d:\workshops\eShop\_bmad\tea\workflows\testarch\bmad-testarch-trace\SKILL.md", "Skill", 0, 0, 0, 0, 0, 0, 0, 0, 5, 0, 0, 0, 0, 0, 0, 0, 0, 0, 2, 7
"d:\workshops\eShop\_bmad\tea\workflows\testarch\bmad-testarch-trace\bmad-skill-manifest.yaml", "YAML", 0, 1, 0, 0, 0, 0, 0, 0, 0, 0, 0, 0, 0, 0, 0, 0, 0, 0, 1, 2
"d:\workshops\eShop\_bmad\tea\workflows\testarch\bmad-testarch-trace\checklist.md", "Markdown", 0, 0, 0, 0, 459, 0, 0, 0, 0, 0, 0, 0, 0, 0, 0, 0, 0, 1, 188, 648
"d:\workshops\eShop\_bmad\tea\workflows\testarch\bmad-testarch-trace\instructions.md", "Markdown", 0, 0, 0, 0, 25, 0, 0, 0, 0, 0, 0, 0, 0, 0, 0, 0, 0, 0, 19, 44
"d:\workshops\eShop\_bmad\tea\workflows\testarch\bmad-testarch-trace\resources\knowledge\adr-quality-readiness-checklist.md", "Markdown", 0, 0, 0, 0, 258, 0, 0, 0, 0, 0, 0, 0, 0, 0, 0, 0, 0, 0, 120, 378
"d:\workshops\eShop\_bmad\tea\workflows\testarch\bmad-testarch-trace\resources\knowledge\api-request.md", "Markdown", 0, 0, 0, 0, 443, 0, 0, 0, 0, 0, 0, 0, 0, 0, 0, 0, 0, 0, 121, 564
"d:\workshops\eShop\_bmad\tea\workflows\testarch\bmad-testarch-trace\resources\knowledge\api-testing-patterns.md", "Markdown", 0, 0, 0, 0, 754, 0, 0, 0, 0, 0, 0, 0, 0, 0, 0, 0, 0, 0, 162, 916
"d:\workshops\eShop\_bmad\tea\workflows\testarch\bmad-testarch-trace\resources\knowledge\auth-session.md", "Markdown", 0, 0, 0, 0, 416, 0, 0, 0, 0, 0, 0, 0, 0, 0, 0, 0, 0, 0, 133, 549
"d:\workshops\eShop\_bmad\tea\workflows\testarch\bmad-testarch-trace\resources\knowledge\burn-in.md", "Markdown", 0, 0, 0, 0, 198, 0, 0, 0, 0, 0, 0, 0, 0, 0, 0, 0, 0, 0, 76, 274
"d:\workshops\eShop\_bmad\tea\workflows\testarch\bmad-testarch-trace\resources\knowledge\ci-burn-in.md", "Markdown", 0, 0, 0, 0, 576, 0, 0, 0, 0, 0, 0, 0, 0, 0, 0, 0, 0, 0, 142, 718
"d:\workshops\eShop\_bmad\tea\workflows\testarch\bmad-testarch-trace\resources\knowledge\component-tdd.md", "Markdown", 0, 0, 0, 0, 380, 0, 0, 0, 0, 0, 0, 0, 0, 0, 0, 0, 0, 0, 107, 487
"d:\workshops\eShop\_bmad\tea\workflows\testarch\bmad-testarch-trace\resources\knowledge\contract-testing.md", "Markdown", 0, 0, 0, 0, 882, 0, 0, 0, 0, 0, 0, 0, 0, 0, 0, 0, 0, 0, 169, 1051
"d:\workshops\eShop\_bmad\tea\workflows\testarch\bmad-testarch-trace\resources\knowledge\data-factories.md", "Markdown", 0, 0, 0, 0, 392, 0, 0, 0, 0, 0, 0, 0, 0, 0, 0, 0, 0, 0, 109, 501
"d:\workshops\eShop\_bmad\tea\workflows\testarch\bmad-testarch-trace\resources\knowledge\email-auth.md", "Markdown", 0, 0, 0, 0, 564, 0, 0, 0, 0, 0, 0, 0, 0, 0, 0, 0, 0, 0, 158, 722
"d:\workshops\eShop\_bmad\tea\workflows\testarch\bmad-testarch-trace\resources\knowledge\error-handling.md", "Markdown", 0, 0, 0, 0, 579, 0, 0, 0, 0, 0, 0, 0, 0, 0, 0, 0, 0, 0, 147, 726
"d:\workshops\eShop\_bmad\tea\workflows\testarch\bmad-testarch-trace\resources\knowledge\feature-flags.md", "Markdown", 0, 0, 0, 0, 620, 0, 0, 0, 0, 0, 0, 0, 0, 0, 0, 0, 0, 0, 131, 751
"d:\workshops\eShop\_bmad\tea\workflows\testarch\bmad-testarch-trace\resources\knowledge\file-utils.md", "Markdown", 0, 0, 0, 0, 342, 0, 0, 0, 0, 0, 0, 0, 0, 0, 0, 0, 0, 0, 115, 457
"d:\workshops\eShop\_bmad\tea\workflows\testarch\bmad-testarch-trace\resources\knowledge\fixture-architecture.md", "Markdown", 0, 0, 0, 0, 316, 0, 0, 0, 0, 0, 0, 0, 0, 0, 0, 0, 0, 0, 86, 402
"d:\workshops\eShop\_bmad\tea\workflows\testarch\bmad-testarch-trace\resources\knowledge\fixtures-composition.md", "Markdown", 0, 0, 0, 0, 292, 0, 0, 0, 0, 0, 0, 0, 0, 0, 0, 0, 0, 0, 91, 383
"d:\workshops\eShop\_bmad\tea\workflows\testarch\bmad-testarch-trace\resources\knowledge\intercept-network-call.md", "Markdown", 0, 0, 0, 0, 318, 0, 0, 0, 0, 0, 0, 0, 0, 0, 0, 0, 0, 0, 109, 427
"d:\workshops\eShop\_bmad\tea\workflows\testarch\bmad-testarch-trace\resources\knowledge\log.md", "Markdown", 0, 0, 0, 0, 320, 0, 0, 0, 0, 0, 0, 0, 0, 0, 0, 0, 0, 0, 107, 427
"d:\workshops\eShop\_bmad\tea\workflows\testarch\bmad-testarch-trace\resources\knowledge\network-error-monitor.md", "Markdown", 0, 0, 0, 0, 289, 0, 0, 0, 0, 0, 0, 0, 0, 0, 0, 0, 0, 0, 113, 402
"d:\workshops\eShop\_bmad\tea\workflows\testarch\bmad-testarch-trace\resources\knowledge\network-first.md", "Markdown", 0, 0, 0, 0, 378, 0, 0, 0, 0, 0, 0, 0, 0, 0, 0, 0, 0, 0, 109, 487
"d:\workshops\eShop\_bmad\tea\workflows\testarch\bmad-testarch-trace\resources\knowledge\network-recorder.md", "Markdown", 0, 0, 0, 0, 384, 0, 0, 0, 0, 0, 0, 0, 0, 0, 0, 0, 0, 0, 144, 528
"d:\workshops\eShop\_bmad\tea\workflows\testarch\bmad-testarch-trace\resources\knowledge\nfr-criteria.md", "Markdown", 0, 0, 0, 0, 515, 0, 0, 0, 0, 0, 0, 0, 0, 0, 0, 0, 0, 0, 156, 671
"d:\workshops\eShop\_bmad\tea\workflows\testarch\bmad-testarch-trace\resources\knowledge\overview.md", "Markdown", 0, 0, 0, 0, 204, 0, 0, 0, 0, 0, 0, 0, 0, 0, 0, 0, 0, 0, 83, 287
"d:\workshops\eShop\_bmad\tea\workflows\testarch\bmad-testarch-trace\resources\knowledge\pact-consumer-di.md", "Markdown", 0, 0, 0, 0, 238, 0, 0, 0, 0, 0, 0, 0, 0, 0, 0, 0, 0, 0, 73, 311
"d:\workshops\eShop\_bmad\tea\workflows\testarch\bmad-testarch-trace\resources\knowledge\pact-consumer-framework-setup.md", "Markdown", 0, 0, 0, 0, 495, 0, 0, 0, 0, 0, 0, 0, 0, 0, 0, 0, 0, 0, 141, 636
"d:\workshops\eShop\_bmad\tea\workflows\testarch\bmad-testarch-trace\resources\knowledge\pact-mcp.md", "Markdown", 0, 0, 0, 0, 152, 0, 0, 0, 0, 0, 0, 0, 0, 0, 0, 0, 0, 0, 53, 205
"d:\workshops\eShop\_bmad\tea\workflows\testarch\bmad-testarch-trace\resources\knowledge\pactjs-utils-consumer-helpers.md", "Markdown", 0, 0, 0, 0, 216, 0, 0, 0, 0, 0, 0, 0, 0, 0, 0, 0, 0, 0, 55, 271
"d:\workshops\eShop\_bmad\tea\workflows\testarch\bmad-testarch-trace\resources\knowledge\pactjs-utils-overview.md", "Markdown", 0, 0, 0, 0, 174, 0, 0, 0, 0, 0, 0, 0, 0, 0, 0, 0, 0, 0, 43, 217
"d:\workshops\eShop\_bmad\tea\workflows\testarch\bmad-testarch-trace\resources\knowledge\pactjs-utils-provider-verifier.md", "Markdown", 0, 0, 0, 0, 258, 0, 0, 0, 0, 0, 0, 0, 0, 0, 0, 0, 0, 0, 58, 316
"d:\workshops\eShop\_bmad\tea\workflows\testarch\bmad-testarch-trace\resources\knowledge\pactjs-utils-request-filter.md", "Markdown", 0, 0, 0, 0, 177, 0, 0, 0, 0, 0, 0, 0, 0, 0, 0, 0, 0, 0, 48, 225
"d:\workshops\eShop\_bmad\tea\workflows\testarch\bmad-testarch-trace\resources\knowledge\playwright-cli.md", "Markdown", 0, 0, 0, 0, 138, 0, 0, 0, 0, 0, 0, 0, 0, 0, 0, 0, 0, 0, 55, 193
"d:\workshops\eShop\_bmad\tea\workflows\testarch\bmad-testarch-trace\resources\knowledge\playwright-config.md", "Markdown", 0, 0, 0, 0, 591, 0, 0, 0, 0, 0, 0, 0, 0, 0, 0, 0, 0, 0, 144, 735
"d:\workshops\eShop\_bmad\tea\workflows\testarch\bmad-testarch-trace\resources\knowledge\probability-impact.md", "Markdown", 0, 0, 0, 0, 496, 0, 0, 0, 0, 0, 0, 0, 0, 0, 0, 0, 0, 0, 106, 602
"d:\workshops\eShop\_bmad\tea\workflows\testarch\bmad-testarch-trace\resources\knowledge\recurse.md", "Markdown", 0, 0, 0, 0, 327, 0, 0, 0, 0, 0, 0, 0, 0, 0, 0, 0, 0, 0, 95, 422
"d:\workshops\eShop\_bmad\tea\workflows\testarch\bmad-testarch-trace\resources\knowledge\risk-governance.md", "Markdown", 0, 0, 0, 0, 499, 0, 0, 0, 0, 0, 0, 0, 0, 0, 0, 0, 0, 0, 117, 616
"d:\workshops\eShop\_bmad\tea\workflows\testarch\bmad-testarch-trace\resources\knowledge\selective-testing.md", "Markdown", 0, 0, 0, 0, 598, 0, 0, 0, 0, 0, 0, 0, 0, 0, 0, 0, 0, 0, 135, 733
"d:\workshops\eShop\_bmad\tea\workflows\testarch\bmad-testarch-trace\resources\knowledge\selector-resilience.md", "Markdown", 0, 0, 0, 0, 378, 0, 0, 0, 0, 0, 0, 0, 0, 0, 0, 0, 0, 0, 150, 528
"d:\workshops\eShop\_bmad\tea\workflows\testarch\bmad-testarch-trace\resources\knowledge\test-healing-patterns.md", "Markdown", 0, 0, 0, 0, 494, 0, 0, 0, 0, 0, 0, 0, 0, 0, 0, 0, 0, 0, 151, 645
"d:\workshops\eShop\_bmad\tea\workflows\testarch\bmad-testarch-trace\resources\knowledge\test-levels-framework.md", "Markdown", 0, 0, 0, 0, 357, 0, 0, 0, 0, 0, 0, 0, 0, 0, 0, 0, 0, 1, 116, 474
"d:\workshops\eShop\_bmad\tea\workflows\testarch\bmad-testarch-trace\resources\knowledge\test-priorities-matrix.md", "Markdown", 0, 0, 0, 0, 281, 0, 0, 0, 0, 0, 0, 0, 0, 0, 0, 0, 0, 1, 92, 374
"d:\workshops\eShop\_bmad\tea\workflows\testarch\bmad-testarch-trace\resources\knowledge\test-quality.md", "Markdown", 0, 0, 0, 0, 517, 0, 0, 0, 0, 0, 0, 0, 0, 0, 0, 0, 0, 0, 148, 665
"d:\workshops\eShop\_bmad\tea\workflows\testarch\bmad-testarch-trace\resources\knowledge\timing-debugging.md", "Markdown", 0, 0, 0, 0, 272, 0, 0, 0, 0, 0, 0, 0, 0, 0, 0, 0, 0, 0, 101, 373
"d:\workshops\eShop\_bmad\tea\workflows\testarch\bmad-testarch-trace\resources\knowledge\visual-debugging.md", "Markdown", 0, 0, 0, 0, 392, 0, 0, 0, 0, 0, 0, 0, 0, 0, 0, 0, 0, 0, 136, 528
"d:\workshops\eShop\_bmad\tea\workflows\testarch\bmad-testarch-trace\resources\tea-index.csv", "CSV", 0, 0, 0, 0, 0, 0, 0, 43, 0, 0, 0, 0, 0, 0, 0, 0, 0, 0, 1, 44
"d:\workshops\eShop\_bmad\tea\workflows\testarch\bmad-testarch-trace\steps-c\step-01-load-context.md", "Markdown", 0, 0, 0, 0, 68, 0, 0, 0, 0, 0, 0, 0, 0, 0, 0, 0, 0, 0, 38, 106
"d:\workshops\eShop\_bmad\tea\workflows\testarch\bmad-testarch-trace\steps-c\step-01b-resume.md", "Markdown", 0, 0, 0, 0, 64, 0, 0, 0, 0, 0, 0, 0, 0, 0, 0, 0, 0, 0, 39, 103
"d:\workshops\eShop\_bmad\tea\workflows\testarch\bmad-testarch-trace\steps-c\step-02-discover-tests.md", "Markdown", 0, 0, 0, 0, 74, 0, 0, 0, 0, 0, 0, 0, 0, 0, 0, 0, 0, 0, 39, 113
"d:\workshops\eShop\_bmad\tea\workflows\testarch\bmad-testarch-trace\steps-c\step-03-map-criteria.md", "Markdown", 0, 0, 0, 0, 65, 0, 0, 0, 0, 0, 0, 0, 0, 0, 0, 0, 0, 0, 33, 98
"d:\workshops\eShop\_bmad\tea\workflows\testarch\bmad-testarch-trace\steps-c\step-04-analyze-gaps.md", "Markdown", 0, 0, 0, 0, 317, 0, 0, 0, 0, 0, 0, 0, 0, 0, 0, 0, 0, 0, 105, 422
"d:\workshops\eShop\_bmad\tea\workflows\testarch\bmad-testarch-trace\steps-c\step-05-gate-decision.md", "Markdown", 0, 0, 0, 0, 187, 0, 0, 0, 0, 0, 0, 0, 0, 0, 0, 0, 0, 0, 80, 267
"d:\workshops\eShop\_bmad\tea\workflows\testarch\bmad-testarch-trace\steps-e\step-01-assess.md", "Markdown", 0, 0, 0, 0, 37, 0, 0, 0, 0, 0, 0, 0, 0, 0, 0, 0, 0, 0, 29, 66
"d:\workshops\eShop\_bmad\tea\workflows\testarch\bmad-testarch-trace\steps-e\step-02-apply-edit.md", "Markdown", 0, 0, 0, 0, 33, 0, 0, 0, 0, 0, 0, 0, 0, 0, 0, 0, 0, 0, 28, 61
"d:\workshops\eShop\_bmad\tea\workflows\testarch\bmad-testarch-trace\steps-v\step-01-validate.md", "Markdown", 0, 0, 0, 0, 40, 0, 0, 0, 0, 0, 0, 0, 0, 0, 0, 0, 0, 0, 28, 68
"d:\workshops\eShop\_bmad\tea\workflows\testarch\bmad-testarch-trace\trace-template.md", "Markdown", 0, 0, 0, 0, 482, 0, 0, 0, 0, 0, 0, 0, 0, 0, 0, 0, 0, 1, 226, 709
"d:\workshops\eShop\_bmad\tea\workflows\testarch\bmad-testarch-trace\validation-report-20260127-095021.md", "Markdown", 0, 0, 0, 0, 51, 0, 0, 0, 0, 0, 0, 0, 0, 0, 0, 0, 0, 0, 23, 74
"d:\workshops\eShop\_bmad\tea\workflows\testarch\bmad-testarch-trace\validation-report-20260127-102401.md", "Markdown", 0, 0, 0, 0, 81, 0, 0, 0, 0, 0, 0, 0, 0, 0, 0, 0, 0, 0, 36, 117
"d:\workshops\eShop\_bmad\tea\workflows\testarch\bmad-testarch-trace\workflow-plan.md", "Markdown", 0, 0, 0, 0, 15, 0, 0, 0, 0, 0, 0, 0, 0, 0, 0, 0, 0, 0, 7, 22
"d:\workshops\eShop\_bmad\tea\workflows\testarch\bmad-testarch-trace\workflow.md", "Markdown", 0, 0, 0, 0, 27, 0, 0, 0, 0, 0, 0, 0, 0, 0, 0, 0, 0, 0, 15, 42
"d:\workshops\eShop\_bmad\tea\workflows\testarch\bmad-testarch-trace\workflow.yaml", "YAML", 0, 39, 0, 0, 0, 0, 0, 0, 0, 0, 0, 0, 0, 0, 0, 0, 0, 9, 9, 57
"d:\workshops\eShop\_bmad\wds\agents\wds-agent-freya-ux\SKILL.md", "Skill", 0, 0, 0, 0, 0, 0, 0, 0, 46, 0, 0, 0, 0, 0, 0, 0, 0, 0, 20, 66
"d:\workshops\eShop\_bmad\wds\agents\wds-agent-freya-ux\bmad-skill-manifest.yaml", "YAML", 0, 12, 0, 0, 0, 0, 0, 0, 0, 0, 0, 0, 0, 0, 0, 0, 0, 0, 1, 13
"d:\workshops\eShop\_bmad\wds\agents\wds-agent-saga-analyst\SKILL.md", "Skill", 0, 0, 0, 0, 0, 0, 0, 0, 49, 0, 0, 0, 0, 0, 0, 0, 0, 0, 20, 69
"d:\workshops\eShop\_bmad\wds\agents\wds-agent-saga-analyst\bmad-skill-manifest.yaml", "YAML", 0, 12, 0, 0, 0, 0, 0, 0, 0, 0, 0, 0, 0, 0, 0, 0, 0, 0, 1, 13
"d:\workshops\eShop\_bmad\wds\config.yaml", "YAML", 0, 12, 0, 0, 0, 0, 0, 0, 0, 0, 0, 0, 0, 0, 0, 0, 0, 5, 3, 20
"d:\workshops\eShop\_bmad\wds\data\agent-guides\freya\agentic-development.md", "Markdown", 0, 0, 0, 0, 156, 0, 0, 0, 0, 0, 0, 0, 0, 0, 0, 0, 0, 0, 68, 224
"d:\workshops\eShop\_bmad\wds\data\agent-guides\freya\content-creation.md", "Markdown", 0, 0, 0, 0, 187, 0, 0, 0, 0, 0, 0, 0, 0, 0, 0, 0, 0, 0, 84, 271
"d:\workshops\eShop\_bmad\wds\data\agent-guides\freya\design-system.md", "Markdown", 0, 0, 0, 0, 242, 0, 0, 0, 0, 0, 0, 0, 0, 0, 0, 0, 0, 0, 92, 334
"d:\workshops\eShop\_bmad\wds\data\agent-guides\freya\meta-content-guide.md", "Markdown", 0, 0, 0, 0, 348, 0, 0, 0, 0, 0, 0, 0, 0, 0, 0, 0, 0, 0, 148, 496
"d:\workshops\eShop\_bmad\wds\data\agent-guides\freya\specification-quality.md", "Markdown", 0, 0, 0, 0, 191, 0, 0, 0, 0, 0, 0, 0, 0, 0, 0, 0, 0, 0, 72, 263
"d:\workshops\eShop\_bmad\wds\data\agent-guides\freya\strategic-design.md", "Markdown", 0, 0, 0, 0, 75, 0, 0, 0, 0, 0, 0, 0, 0, 0, 0, 0, 0, 0, 42, 117
"d:\workshops\eShop\_bmad\wds\data\agent-guides\saga\content-structure-principles.md", "Markdown", 0, 0, 0, 0, 133, 0, 0, 0, 0, 0, 0, 0, 0, 0, 0, 0, 0, 0, 58, 191
"d:\workshops\eShop\_bmad\wds\data\agent-guides\saga\conversational-followups.md", "Markdown", 0, 0, 0, 0, 270, 0, 0, 0, 0, 0, 0, 0, 0, 0, 0, 0, 0, 0, 103, 373
"d:\workshops\eShop\_bmad\wds\data\agent-guides\saga\discovery-conversation.md", "Markdown", 0, 0, 0, 0, 168, 0, 0, 0, 0, 0, 0, 0, 0, 0, 0, 0, 0, 0, 98, 266
"d:\workshops\eShop\_bmad\wds\data\agent-guides\saga\dream-up-approach.md", "Markdown", 0, 0, 0, 0, 748, 0, 0, 0, 0, 0, 0, 0, 0, 0, 0, 0, 0, 0, 287, 1035
"d:\workshops\eShop\_bmad\wds\data\agent-guides\saga\inspiration-analysis.md", "Markdown", 0, 0, 0, 0, 151, 0, 0, 0, 0, 0, 0, 0, 0, 0, 0, 0, 0, 0, 65, 216
"d:\workshops\eShop\_bmad\wds\data\agent-guides\saga\resources\project-brief.template.md", "Markdown", 0, 0, 0, 0, 113, 0, 0, 0, 0, 0, 0, 0, 0, 0, 0, 0, 0, 0, 75, 188
"d:\workshops\eShop\_bmad\wds\data\agent-guides\saga\seo-strategy-guide.md", "Markdown", 0, 0, 0, 0, 285, 0, 0, 0, 0, 0, 0, 0, 0, 0, 0, 0, 0, 0, 107, 392
"d:\workshops\eShop\_bmad\wds\data\agent-guides\saga\strategic-documentation.md", "Markdown", 0, 0, 0, 0, 310, 0, 0, 0, 0, 0, 0, 0, 0, 0, 0, 0, 0, 0, 145, 455
"d:\workshops\eShop\_bmad\wds\data\agent-guides\saga\trigger-mapping.md", "Markdown", 0, 0, 0, 0, 448, 0, 0, 0, 0, 0, 0, 0, 0, 0, 0, 0, 0, 0, 206, 654
"d:\workshops\eShop\_bmad\wds\data\agent-guides\saga\working-with-existing-materials.md", "Markdown", 0, 0, 0, 0, 120, 0, 0, 0, 0, 0, 0, 0, 0, 0, 0, 0, 0, 0, 53, 173
"d:\workshops\eShop\_bmad\wds\data\design-system\component-boundaries.md", "Markdown", 0, 0, 0, 0, 199, 0, 0, 0, 0, 0, 0, 0, 0, 0, 0, 0, 0, 0, 120, 319
"d:\workshops\eShop\_bmad\wds\data\design-system\figma-component-structure.md", "Markdown", 0, 0, 0, 0, 478, 0, 0, 0, 0, 0, 0, 0, 0, 0, 0, 0, 0, 0, 220, 698
"d:\workshops\eShop\_bmad\wds\data\design-system\naming-conventions.md", "Markdown", 0, 0, 0, 0, 139, 0, 0, 0, 0, 0, 0, 0, 0, 0, 0, 0, 0, 0, 62, 201
"d:\workshops\eShop\_bmad\wds\data\design-system\state-management.md", "Markdown", 0, 0, 0, 0, 61, 0, 0, 0, 0, 0, 0, 0, 0, 0, 0, 0, 0, 0, 33, 94
"d:\workshops\eShop\_bmad\wds\data\design-system\token-architecture.md", "Markdown", 0, 0, 0, 0, 335, 0, 0, 0, 0, 0, 0, 0, 0, 0, 0, 0, 0, 0, 140, 475
"d:\workshops\eShop\_bmad\wds\data\design-system\validation-patterns.md", "Markdown", 0, 0, 0, 0, 49, 0, 0, 0, 0, 0, 0, 0, 0, 0, 0, 0, 0, 0, 26, 75
"d:\workshops\eShop\_bmad\wds\data\presentations\freya-how-i-help.md", "Markdown", 0, 0, 0, 0, 43, 0, 0, 0, 0, 0, 0, 0, 0, 0, 0, 0, 0, 0, 21, 64
"d:\workshops\eShop\_bmad\wds\data\presentations\freya-intro.md", "Markdown", 0, 0, 0, 0, 192, 0, 0, 0, 0, 0, 0, 0, 0, 0, 0, 0, 0, 0, 83, 275
"d:\workshops\eShop\_bmad\wds\data\presentations\freya-presentation.md", "Markdown", 0, 0, 0, 0, 53, 0, 0, 0, 0, 0, 0, 0, 0, 0, 0, 0, 0, 0, 25, 78
"d:\workshops\eShop\_bmad\wds\data\presentations\freya-workflows-guide.md", "Markdown", 0, 0, 0, 0, 40, 0, 0, 0, 0, 0, 0, 0, 0, 0, 0, 0, 0, 0, 12, 52
"d:\workshops\eShop\_bmad\wds\data\presentations\mimir-agents-overview.md", "Markdown", 0, 0, 0, 0, 44, 0, 0, 0, 0, 0, 0, 0, 0, 0, 0, 0, 0, 0, 23, 67
"d:\workshops\eShop\_bmad\wds\data\presentations\mimir-tone-setting.md", "Markdown", 0, 0, 0, 0, 33, 0, 0, 0, 0, 0, 0, 0, 0, 0, 0, 0, 0, 0, 16, 49
"d:\workshops\eShop\_bmad\wds\data\presentations\saga-how-i-help.md", "Markdown", 0, 0, 0, 0, 40, 0, 0, 0, 0, 0, 0, 0, 0, 0, 0, 0, 0, 0, 23, 63
"d:\workshops\eShop\_bmad\wds\data\presentations\saga-intro.md", "Markdown", 0, 0, 0, 0, 200, 0, 0, 0, 0, 0, 0, 0, 0, 0, 0, 0, 0, 0, 86, 286
"d:\workshops\eShop\_bmad\wds\data\presentations\saga-presentation.md", "Markdown", 0, 0, 0, 0, 49, 0, 0, 0, 0, 0, 0, 0, 0, 0, 0, 0, 0, 0, 26, 75
"d:\workshops\eShop\_bmad\wds\data\presentations\saga-workflows-guide.md", "Markdown", 0, 0, 0, 0, 37, 0, 0, 0, 0, 0, 0, 0, 0, 0, 0, 0, 0, 0, 12, 49
"d:\workshops\eShop\_bmad\wds\module-help.csv", "CSV", 0, 0, 0, 0, 0, 0, 0, 18, 0, 0, 0, 0, 0, 0, 0, 0, 0, 0, 1, 19
"d:\workshops\eShop\_bmad\wds\skills\freya.activation.md", "Markdown", 0, 0, 0, 0, 142, 0, 0, 0, 0, 0, 0, 0, 0, 0, 0, 0, 0, 0, 56, 198
"d:\workshops\eShop\_bmad\wds\skills\saga.activation.md", "Markdown", 0, 0, 0, 0, 116, 0, 0, 0, 0, 0, 0, 0, 0, 0, 0, 0, 0, 0, 47, 163
"d:\workshops\eShop\_bmad\wds\workflows\wds-0-alignment-signoff\SKILL.md", "Skill", 0, 0, 0, 0, 0, 0, 0, 0, 5, 0, 0, 0, 0, 0, 0, 0, 0, 0, 2, 7
"d:\workshops\eShop\_bmad\wds\workflows\wds-0-alignment-signoff\bmad-skill-manifest.yaml", "YAML", 0, 1, 0, 0, 0, 0, 0, 0, 0, 0, 0, 0, 0, 0, 0, 0, 0, 0, 1, 2
"d:\workshops\eShop\_bmad\wds\workflows\wds-0-alignment-signoff\data\01-start-understand-routing.md", "Markdown", 0, 0, 0, 0, 20, 0, 0, 0, 0, 0, 0, 0, 0, 0, 0, 0, 0, 0, 10, 30
"d:\workshops\eShop\_bmad\wds\workflows\wds-0-alignment-signoff\data\02-explore-sections-routing.md", "Markdown", 0, 0, 0, 0, 164, 0, 0, 0, 0, 0, 0, 0, 0, 0, 0, 0, 0, 0, 68, 232
"d:\workshops\eShop\_bmad\wds\workflows\wds-0-alignment-signoff\data\03-synthesize-present-routing.md", "Markdown", 0, 0, 0, 0, 19, 0, 0, 0, 0, 0, 0, 0, 0, 0, 0, 0, 0, 0, 11, 30
"d:\workshops\eShop\_bmad\wds\workflows\wds-0-alignment-signoff\data\04-generate-signoff-routing.md", "Markdown", 0, 0, 0, 0, 21, 0, 0, 0, 0, 0, 0, 0, 0, 0, 0, 0, 0, 0, 11, 32
"d:\workshops\eShop\_bmad\wds\workflows\wds-0-alignment-signoff\data\05-build-contract-routing.md", "Markdown", 0, 0, 0, 0, 28, 0, 0, 0, 0, 0, 0, 0, 0, 0, 0, 0, 0, 0, 11, 39
"d:\workshops\eShop\_bmad\wds\workflows\wds-0-alignment-signoff\data\06-build-signoff-internal-routing.md", "Markdown", 0, 0, 0, 0, 18, 0, 0, 0, 0, 0, 0, 0, 0, 0, 0, 0, 0, 0, 11, 29
"d:\workshops\eShop\_bmad\wds\workflows\wds-0-alignment-signoff\steps-c\step-01a-understand-situation.md", "Markdown", 0, 0, 0, 0, 70, 0, 0, 0, 0, 0, 0, 0, 0, 0, 0, 0, 0, 0, 33, 103
"d:\workshops\eShop\_bmad\wds\workflows\wds-0-alignment-signoff\steps-c\step-01b-determine-if-needed.md", "Markdown", 0, 0, 0, 0, 75, 0, 0, 0, 0, 0, 0, 0, 0, 0, 0, 0, 0, 0, 39, 114
"d:\workshops\eShop\_bmad\wds\workflows\wds-0-alignment-signoff\steps-c\step-01c-offer-extract.md", "Markdown", 0, 0, 0, 0, 77, 0, 0, 0, 0, 0, 0, 0, 0, 0, 0, 0, 0, 0, 36, 113
"d:\workshops\eShop\_bmad\wds\workflows\wds-0-alignment-signoff\steps-c\step-01d-extract-info.md", "Markdown", 0, 0, 0, 0, 86, 0, 0, 0, 0, 0, 0, 0, 0, 0, 0, 0, 0, 0, 35, 121
"d:\workshops\eShop\_bmad\wds\workflows\wds-0-alignment-signoff\steps-c\step-01e-detect-starting-point.md", "Markdown", 0, 0, 0, 0, 81, 0, 0, 0, 0, 0, 0, 0, 0, 0, 0, 0, 0, 0, 35, 116
"d:\workshops\eShop\_bmad\wds\workflows\wds-0-alignment-signoff\steps-c\step-02a-explore-realization.md", "Markdown", 0, 0, 0, 0, 86, 0, 0, 0, 0, 0, 0, 0, 0, 0, 0, 0, 0, 0, 39, 125
"d:\workshops\eShop\_bmad\wds\workflows\wds-0-alignment-signoff\steps-c\step-02b-explore-solution.md", "Markdown", 0, 0, 0, 0, 71, 0, 0, 0, 0, 0, 0, 0, 0, 0, 0, 0, 0, 0, 37, 108
"d:\workshops\eShop\_bmad\wds\workflows\wds-0-alignment-signoff\steps-c\step-02c-explore-why-it-matters.md", "Markdown", 0, 0, 0, 0, 78, 0, 0, 0, 0, 0, 0, 0, 0, 0, 0, 0, 0, 0, 35, 113
"d:\workshops\eShop\_bmad\wds\workflows\wds-0-alignment-signoff\steps-c\step-02d-explore-how-we-see-it-working.md", "Markdown", 0, 0, 0, 0, 74, 0, 0, 0, 0, 0, 0, 0, 0, 0, 0, 0, 0, 0, 35, 109
"d:\workshops\eShop\_bmad\wds\workflows\wds-0-alignment-signoff\steps-c\step-02e-explore-paths-we-explored.md", "Markdown", 0, 0, 0, 0, 73, 0, 0, 0, 0, 0, 0, 0, 0, 0, 0, 0, 0, 0, 35, 108
"d:\workshops\eShop\_bmad\wds\workflows\wds-0-alignment-signoff\steps-c\step-02f-explore-recommended-solution.md", "Markdown", 0, 0, 0, 0, 72, 0, 0, 0, 0, 0, 0, 0, 0, 0, 0, 0, 0, 0, 34, 106
"d:\workshops\eShop\_bmad\wds\workflows\wds-0-alignment-signoff\steps-c\step-02g-explore-path-forward.md", "Markdown", 0, 0, 0, 0, 82, 0, 0, 0, 0, 0, 0, 0, 0, 0, 0, 0, 0, 0, 36, 118
"d:\workshops\eShop\_bmad\wds\workflows\wds-0-alignment-signoff\steps-c\step-02h-explore-value-we-create.md", "Markdown", 0, 0, 0, 0, 83, 0, 0, 0, 0, 0, 0, 0, 0, 0, 0, 0, 0, 0, 37, 120
"d:\workshops\eShop\_bmad\wds\workflows\wds-0-alignment-signoff\steps-c\step-02i-explore-cost-of-inaction.md", "Markdown", 0, 0, 0, 0, 81, 0, 0, 0, 0, 0, 0, 0, 0, 0, 0, 0, 0, 0, 36, 117
"d:\workshops\eShop\_bmad\wds\workflows\wds-0-alignment-signoff\steps-c\step-02j-explore-our-commitment.md", "Markdown", 0, 0, 0, 0, 77, 0, 0, 0, 0, 0, 0, 0, 0, 0, 0, 0, 0, 0, 36, 113
"d:\workshops\eShop\_bmad\wds\workflows\wds-0-alignment-signoff\steps-c\step-02k-explore-summary.md", "Markdown", 0, 0, 0, 0, 72, 0, 0, 0, 0, 0, 0, 0, 0, 0, 0, 0, 0, 0, 34, 106
"d:\workshops\eShop\_bmad\wds\workflows\wds-0-alignment-signoff\steps-c\step-03a-reflect-back.md", "Markdown", 0, 0, 0, 0, 79, 0, 0, 0, 0, 0, 0, 0, 0, 0, 0, 0, 0, 0, 36, 115
"d:\workshops\eShop\_bmad\wds\workflows\wds-0-alignment-signoff\steps-c\step-03b-synthesize-document.md", "Markdown", 0, 0, 0, 0, 83, 0, 0, 0, 0, 0, 0, 0, 0, 0, 0, 0, 0, 0, 39, 122
"d:\workshops\eShop\_bmad\wds\workflows\wds-0-alignment-signoff\steps-c\step-03d-present-approval.md", "Markdown", 0, 0, 0, 0, 88, 0, 0, 0, 0, 0, 0, 0, 0, 0, 0, 0, 0, 0, 39, 127
"d:\workshops\eShop\_bmad\wds\workflows\wds-0-alignment-signoff\steps-c\step-04a-offer-signoff.md", "Markdown", 0, 0, 0, 0, 82, 0, 0, 0, 0, 0, 0, 0, 0, 0, 0, 0, 0, 0, 40, 122
"d:\workshops\eShop\_bmad\wds\workflows\wds-0-alignment-signoff\steps-c\step-04b-determine-business-model.md", "Markdown", 0, 0, 0, 0, 85, 0, 0, 0, 0, 0, 0, 0, 0, 0, 0, 0, 0, 0, 40, 125
"d:\workshops\eShop\_bmad\wds\workflows\wds-0-alignment-signoff\steps-c\step-05a-contract-overview.md", "Markdown", 0, 0, 0, 0, 71, 0, 0, 0, 0, 0, 0, 0, 0, 0, 0, 0, 0, 0, 35, 106
"d:\workshops\eShop\_bmad\wds\workflows\wds-0-alignment-signoff\steps-c\step-05b-contract-business-model.md", "Markdown", 0, 0, 0, 0, 85, 0, 0, 0, 0, 0, 0, 0, 0, 0, 0, 0, 0, 0, 39, 124
"d:\workshops\eShop\_bmad\wds\workflows\wds-0-alignment-signoff\steps-c\step-05c-contract-scope.md", "Markdown", 0, 0, 0, 0, 87, 0, 0, 0, 0, 0, 0, 0, 0, 0, 0, 0, 0, 0, 37, 124
"d:\workshops\eShop\_bmad\wds\workflows\wds-0-alignment-signoff\steps-c\step-05d-contract-payment.md", "Markdown", 0, 0, 0, 0, 98, 0, 0, 0, 0, 0, 0, 0, 0, 0, 0, 0, 0, 0, 41, 139
"d:\workshops\eShop\_bmad\wds\workflows\wds-0-alignment-signoff\steps-c\step-05e-contract-timeline.md", "Markdown", 0, 0, 0, 0, 75, 0, 0, 0, 0, 0, 0, 0, 0, 0, 0, 0, 0, 0, 37, 112
"d:\workshops\eShop\_bmad\wds\workflows\wds-0-alignment-signoff\steps-c\step-05f-contract-availability.md", "Markdown", 0, 0, 0, 0, 78, 0, 0, 0, 0, 0, 0, 0, 0, 0, 0, 0, 0, 0, 37, 115
"d:\workshops\eShop\_bmad\wds\workflows\wds-0-alignment-signoff\steps-c\step-05g-contract-confidentiality.md", "Markdown", 0, 0, 0, 0, 82, 0, 0, 0, 0, 0, 0, 0, 0, 0, 0, 0, 0, 0, 38, 120
"d:\workshops\eShop\_bmad\wds\workflows\wds-0-alignment-signoff\steps-c\step-05h-contract-not-to-exceed.md", "Markdown", 0, 0, 0, 0, 89, 0, 0, 0, 0, 0, 0, 0, 0, 0, 0, 0, 0, 0, 38, 127
"d:\workshops\eShop\_bmad\wds\workflows\wds-0-alignment-signoff\steps-c\step-05i-contract-work-initiation.md", "Markdown", 0, 0, 0, 0, 81, 0, 0, 0, 0, 0, 0, 0, 0, 0, 0, 0, 0, 0, 37, 118
"d:\workshops\eShop\_bmad\wds\workflows\wds-0-alignment-signoff\steps-c\step-05j-contract-terms.md", "Markdown", 0, 0, 0, 0, 79, 0, 0, 0, 0, 0, 0, 0, 0, 0, 0, 0, 0, 0, 36, 115
"d:\workshops\eShop\_bmad\wds\workflows\wds-0-alignment-signoff\steps-c\step-05k-contract-approval.md", "Markdown", 0, 0, 0, 0, 77, 0, 0, 0, 0, 0, 0, 0, 0, 0, 0, 0, 0, 0, 36, 113
"d:\workshops\eShop\_bmad\wds\workflows\wds-0-alignment-signoff\steps-c\step-05l-finalize-contract.md", "Markdown", 0, 0, 0, 0, 83, 0, 0, 0, 0, 0, 0, 0, 0, 0, 0, 0, 0, 0, 39, 122
"d:\workshops\eShop\_bmad\wds\workflows\wds-0-alignment-signoff\steps-c\step-06a-build-internal-signoff.md", "Markdown", 0, 0, 0, 0, 106, 0, 0, 0, 0, 0, 0, 0, 0, 0, 0, 0, 0, 0, 40, 146
"d:\workshops\eShop\_bmad\wds\workflows\wds-0-alignment-signoff\steps-c\step-06b-finalize-signoff.md", "Markdown", 0, 0, 0, 0, 81, 0, 0, 0, 0, 0, 0, 0, 0, 0, 0, 0, 0, 0, 38, 119
"d:\workshops\eShop\_bmad\wds\workflows\wds-0-alignment-signoff\workflow.md", "Markdown", 0, 0, 0, 0, 106, 0, 0, 0, 0, 0, 0, 0, 0, 0, 0, 0, 0, 0, 41, 147
"d:\workshops\eShop\_bmad\wds\workflows\wds-0-project-setup\SKILL.md", "Skill", 0, 0, 0, 0, 0, 0, 0, 0, 5, 0, 0, 0, 0, 0, 0, 0, 0, 0, 2, 7
"d:\workshops\eShop\_bmad\wds\workflows\wds-0-project-setup\bmad-skill-manifest.yaml", "YAML", 0, 1, 0, 0, 0, 0, 0, 0, 0, 0, 0, 0, 0, 0, 0, 0, 0, 0, 1, 2
"d:\workshops\eShop\_bmad\wds\workflows\wds-0-project-setup\resources\agent-guides\freya\design-system.md", "Markdown", 0, 0, 0, 0, 242, 0, 0, 0, 0, 0, 0, 0, 0, 0, 0, 0, 0, 0, 92, 334
"d:\workshops\eShop\_bmad\wds\workflows\wds-0-project-setup\resources\agent-guides\freya\specification-quality.md", "Markdown", 0, 0, 0, 0, 191, 0, 0, 0, 0, 0, 0, 0, 0, 0, 0, 0, 0, 0, 72, 263
"d:\workshops\eShop\_bmad\wds\workflows\wds-0-project-setup\resources\wds-1-project-brief\templates\00-project-info.template.md", "Markdown", 0, 0, 0, 0, 56, 0, 0, 0, 0, 0, 0, 0, 0, 0, 0, 0, 0, 0, 28, 84
"d:\workshops\eShop\_bmad\wds\workflows\wds-0-project-setup\resources\wds-1-project-brief\templates\content-language.template.md", "Markdown", 0, 0, 0, 0, 166, 0, 0, 0, 0, 0, 0, 0, 0, 0, 0, 0, 0, 0, 80, 246
"d:\workshops\eShop\_bmad\wds\workflows\wds-0-project-setup\resources\wds-1-project-brief\templates\contract.template.md", "Markdown", 0, 0, 0, 0, 173, 0, 0, 0, 0, 0, 0, 0, 0, 0, 0, 0, 0, 0, 125, 298
"d:\workshops\eShop\_bmad\wds\workflows\wds-0-project-setup\resources\wds-1-project-brief\templates\inspiration-analysis.template.md", "Markdown", 0, 0, 0, 0, 75, 0, 0, 0, 0, 0, 0, 0, 0, 0, 0, 0, 0, 0, 30, 105
"d:\workshops\eShop\_bmad\wds\workflows\wds-0-project-setup\resources\wds-1-project-brief\templates\pitch.template.md", "Markdown", 0, 0, 0, 0, 51, 0, 0, 0, 0, 0, 0, 0, 0, 0, 0, 0, 0, 0, 43, 94
"d:\workshops\eShop\_bmad\wds\workflows\wds-0-project-setup\resources\wds-1-project-brief\templates\platform-requirements.template.md", "Markdown", 0, 0, 0, 0, 148, 0, 0, 0, 0, 0, 0, 0, 0, 0, 0, 0, 0, 0, 71, 219
"d:\workshops\eShop\_bmad\wds\workflows\wds-0-project-setup\resources\wds-1-project-brief\templates\platform-requirements.template.yaml", "YAML", 0, 56, 0, 0, 0, 0, 0, 0, 0, 0, 0, 0, 0, 0, 0, 0, 0, 2, 12, 70
"d:\workshops\eShop\_bmad\wds\workflows\wds-0-project-setup\resources\wds-1-project-brief\templates\project-brief-dialog\00-context.md", "Markdown", 0, 0, 0, 0, 46, 0, 0, 0, 0, 0, 0, 0, 0, 0, 0, 0, 0, 0, 25, 71
"d:\workshops\eShop\_bmad\wds\workflows\wds-0-project-setup\resources\wds-1-project-brief\templates\project-brief-dialog\02-vision.md", "Markdown", 0, 0, 0, 0, 54, 0, 0, 0, 0, 0, 0, 0, 0, 0, 0, 0, 0, 0, 32, 86
"d:\workshops\eShop\_bmad\wds\workflows\wds-0-project-setup\resources\wds-1-project-brief\templates\project-brief-dialog\03-users.md", "Markdown", 0, 0, 0, 0, 50, 0, 0, 0, 0, 0, 0, 0, 0, 0, 0, 0, 0, 0, 33, 83
"d:\workshops\eShop\_bmad\wds\workflows\wds-0-project-setup\resources\wds-1-project-brief\templates\project-brief-dialog\04-concept.md", "Markdown", 0, 0, 0, 0, 50, 0, 0, 0, 0, 0, 0, 0, 0, 0, 0, 0, 0, 0, 33, 83
"d:\workshops\eShop\_bmad\wds\workflows\wds-0-project-setup\resources\wds-1-project-brief\templates\project-brief-dialog\06-inspiration.md", "Markdown", 0, 0, 0, 0, 49, 0, 0, 0, 0, 0, 0, 0, 0, 0, 0, 0, 0, 0, 24, 73
"d:\workshops\eShop\_bmad\wds\workflows\wds-0-project-setup\resources\wds-1-project-brief\templates\project-brief-dialog\07-positioning.md", "Markdown", 0, 0, 0, 0, 54, 0, 0, 0, 0, 0, 0, 0, 0, 0, 0, 0, 0, 0, 33, 87
"d:\workshops\eShop\_bmad\wds\workflows\wds-0-project-setup\resources\wds-1-project-brief\templates\project-brief-dialog\USAGE.md", "Markdown", 0, 0, 0, 0, 55, 0, 0, 0, 0, 0, 0, 0, 0, 0, 0, 0, 0, 0, 27, 82
"d:\workshops\eShop\_bmad\wds\workflows\wds-0-project-setup\resources\wds-1-project-brief\templates\project-brief-dialog\decisions.md", "Markdown", 0, 0, 0, 0, 55, 0, 0, 0, 0, 0, 0, 0, 0, 0, 0, 0, 0, 0, 31, 86
"d:\workshops\eShop\_bmad\wds\workflows\wds-0-project-setup\resources\wds-1-project-brief\templates\project-brief-dialog\progress-tracker.md", "Markdown", 0, 0, 0, 0, 51, 0, 0, 0, 0, 0, 0, 0, 0, 0, 0, 0, 0, 0, 26, 77
"d:\workshops\eShop\_bmad\wds\workflows\wds-0-project-setup\resources\wds-1-project-brief\templates\project-brief.template.md", "Markdown", 0, 0, 0, 0, 113, 0, 0, 0, 0, 0, 0, 0, 0, 0, 0, 0, 0, 0, 75, 188
"d:\workshops\eShop\_bmad\wds\workflows\wds-0-project-setup\resources\wds-1-project-brief\templates\service-agreement.template.md", "Markdown", 0, 0, 0, 0, 163, 0, 0, 0, 0, 0, 0, 0, 0, 0, 0, 0, 0, 0, 115, 278
"d:\workshops\eShop\_bmad\wds\workflows\wds-0-project-setup\resources\wds-1-project-brief\templates\signoff.template.md", "Markdown", 0, 0, 0, 0, 102, 0, 0, 0, 0, 0, 0, 0, 0, 0, 0, 0, 0, 0, 87, 189
"d:\workshops\eShop\_bmad\wds\workflows\wds-0-project-setup\resources\wds-1-project-brief\templates\simplified-brief.template.md", "Markdown", 0, 0, 0, 0, 24, 0, 0, 0, 0, 0, 0, 0, 0, 0, 0, 0, 0, 0, 21, 45
"d:\workshops\eShop\_bmad\wds\workflows\wds-0-project-setup\resources\wds-1-project-brief\templates\visual-direction.template.md", "Markdown", 0, 0, 0, 0, 130, 0, 0, 0, 0, 0, 0, 0, 0, 0, 0, 0, 0, 0, 80, 210
"d:\workshops\eShop\_bmad\wds\workflows\wds-0-project-setup\resources\wds-2-trigger-mapping\templates\feature-impact.template.md", "Markdown", 0, 0, 0, 0, 30, 0, 0, 0, 0, 0, 0, 0, 0, 0, 0, 0, 0, 0, 18, 48
"d:\workshops\eShop\_bmad\wds\workflows\wds-0-project-setup\resources\wds-2-trigger-mapping\templates\persona-document.template.md", "Markdown", 0, 0, 0, 0, 344, 0, 0, 0, 0, 0, 0, 0, 0, 0, 0, 0, 0, 0, 142, 486
"d:\workshops\eShop\_bmad\wds\workflows\wds-0-project-setup\resources\wds-2-trigger-mapping\templates\trigger-map.template.md", "Markdown", 0, 0, 0, 0, 112, 0, 0, 0, 0, 0, 0, 0, 0, 0, 0, 0, 0, 0, 58, 170
"d:\workshops\eShop\_bmad\wds\workflows\wds-0-project-setup\resources\wds-4-ux-design\templates\page-specification.template.md", "Markdown", 0, 0, 0, 0, 163, 0, 0, 0, 0, 0, 0, 0, 0, 0, 0, 0, 0, 69, 83, 315
"d:\workshops\eShop\_bmad\wds\workflows\wds-0-project-setup\resources\wds-4-ux-design\templates\scenario-overview.template.md", "Markdown", 0, 0, 0, 0, 99, 0, 0, 0, 0, 0, 0, 0, 0, 0, 0, 0, 0, 0, 61, 160
"d:\workshops\eShop\_bmad\wds\workflows\wds-0-project-setup\resources\wds-7-design-system\templates\catalog.template.html", "HTML", 0, 0, 0, 0, 0, 303, 0, 0, 0, 0, 0, 0, 0, 0, 0, 0, 0, 11, 50, 364
"d:\workshops\eShop\_bmad\wds\workflows\wds-0-project-setup\resources\wds-7-design-system\templates\component-library-config.template.md", "Markdown", 0, 0, 0, 0, 45, 0, 0, 0, 0, 0, 0, 0, 0, 0, 0, 0, 0, 0, 21, 66
"d:\workshops\eShop\_bmad\wds\workflows\wds-0-project-setup\resources\wds-7-design-system\templates\component.template.md", "Markdown", 0, 0, 0, 0, 75, 0, 0, 0, 0, 0, 0, 0, 0, 0, 0, 0, 0, 0, 60, 135
"d:\workshops\eShop\_bmad\wds\workflows\wds-0-project-setup\resources\wds-7-design-system\templates\design-tokens.template.md", "Markdown", 0, 0, 0, 0, 126, 0, 0, 0, 0, 0, 0, 0, 0, 0, 0, 0, 0, 0, 43, 169
"d:\workshops\eShop\_bmad\wds\workflows\wds-0-project-setup\steps\step-01-welcome.md", "Markdown", 0, 0, 0, 0, 122, 0, 0, 0, 0, 0, 0, 0, 0, 0, 0, 0, 0, 0, 62, 184
"d:\workshops\eShop\_bmad\wds\workflows\wds-0-project-setup\steps\step-02-structure.md", "Markdown", 0, 0, 0, 0, 148, 0, 0, 0, 0, 0, 0, 0, 0, 0, 0, 0, 0, 0, 78, 226
"d:\workshops\eShop\_bmad\wds\workflows\wds-0-project-setup\templates\folder-guides\00-design-log.template.md", "Markdown", 0, 0, 0, 0, 37, 0, 0, 0, 0, 0, 0, 0, 0, 0, 0, 0, 0, 0, 23, 60
"d:\workshops\eShop\_bmad\wds\workflows\wds-0-project-setup\templates\folder-guides\00-design-system.template.md", "Markdown", 0, 0, 0, 0, 128, 0, 0, 0, 0, 0, 0, 0, 0, 0, 0, 0, 0, 59, 65, 252
"d:\workshops\eShop\_bmad\wds\workflows\wds-0-project-setup\templates\folder-guides\00-product-brief.template.md", "Markdown", 0, 0, 0, 0, 38, 0, 0, 0, 0, 0, 0, 0, 0, 0, 0, 0, 0, 0, 22, 60
"d:\workshops\eShop\_bmad\wds\workflows\wds-0-project-setup\templates\folder-guides\00-trigger-map.template.md", "Markdown", 0, 0, 0, 0, 42, 0, 0, 0, 0, 0, 0, 0, 0, 0, 0, 0, 0, 0, 25, 67
"d:\workshops\eShop\_bmad\wds\workflows\wds-0-project-setup\templates\folder-guides\00-ux-scenarios.template.md", "Markdown", 0, 0, 0, 0, 62, 0, 0, 0, 0, 0, 0, 0, 0, 0, 0, 0, 0, 0, 24, 86
"d:\workshops\eShop\_bmad\wds\workflows\wds-0-project-setup\workflow.md", "Markdown", 0, 0, 0, 0, 73, 0, 0, 0, 0, 0, 0, 0, 0, 0, 0, 0, 0, 0, 32, 105
"d:\workshops\eShop\_bmad\wds\workflows\wds-1-project-brief\SKILL.md", "Skill", 0, 0, 0, 0, 0, 0, 0, 0, 5, 0, 0, 0, 0, 0, 0, 0, 0, 0, 2, 7
"d:\workshops\eShop\_bmad\wds\workflows\wds-1-project-brief\bmad-skill-manifest.yaml", "YAML", 0, 1, 0, 0, 0, 0, 0, 0, 0, 0, 0, 0, 0, 0, 0, 0, 0, 0, 1, 2
"d:\workshops\eShop\_bmad\wds\workflows\wds-1-project-brief\data\positioning-explore.md", "Markdown", 0, 0, 0, 0, 72, 0, 0, 0, 0, 0, 0, 0, 0, 0, 0, 0, 0, 0, 41, 113
"d:\workshops\eShop\_bmad\wds\workflows\wds-1-project-brief\data\positioning-open-conversation.md", "Markdown", 0, 0, 0, 0, 49, 0, 0, 0, 0, 0, 0, 0, 0, 0, 0, 0, 0, 0, 24, 73
"d:\workshops\eShop\_bmad\wds\workflows\wds-1-project-brief\data\positioning-reflect-confirm.md", "Markdown", 0, 0, 0, 0, 68, 0, 0, 0, 0, 0, 0, 0, 0, 0, 0, 0, 0, 0, 31, 99
"d:\workshops\eShop\_bmad\wds\workflows\wds-1-project-brief\data\positioning-synthesize.md", "Markdown", 0, 0, 0, 0, 88, 0, 0, 0, 0, 0, 0, 0, 0, 0, 0, 0, 0, 0, 45, 133
"d:\workshops\eShop\_bmad\wds\workflows\wds-1-project-brief\data\tone-of-voice-example.md", "Markdown", 0, 0, 0, 0, 36, 0, 0, 0, 0, 0, 0, 0, 0, 0, 0, 0, 0, 0, 17, 53
"d:\workshops\eShop\_bmad\wds\workflows\wds-1-project-brief\data\tone-of-voice-output-template.md", "Markdown", 0, 0, 0, 0, 53, 0, 0, 0, 0, 0, 0, 0, 0, 0, 0, 0, 0, 0, 24, 77
"d:\workshops\eShop\_bmad\wds\workflows\wds-1-project-brief\data\vision-explore.md", "Markdown", 0, 0, 0, 0, 46, 0, 0, 0, 0, 0, 0, 0, 0, 0, 0, 0, 0, 0, 30, 76
"d:\workshops\eShop\_bmad\wds\workflows\wds-1-project-brief\data\vision-open-conversation.md", "Markdown", 0, 0, 0, 0, 47, 0, 0, 0, 0, 0, 0, 0, 0, 0, 0, 0, 0, 0, 28, 75
"d:\workshops\eShop\_bmad\wds\workflows\wds-1-project-brief\data\vision-reflect-confirm.md", "Markdown", 0, 0, 0, 0, 43, 0, 0, 0, 0, 0, 0, 0, 0, 0, 0, 0, 0, 0, 30, 73
"d:\workshops\eShop\_bmad\wds\workflows\wds-1-project-brief\data\vision-synthesize.md", "Markdown", 0, 0, 0, 0, 54, 0, 0, 0, 0, 0, 0, 0, 0, 0, 0, 0, 0, 0, 28, 82
"d:\workshops\eShop\_bmad\wds\workflows\wds-1-project-brief\steps-c\step-00-simplified-brief.md", "Markdown", 0, 0, 0, 0, 107, 0, 0, 0, 0, 0, 0, 0, 0, 0, 0, 0, 0, 0, 37, 144
"d:\workshops\eShop\_bmad\wds\workflows\wds-1-project-brief\steps-c\step-01-init.md", "Markdown", 0, 0, 0, 0, 79, 0, 0, 0, 0, 0, 0, 0, 0, 0, 0, 0, 0, 0, 25, 104
"d:\workshops\eShop\_bmad\wds\workflows\wds-1-project-brief\steps-c\step-02-vision.md", "Markdown", 0, 0, 0, 0, 77, 0, 0, 0, 0, 0, 0, 0, 0, 0, 0, 0, 0, 0, 25, 102
"d:\workshops\eShop\_bmad\wds\workflows\wds-1-project-brief\steps-c\step-03-positioning.md", "Markdown", 0, 0, 0, 0, 81, 0, 0, 0, 0, 0, 0, 0, 0, 0, 0, 0, 0, 0, 27, 108
"d:\workshops\eShop\_bmad\wds\workflows\wds-1-project-brief\steps-c\step-05-business-model.md", "Markdown", 0, 0, 0, 0, 80, 0, 0, 0, 0, 0, 0, 0, 0, 0, 0, 0, 0, 0, 27, 107
"d:\workshops\eShop\_bmad\wds\workflows\wds-1-project-brief\steps-c\step-06-business-customers.md", "Markdown", 0, 0, 0, 0, 73, 0, 0, 0, 0, 0, 0, 0, 0, 0, 0, 0, 0, 0, 25, 98
"d:\workshops\eShop\_bmad\wds\workflows\wds-1-project-brief\steps-c\step-07-target-users.md", "Markdown", 0, 0, 0, 0, 74, 0, 0, 0, 0, 0, 0, 0, 0, 0, 0, 0, 0, 0, 25, 99
"d:\workshops\eShop\_bmad\wds\workflows\wds-1-project-brief\steps-c\step-07a-product-concept.md", "Markdown", 0, 0, 0, 0, 84, 0, 0, 0, 0, 0, 0, 0, 0, 0, 0, 0, 0, 0, 30, 114
"d:\workshops\eShop\_bmad\wds\workflows\wds-1-project-brief\steps-c\step-08-success-criteria.md", "Markdown", 0, 0, 0, 0, 72, 0, 0, 0, 0, 0, 0, 0, 0, 0, 0, 0, 0, 0, 26, 98
"d:\workshops\eShop\_bmad\wds\workflows\wds-1-project-brief\steps-c\step-09-competitive-landscape.md", "Markdown", 0, 0, 0, 0, 75, 0, 0, 0, 0, 0, 0, 0, 0, 0, 0, 0, 0, 0, 27, 102
"d:\workshops\eShop\_bmad\wds\workflows\wds-1-project-brief\steps-c\step-10-constraints.md", "Markdown", 0, 0, 0, 0, 67, 0, 0, 0, 0, 0, 0, 0, 0, 0, 0, 0, 0, 0, 24, 91
"d:\workshops\eShop\_bmad\wds\workflows\wds-1-project-brief\steps-c\step-10a-platform-strategy.md", "Markdown", 0, 0, 0, 0, 90, 0, 0, 0, 0, 0, 0, 0, 0, 0, 0, 0, 0, 0, 31, 121
"d:\workshops\eShop\_bmad\wds\workflows\wds-1-project-brief\steps-c\step-11-tone-of-voice.md", "Markdown", 0, 0, 0, 0, 127, 0, 0, 0, 0, 0, 0, 0, 0, 0, 0, 0, 0, 0, 40, 167
"d:\workshops\eShop\_bmad\wds\workflows\wds-1-project-brief\steps-c\step-12-create-product-brief.md", "Markdown", 0, 0, 0, 0, 171, 0, 0, 0, 0, 0, 0, 0, 0, 0, 0, 0, 0, 0, 65, 236
"d:\workshops\eShop\_bmad\wds\workflows\wds-1-project-brief\steps-c\step-13-content-init.md", "Markdown", 0, 0, 0, 0, 86, 0, 0, 0, 0, 0, 0, 0, 0, 0, 0, 0, 0, 0, 26, 112
"d:\workshops\eShop\_bmad\wds\workflows\wds-1-project-brief\steps-c\step-14-personality.md", "Markdown", 0, 0, 0, 0, 101, 0, 0, 0, 0, 0, 0, 0, 0, 0, 0, 0, 0, 0, 31, 132
"d:\workshops\eShop\_bmad\wds\workflows\wds-1-project-brief\steps-c\step-15-tone.md", "Markdown", 0, 0, 0, 0, 99, 0, 0, 0, 0, 0, 0, 0, 0, 0, 0, 0, 0, 0, 34, 133
"d:\workshops\eShop\_bmad\wds\workflows\wds-1-project-brief\steps-c\step-16-languages.md", "Markdown", 0, 0, 0, 0, 104, 0, 0, 0, 0, 0, 0, 0, 0, 0, 0, 0, 0, 0, 34, 138
"d:\workshops\eShop\_bmad\wds\workflows\wds-1-project-brief\steps-c\step-17-seo-keywords.md", "Markdown", 0, 0, 0, 0, 138, 0, 0, 0, 0, 0, 0, 0, 0, 0, 0, 0, 0, 0, 45, 183
"d:\workshops\eShop\_bmad\wds\workflows\wds-1-project-brief\steps-c\step-17a-content-structure.md", "Markdown", 0, 0, 0, 0, 76, 0, 0, 0, 0, 0, 0, 0, 0, 0, 0, 0, 0, 0, 33, 109
"d:\workshops\eShop\_bmad\wds\workflows\wds-1-project-brief\steps-c\step-18-create-content-document.md", "Markdown", 0, 0, 0, 0, 125, 0, 0, 0, 0, 0, 0, 0, 0, 0, 0, 0, 0, 0, 39, 164
"d:\workshops\eShop\_bmad\wds\workflows\wds-1-project-brief\steps-c\step-19-inspiration-workshop.md", "Markdown", 0, 0, 0, 0, 85, 0, 0, 0, 0, 0, 0, 0, 0, 0, 0, 0, 0, 0, 31, 116
"d:\workshops\eShop\_bmad\wds\workflows\wds-1-project-brief\steps-c\step-20-visual-init.md", "Markdown", 0, 0, 0, 0, 95, 0, 0, 0, 0, 0, 0, 0, 0, 0, 0, 0, 0, 0, 26, 121
"d:\workshops\eShop\_bmad\wds\workflows\wds-1-project-brief\steps-c\step-21-existing-brand.md", "Markdown", 0, 0, 0, 0, 112, 0, 0, 0, 0, 0, 0, 0, 0, 0, 0, 0, 0, 0, 37, 149
"d:\workshops\eShop\_bmad\wds\workflows\wds-1-project-brief\steps-c\step-22-references.md", "Markdown", 0, 0, 0, 0, 101, 0, 0, 0, 0, 0, 0, 0, 0, 0, 0, 0, 0, 0, 37, 138
"d:\workshops\eShop\_bmad\wds\workflows\wds-1-project-brief\steps-c\step-23-design-style.md", "Markdown", 0, 0, 0, 0, 110, 0, 0, 0, 0, 0, 0, 0, 0, 0, 0, 0, 0, 0, 35, 145
"d:\workshops\eShop\_bmad\wds\workflows\wds-1-project-brief\steps-c\step-24-layout-effects.md", "Markdown", 0, 0, 0, 0, 113, 0, 0, 0, 0, 0, 0, 0, 0, 0, 0, 0, 0, 0, 37, 150
"d:\workshops\eShop\_bmad\wds\workflows\wds-1-project-brief\steps-c\step-25-imagery.md", "Markdown", 0, 0, 0, 0, 120, 0, 0, 0, 0, 0, 0, 0, 0, 0, 0, 0, 0, 0, 39, 159
"d:\workshops\eShop\_bmad\wds\workflows\wds-1-project-brief\steps-c\step-26-create-visual-document.md", "Markdown", 0, 0, 0, 0, 108, 0, 0, 0, 0, 0, 0, 0, 0, 0, 0, 0, 0, 0, 39, 147
"d:\workshops\eShop\_bmad\wds\workflows\wds-1-project-brief\steps-c\step-27-platform-init.md", "Markdown", 0, 0, 0, 0, 86, 0, 0, 0, 0, 0, 0, 0, 0, 0, 0, 0, 0, 0, 26, 112
"d:\workshops\eShop\_bmad\wds\workflows\wds-1-project-brief\steps-c\step-28-tech-stack.md", "Markdown", 0, 0, 0, 0, 97, 0, 0, 0, 0, 0, 0, 0, 0, 0, 0, 0, 0, 0, 29, 126
"d:\workshops\eShop\_bmad\wds\workflows\wds-1-project-brief\steps-c\step-29-integrations.md", "Markdown", 0, 0, 0, 0, 102, 0, 0, 0, 0, 0, 0, 0, 0, 0, 0, 0, 0, 0, 30, 132
"d:\workshops\eShop\_bmad\wds\workflows\wds-1-project-brief\steps-c\step-30-contact-strategy.md", "Markdown", 0, 0, 0, 0, 105, 0, 0, 0, 0, 0, 0, 0, 0, 0, 0, 0, 0, 0, 31, 136
"d:\workshops\eShop\_bmad\wds\workflows\wds-1-project-brief\steps-c\step-31-multilingual.md", "Markdown", 0, 0, 0, 0, 124, 0, 0, 0, 0, 0, 0, 0, 0, 0, 0, 0, 0, 0, 34, 158
"d:\workshops\eShop\_bmad\wds\workflows\wds-1-project-brief\steps-c\step-32-create-platform-document.md", "Markdown", 0, 0, 0, 0, 103, 0, 0, 0, 0, 0, 0, 0, 0, 0, 0, 0, 0, 0, 34, 137
"d:\workshops\eShop\_bmad\wds\workflows\wds-1-project-brief\steps-c\step-33-analyze-brief.md", "Markdown", 0, 0, 0, 0, 73, 0, 0, 0, 0, 0, 0, 0, 0, 0, 0, 0, 0, 0, 24, 97
"d:\workshops\eShop\_bmad\wds\workflows\wds-1-project-brief\steps-c\step-34-create-summary.md", "Markdown", 0, 0, 0, 0, 78, 0, 0, 0, 0, 0, 0, 0, 0, 0, 0, 0, 0, 0, 33, 111
"d:\workshops\eShop\_bmad\wds\workflows\wds-1-project-brief\steps-c\step-35-update-design-log.md", "Markdown", 0, 0, 0, 0, 97, 0, 0, 0, 0, 0, 0, 0, 0, 0, 0, 0, 0, 0, 37, 134
"d:\workshops\eShop\_bmad\wds\workflows\wds-1-project-brief\steps-c\step-36-provide-activation.md", "Markdown", 0, 0, 0, 0, 80, 0, 0, 0, 0, 0, 0, 0, 0, 0, 0, 0, 0, 0, 31, 111
"d:\workshops\eShop\_bmad\wds\workflows\wds-1-project-brief\steps-v\step-01-brief-completeness.md", "Markdown", 0, 0, 0, 0, 91, 0, 0, 0, 0, 0, 0, 0, 0, 0, 0, 0, 0, 0, 32, 123
"d:\workshops\eShop\_bmad\wds\workflows\wds-1-project-brief\steps-v\step-02-trigger-map-consistency.md", "Markdown", 0, 0, 0, 0, 92, 0, 0, 0, 0, 0, 0, 0, 0, 0, 0, 0, 0, 0, 32, 124
"d:\workshops\eShop\_bmad\wds\workflows\wds-1-project-brief\steps-v\step-03-seo-strategy.md", "Markdown", 0, 0, 0, 0, 86, 0, 0, 0, 0, 0, 0, 0, 0, 0, 0, 0, 0, 0, 32, 118
"d:\workshops\eShop\_bmad\wds\workflows\wds-1-project-brief\steps-v\step-04-content-language.md", "Markdown", 0, 0, 0, 0, 91, 0, 0, 0, 0, 0, 0, 0, 0, 0, 0, 0, 0, 0, 34, 125
"d:\workshops\eShop\_bmad\wds\workflows\wds-1-project-brief\steps-v\step-05-visual-direction.md", "Markdown", 0, 0, 0, 0, 91, 0, 0, 0, 0, 0, 0, 0, 0, 0, 0, 0, 0, 0, 34, 125
"d:\workshops\eShop\_bmad\wds\workflows\wds-1-project-brief\steps-v\step-06-platform-requirements.md", "Markdown", 0, 0, 0, 0, 112, 0, 0, 0, 0, 0, 0, 0, 0, 0, 0, 0, 0, 0, 43, 155
"d:\workshops\eShop\_bmad\wds\workflows\wds-1-project-brief\templates\00-project-info.template.md", "Markdown", 0, 0, 0, 0, 56, 0, 0, 0, 0, 0, 0, 0, 0, 0, 0, 0, 0, 0, 28, 84
"d:\workshops\eShop\_bmad\wds\workflows\wds-1-project-brief\templates\content-language.template.md", "Markdown", 0, 0, 0, 0, 166, 0, 0, 0, 0, 0, 0, 0, 0, 0, 0, 0, 0, 0, 80, 246
"d:\workshops\eShop\_bmad\wds\workflows\wds-1-project-brief\templates\contract.template.md", "Markdown", 0, 0, 0, 0, 173, 0, 0, 0, 0, 0, 0, 0, 0, 0, 0, 0, 0, 0, 125, 298
"d:\workshops\eShop\_bmad\wds\workflows\wds-1-project-brief\templates\inspiration-analysis.template.md", "Markdown", 0, 0, 0, 0, 75, 0, 0, 0, 0, 0, 0, 0, 0, 0, 0, 0, 0, 0, 30, 105
"d:\workshops\eShop\_bmad\wds\workflows\wds-1-project-brief\templates\pitch.template.md", "Markdown", 0, 0, 0, 0, 51, 0, 0, 0, 0, 0, 0, 0, 0, 0, 0, 0, 0, 0, 43, 94
"d:\workshops\eShop\_bmad\wds\workflows\wds-1-project-brief\templates\platform-requirements.template.md", "Markdown", 0, 0, 0, 0, 148, 0, 0, 0, 0, 0, 0, 0, 0, 0, 0, 0, 0, 0, 71, 219
"d:\workshops\eShop\_bmad\wds\workflows\wds-1-project-brief\templates\platform-requirements.template.yaml", "YAML", 0, 56, 0, 0, 0, 0, 0, 0, 0, 0, 0, 0, 0, 0, 0, 0, 0, 2, 12, 70
"d:\workshops\eShop\_bmad\wds\workflows\wds-1-project-brief\templates\project-brief-dialog\00-context.md", "Markdown", 0, 0, 0, 0, 46, 0, 0, 0, 0, 0, 0, 0, 0, 0, 0, 0, 0, 0, 25, 71
"d:\workshops\eShop\_bmad\wds\workflows\wds-1-project-brief\templates\project-brief-dialog\02-vision.md", "Markdown", 0, 0, 0, 0, 54, 0, 0, 0, 0, 0, 0, 0, 0, 0, 0, 0, 0, 0, 32, 86
"d:\workshops\eShop\_bmad\wds\workflows\wds-1-project-brief\templates\project-brief-dialog\03-users.md", "Markdown", 0, 0, 0, 0, 50, 0, 0, 0, 0, 0, 0, 0, 0, 0, 0, 0, 0, 0, 33, 83
"d:\workshops\eShop\_bmad\wds\workflows\wds-1-project-brief\templates\project-brief-dialog\04-concept.md", "Markdown", 0, 0, 0, 0, 50, 0, 0, 0, 0, 0, 0, 0, 0, 0, 0, 0, 0, 0, 33, 83
"d:\workshops\eShop\_bmad\wds\workflows\wds-1-project-brief\templates\project-brief-dialog\06-inspiration.md", "Markdown", 0, 0, 0, 0, 49, 0, 0, 0, 0, 0, 0, 0, 0, 0, 0, 0, 0, 0, 24, 73
"d:\workshops\eShop\_bmad\wds\workflows\wds-1-project-brief\templates\project-brief-dialog\07-positioning.md", "Markdown", 0, 0, 0, 0, 54, 0, 0, 0, 0, 0, 0, 0, 0, 0, 0, 0, 0, 0, 33, 87
"d:\workshops\eShop\_bmad\wds\workflows\wds-1-project-brief\templates\project-brief-dialog\USAGE.md", "Markdown", 0, 0, 0, 0, 55, 0, 0, 0, 0, 0, 0, 0, 0, 0, 0, 0, 0, 0, 27, 82
"d:\workshops\eShop\_bmad\wds\workflows\wds-1-project-brief\templates\project-brief-dialog\decisions.md", "Markdown", 0, 0, 0, 0, 55, 0, 0, 0, 0, 0, 0, 0, 0, 0, 0, 0, 0, 0, 31, 86
"d:\workshops\eShop\_bmad\wds\workflows\wds-1-project-brief\templates\project-brief-dialog\progress-tracker.md", "Markdown", 0, 0, 0, 0, 51, 0, 0, 0, 0, 0, 0, 0, 0, 0, 0, 0, 0, 0, 26, 77
"d:\workshops\eShop\_bmad\wds\workflows\wds-1-project-brief\templates\project-brief.template.md", "Markdown", 0, 0, 0, 0, 113, 0, 0, 0, 0, 0, 0, 0, 0, 0, 0, 0, 0, 0, 75, 188
"d:\workshops\eShop\_bmad\wds\workflows\wds-1-project-brief\templates\service-agreement.template.md", "Markdown", 0, 0, 0, 0, 163, 0, 0, 0, 0, 0, 0, 0, 0, 0, 0, 0, 0, 0, 115, 278
"d:\workshops\eShop\_bmad\wds\workflows\wds-1-project-brief\templates\signoff.template.md", "Markdown", 0, 0, 0, 0, 102, 0, 0, 0, 0, 0, 0, 0, 0, 0, 0, 0, 0, 0, 87, 189
"d:\workshops\eShop\_bmad\wds\workflows\wds-1-project-brief\templates\simplified-brief.template.md", "Markdown", 0, 0, 0, 0, 24, 0, 0, 0, 0, 0, 0, 0, 0, 0, 0, 0, 0, 0, 21, 45
"d:\workshops\eShop\_bmad\wds\workflows\wds-1-project-brief\templates\visual-direction.template.md", "Markdown", 0, 0, 0, 0, 130, 0, 0, 0, 0, 0, 0, 0, 0, 0, 0, 0, 0, 0, 80, 210
"d:\workshops\eShop\_bmad\wds\workflows\wds-1-project-brief\workflow-validate.md", "Markdown", 0, 0, 0, 0, 33, 0, 0, 0, 0, 0, 0, 0, 0, 0, 0, 0, 0, 0, 19, 52
"d:\workshops\eShop\_bmad\wds\workflows\wds-1-project-brief\workflow.md", "Markdown", 0, 0, 0, 0, 88, 0, 0, 0, 0, 0, 0, 0, 0, 0, 0, 0, 0, 0, 34, 122
"d:\workshops\eShop\_bmad\wds\workflows\wds-2-trigger-mapping\SKILL.md", "Skill", 0, 0, 0, 0, 0, 0, 0, 0, 5, 0, 0, 0, 0, 0, 0, 0, 0, 0, 2, 7
"d:\workshops\eShop\_bmad\wds\workflows\wds-2-trigger-mapping\bmad-skill-manifest.yaml", "YAML", 0, 1, 0, 0, 0, 0, 0, 0, 0, 0, 0, 0, 0, 0, 0, 0, 0, 0, 1, 2
"d:\workshops\eShop\_bmad\wds\workflows\wds-2-trigger-mapping\data\business-goals-template.md", "Markdown", 0, 0, 0, 0, 105, 0, 0, 0, 0, 0, 0, 0, 0, 0, 0, 0, 0, 0, 46, 151
"d:\workshops\eShop\_bmad\wds\workflows\wds-2-trigger-mapping\data\key-insights-structure.md", "Markdown", 0, 0, 0, 0, 162, 0, 0, 0, 0, 0, 0, 0, 0, 0, 0, 0, 0, 0, 61, 223
"d:\workshops\eShop\_bmad\wds\workflows\wds-2-trigger-mapping\data\mermaid-formatting-guide.md", "Markdown", 0, 0, 0, 0, 207, 0, 0, 0, 0, 0, 0, 0, 0, 0, 0, 0, 0, 0, 56, 263
"d:\workshops\eShop\_bmad\wds\workflows\wds-2-trigger-mapping\data\quality-checklist.md", "Markdown", 0, 0, 0, 0, 154, 0, 0, 0, 0, 0, 0, 0, 0, 0, 0, 0, 0, 0, 59, 213
"d:\workshops\eShop\_bmad\wds\workflows\wds-2-trigger-mapping\steps-c\step-00a-documentation-synthesis.md", "Markdown", 0, 0, 0, 0, 102, 0, 0, 0, 0, 0, 0, 0, 0, 0, 0, 0, 0, 0, 46, 148
"d:\workshops\eShop\_bmad\wds\workflows\wds-2-trigger-mapping\steps-c\step-00b-business-goals-extract.md", "Markdown", 0, 0, 0, 0, 105, 0, 0, 0, 0, 0, 0, 0, 0, 0, 0, 0, 0, 0, 48, 153
"d:\workshops\eShop\_bmad\wds\workflows\wds-2-trigger-mapping\steps-c\step-00c-target-groups-extract.md", "Markdown", 0, 0, 0, 0, 103, 0, 0, 0, 0, 0, 0, 0, 0, 0, 0, 0, 0, 0, 47, 150
"d:\workshops\eShop\_bmad\wds\workflows\wds-2-trigger-mapping\steps-c\step-00d-driving-forces-extract.md", "Markdown", 0, 0, 0, 0, 96, 0, 0, 0, 0, 0, 0, 0, 0, 0, 0, 0, 0, 0, 48, 144
"d:\workshops\eShop\_bmad\wds\workflows\wds-2-trigger-mapping\steps-c\step-00e-prioritization-extract.md", "Markdown", 0, 0, 0, 0, 109, 0, 0, 0, 0, 0, 0, 0, 0, 0, 0, 0, 0, 0, 51, 160
"d:\workshops\eShop\_bmad\wds\workflows\wds-2-trigger-mapping\steps-c\step-00f-gap-analysis.md", "Markdown", 0, 0, 0, 0, 105, 0, 0, 0, 0, 0, 0, 0, 0, 0, 0, 0, 0, 0, 47, 152
"d:\workshops\eShop\_bmad\wds\workflows\wds-2-trigger-mapping\steps-c\step-01-overview.md", "Markdown", 0, 0, 0, 0, 133, 0, 0, 0, 0, 0, 0, 0, 0, 0, 0, 0, 0, 0, 53, 186
"d:\workshops\eShop\_bmad\wds\workflows\wds-2-trigger-mapping\steps-c\step-02-business-goals.md", "Markdown", 0, 0, 0, 0, 122, 0, 0, 0, 0, 0, 0, 0, 0, 0, 0, 0, 0, 0, 59, 181
"d:\workshops\eShop\_bmad\wds\workflows\wds-2-trigger-mapping\steps-c\step-03-target-groups.md", "Markdown", 0, 0, 0, 0, 123, 0, 0, 0, 0, 0, 0, 0, 0, 0, 0, 0, 0, 0, 58, 181
"d:\workshops\eShop\_bmad\wds\workflows\wds-2-trigger-mapping\steps-c\step-04-driving-forces.md", "Markdown", 0, 0, 0, 0, 131, 0, 0, 0, 0, 0, 0, 0, 0, 0, 0, 0, 0, 0, 61, 192
"d:\workshops\eShop\_bmad\wds\workflows\wds-2-trigger-mapping\steps-c\step-05-prioritization.md", "Markdown", 0, 0, 0, 0, 120, 0, 0, 0, 0, 0, 0, 0, 0, 0, 0, 0, 0, 0, 66, 186
"d:\workshops\eShop\_bmad\wds\workflows\wds-2-trigger-mapping\steps-c\step-06a-extract-features.md", "Markdown", 0, 0, 0, 0, 93, 0, 0, 0, 0, 0, 0, 0, 0, 0, 0, 0, 0, 0, 39, 132
"d:\workshops\eShop\_bmad\wds\workflows\wds-2-trigger-mapping\steps-c\step-06b-confirm-assessment.md", "Markdown", 0, 0, 0, 0, 80, 0, 0, 0, 0, 0, 0, 0, 0, 0, 0, 0, 0, 0, 39, 119
"d:\workshops\eShop\_bmad\wds\workflows\wds-2-trigger-mapping\steps-c\step-06c-make-assessment.md", "Markdown", 0, 0, 0, 0, 112, 0, 0, 0, 0, 0, 0, 0, 0, 0, 0, 0, 0, 0, 45, 157
"d:\workshops\eShop\_bmad\wds\workflows\wds-2-trigger-mapping\steps-c\step-06d-generate-document.md", "Markdown", 0, 0, 0, 0, 111, 0, 0, 0, 0, 0, 0, 0, 0, 0, 0, 0, 0, 0, 49, 160
"d:\workshops\eShop\_bmad\wds\workflows\wds-2-trigger-mapping\steps-c\step-06e-feature-wrap-up.md", "Markdown", 0, 0, 0, 0, 93, 0, 0, 0, 0, 0, 0, 0, 0, 0, 0, 0, 0, 0, 41, 134
"d:\workshops\eShop\_bmad\wds\workflows\wds-2-trigger-mapping\steps-c\step-07a-generate-hub.md", "Markdown", 0, 0, 0, 0, 126, 0, 0, 0, 0, 0, 0, 0, 0, 0, 0, 0, 0, 0, 57, 183
"d:\workshops\eShop\_bmad\wds\workflows\wds-2-trigger-mapping\steps-c\step-07b-generate-business-goals.md", "Markdown", 0, 0, 0, 0, 99, 0, 0, 0, 0, 0, 0, 0, 0, 0, 0, 0, 0, 0, 40, 139
"d:\workshops\eShop\_bmad\wds\workflows\wds-2-trigger-mapping\steps-c\step-07c-generate-primary-persona.md", "Markdown", 0, 0, 0, 0, 93, 0, 0, 0, 0, 0, 0, 0, 0, 0, 0, 0, 0, 0, 44, 137
"d:\workshops\eShop\_bmad\wds\workflows\wds-2-trigger-mapping\steps-c\step-07d-generate-secondary-persona.md", "Markdown", 0, 0, 0, 0, 95, 0, 0, 0, 0, 0, 0, 0, 0, 0, 0, 0, 0, 0, 45, 140
"d:\workshops\eShop\_bmad\wds\workflows\wds-2-trigger-mapping\steps-c\step-07e-generate-tertiary-persona.md", "Markdown", 0, 0, 0, 0, 92, 0, 0, 0, 0, 0, 0, 0, 0, 0, 0, 0, 0, 0, 43, 135
"d:\workshops\eShop\_bmad\wds\workflows\wds-2-trigger-mapping\steps-c\step-07f-generate-key-insights.md", "Markdown", 0, 0, 0, 0, 93, 0, 0, 0, 0, 0, 0, 0, 0, 0, 0, 0, 0, 0, 41, 134
"d:\workshops\eShop\_bmad\wds\workflows\wds-2-trigger-mapping\steps-c\step-07g-quality-check.md", "Markdown", 0, 0, 0, 0, 110, 0, 0, 0, 0, 0, 0, 0, 0, 0, 0, 0, 0, 0, 40, 150
"d:\workshops\eShop\_bmad\wds\workflows\wds-2-trigger-mapping\steps-c\step-08a-mermaid-init-structure.md", "Markdown", 0, 0, 0, 0, 95, 0, 0, 0, 0, 0, 0, 0, 0, 0, 0, 0, 0, 0, 44, 139
"d:\workshops\eShop\_bmad\wds\workflows\wds-2-trigger-mapping\steps-c\step-08b-mermaid-business-goals.md", "Markdown", 0, 0, 0, 0, 103, 0, 0, 0, 0, 0, 0, 0, 0, 0, 0, 0, 0, 0, 37, 140
"d:\workshops\eShop\_bmad\wds\workflows\wds-2-trigger-mapping\steps-c\step-08c-mermaid-platform.md", "Markdown", 0, 0, 0, 0, 100, 0, 0, 0, 0, 0, 0, 0, 0, 0, 0, 0, 0, 0, 36, 136
"d:\workshops\eShop\_bmad\wds\workflows\wds-2-trigger-mapping\steps-c\step-08d-mermaid-target-groups.md", "Markdown", 0, 0, 0, 0, 103, 0, 0, 0, 0, 0, 0, 0, 0, 0, 0, 0, 0, 0, 38, 141
"d:\workshops\eShop\_bmad\wds\workflows\wds-2-trigger-mapping\steps-c\step-08e-mermaid-driving-forces.md", "Markdown", 0, 0, 0, 0, 115, 0, 0, 0, 0, 0, 0, 0, 0, 0, 0, 0, 0, 0, 40, 155
"d:\workshops\eShop\_bmad\wds\workflows\wds-2-trigger-mapping\steps-c\step-08f-mermaid-connections.md", "Markdown", 0, 0, 0, 0, 82, 0, 0, 0, 0, 0, 0, 0, 0, 0, 0, 0, 0, 0, 38, 120
"d:\workshops\eShop\_bmad\wds\workflows\wds-2-trigger-mapping\steps-c\step-08g-mermaid-styling.md", "Markdown", 0, 0, 0, 0, 110, 0, 0, 0, 0, 0, 0, 0, 0, 0, 0, 0, 0, 0, 42, 152
"d:\workshops\eShop\_bmad\wds\workflows\wds-2-trigger-mapping\steps-c\step-08h-mermaid-quality.md", "Markdown", 0, 0, 0, 0, 119, 0, 0, 0, 0, 0, 0, 0, 0, 0, 0, 0, 0, 0, 47, 166
"d:\workshops\eShop\_bmad\wds\workflows\wds-2-trigger-mapping\steps-c\step-09a-finalize-hub.md", "Markdown", 0, 0, 0, 0, 88, 0, 0, 0, 0, 0, 0, 0, 0, 0, 0, 0, 0, 0, 37, 125
"d:\workshops\eShop\_bmad\wds\workflows\wds-2-trigger-mapping\steps-c\step-09b-add-cross-references.md", "Markdown", 0, 0, 0, 0, 77, 0, 0, 0, 0, 0, 0, 0, 0, 0, 0, 0, 0, 0, 32, 109
"d:\workshops\eShop\_bmad\wds\workflows\wds-2-trigger-mapping\steps-c\step-09c-quality-check.md", "Markdown", 0, 0, 0, 0, 79, 0, 0, 0, 0, 0, 0, 0, 0, 0, 0, 0, 0, 0, 32, 111
"d:\workshops\eShop\_bmad\wds\workflows\wds-2-trigger-mapping\steps-c\step-09d-create-handover-package.md", "Markdown", 0, 0, 0, 0, 95, 0, 0, 0, 0, 0, 0, 0, 0, 0, 0, 0, 0, 0, 40, 135
"d:\workshops\eShop\_bmad\wds\workflows\wds-2-trigger-mapping\steps-c\step-09e-update-design-log.md", "Markdown", 0, 0, 0, 0, 104, 0, 0, 0, 0, 0, 0, 0, 0, 0, 0, 0, 0, 0, 46, 150
"d:\workshops\eShop\_bmad\wds\workflows\wds-2-trigger-mapping\steps-c\step-09f-provide-activation.md", "Markdown", 0, 0, 0, 0, 92, 0, 0, 0, 0, 0, 0, 0, 0, 0, 0, 0, 0, 0, 44, 136
"d:\workshops\eShop\_bmad\wds\workflows\wds-2-trigger-mapping\steps-v\step-01-target-group-coverage.md", "Markdown", 0, 0, 0, 0, 87, 0, 0, 0, 0, 0, 0, 0, 0, 0, 0, 0, 0, 0, 38, 125
"d:\workshops\eShop\_bmad\wds\workflows\wds-2-trigger-mapping\steps-v\step-02-prioritization-integrity.md", "Markdown", 0, 0, 0, 0, 92, 0, 0, 0, 0, 0, 0, 0, 0, 0, 0, 0, 0, 0, 38, 130
"d:\workshops\eShop\_bmad\wds\workflows\wds-2-trigger-mapping\steps-v\step-03-persona-consistency.md", "Markdown", 0, 0, 0, 0, 93, 0, 0, 0, 0, 0, 0, 0, 0, 0, 0, 0, 0, 0, 38, 131
"d:\workshops\eShop\_bmad\wds\workflows\wds-2-trigger-mapping\steps-v\step-04-feature-impact-alignment.md", "Markdown", 0, 0, 0, 0, 90, 0, 0, 0, 0, 0, 0, 0, 0, 0, 0, 0, 0, 0, 40, 130
"d:\workshops\eShop\_bmad\wds\workflows\wds-2-trigger-mapping\steps-v\step-05-cross-document-coherence.md", "Markdown", 0, 0, 0, 0, 112, 0, 0, 0, 0, 0, 0, 0, 0, 0, 0, 0, 0, 0, 45, 157
"d:\workshops\eShop\_bmad\wds\workflows\wds-2-trigger-mapping\templates\feature-impact.template.md", "Markdown", 0, 0, 0, 0, 30, 0, 0, 0, 0, 0, 0, 0, 0, 0, 0, 0, 0, 0, 18, 48
"d:\workshops\eShop\_bmad\wds\workflows\wds-2-trigger-mapping\templates\persona-document.template.md", "Markdown", 0, 0, 0, 0, 344, 0, 0, 0, 0, 0, 0, 0, 0, 0, 0, 0, 0, 0, 142, 486
"d:\workshops\eShop\_bmad\wds\workflows\wds-2-trigger-mapping\templates\trigger-map.template.md", "Markdown", 0, 0, 0, 0, 112, 0, 0, 0, 0, 0, 0, 0, 0, 0, 0, 0, 0, 0, 58, 170
"d:\workshops\eShop\_bmad\wds\workflows\wds-2-trigger-mapping\workflow-validate.md", "Markdown", 0, 0, 0, 0, 25, 0, 0, 0, 0, 0, 0, 0, 0, 0, 0, 0, 0, 0, 18, 43
"d:\workshops\eShop\_bmad\wds\workflows\wds-2-trigger-mapping\workflow.md", "Markdown", 0, 0, 0, 0, 55, 0, 0, 0, 0, 0, 0, 0, 0, 0, 0, 0, 0, 0, 34, 89
"d:\workshops\eShop\_bmad\wds\workflows\wds-3-scenarios\SKILL.md", "Skill", 0, 0, 0, 0, 0, 0, 0, 0, 5, 0, 0, 0, 0, 0, 0, 0, 0, 0, 2, 7
"d:\workshops\eShop\_bmad\wds\workflows\wds-3-scenarios\bmad-skill-manifest.yaml", "YAML", 0, 1, 0, 0, 0, 0, 0, 0, 0, 0, 0, 0, 0, 0, 0, 0, 0, 0, 1, 2
"d:\workshops\eShop\_bmad\wds\workflows\wds-3-scenarios\data\quality-checklist.md", "Markdown", 0, 0, 0, 0, 113, 0, 0, 0, 0, 0, 0, 0, 0, 0, 0, 0, 0, 0, 49, 162
"d:\workshops\eShop\_bmad\wds\workflows\wds-3-scenarios\data\scenario-outline-template.md", "Markdown", 0, 0, 0, 0, 71, 0, 0, 0, 0, 0, 0, 0, 0, 0, 0, 0, 0, 0, 51, 122
"d:\workshops\eShop\_bmad\wds\workflows\wds-3-scenarios\data\validation-standards.md", "Markdown", 0, 0, 0, 0, 42, 0, 0, 0, 0, 0, 0, 0, 0, 0, 0, 0, 0, 0, 17, 59
"d:\workshops\eShop\_bmad\wds\workflows\wds-3-scenarios\steps-c\step-01-load-context.md", "Markdown", 0, 0, 0, 0, 121, 0, 0, 0, 0, 0, 0, 0, 0, 0, 0, 0, 0, 0, 50, 171
"d:\workshops\eShop\_bmad\wds\workflows\wds-3-scenarios\steps-c\step-02-analyze-scope.md", "Markdown", 0, 0, 0, 0, 133, 0, 0, 0, 0, 0, 0, 0, 0, 0, 0, 0, 0, 0, 60, 193
"d:\workshops\eShop\_bmad\wds\workflows\wds-3-scenarios\steps-c\step-03-build-strategic-context.md", "Markdown", 0, 0, 0, 0, 133, 0, 0, 0, 0, 0, 0, 0, 0, 0, 0, 0, 0, 0, 59, 192
"d:\workshops\eShop\_bmad\wds\workflows\wds-3-scenarios\steps-c\step-04-suggest-scenarios.md", "Markdown", 0, 0, 0, 0, 126, 0, 0, 0, 0, 0, 0, 0, 0, 0, 0, 0, 0, 0, 56, 182
"d:\workshops\eShop\_bmad\wds\workflows\wds-3-scenarios\steps-c\step-05-outline-scenario.md", "Markdown", 0, 0, 0, 0, 221, 0, 0, 0, 0, 0, 0, 0, 0, 0, 0, 0, 0, 0, 108, 329
"d:\workshops\eShop\_bmad\wds\workflows\wds-3-scenarios\steps-c\step-06-generate-overview.md", "Markdown", 0, 0, 0, 0, 116, 0, 0, 0, 0, 0, 0, 0, 0, 0, 0, 0, 0, 0, 58, 174
"d:\workshops\eShop\_bmad\wds\workflows\wds-3-scenarios\steps-c\step-07-quality-review.md", "Markdown", 0, 0, 0, 0, 128, 0, 0, 0, 0, 0, 0, 0, 0, 0, 0, 0, 0, 0, 60, 188
"d:\workshops\eShop\_bmad\wds\workflows\wds-3-scenarios\steps-c\step-08-update-design-log.md", "Markdown", 0, 0, 0, 0, 102, 0, 0, 0, 0, 0, 0, 0, 0, 0, 0, 0, 0, 0, 49, 151
"d:\workshops\eShop\_bmad\wds\workflows\wds-3-scenarios\steps-c\step-09-handover.md", "Markdown", 0, 0, 0, 0, 128, 0, 0, 0, 0, 0, 0, 0, 0, 0, 0, 0, 0, 0, 54, 182
"d:\workshops\eShop\_bmad\wds\workflows\wds-3-scenarios\steps-v\step-01-scenario-coverage.md", "Markdown", 0, 0, 0, 0, 87, 0, 0, 0, 0, 0, 0, 0, 0, 0, 0, 0, 0, 0, 43, 130
"d:\workshops\eShop\_bmad\wds\workflows\wds-3-scenarios\steps-v\step-02-navigation-patterns.md", "Markdown", 0, 0, 0, 0, 102, 0, 0, 0, 0, 0, 0, 0, 0, 0, 0, 0, 0, 0, 47, 149
"d:\workshops\eShop\_bmad\wds\workflows\wds-3-scenarios\steps-v\step-03-outline-completeness.md", "Markdown", 0, 0, 0, 0, 106, 0, 0, 0, 0, 0, 0, 0, 0, 0, 0, 0, 0, 0, 45, 151
"d:\workshops\eShop\_bmad\wds\workflows\wds-3-scenarios\steps-v\step-04-cross-scenario-consistency.md", "Markdown", 0, 0, 0, 0, 106, 0, 0, 0, 0, 0, 0, 0, 0, 0, 0, 0, 0, 0, 47, 153
"d:\workshops\eShop\_bmad\wds\workflows\wds-3-scenarios\steps-v\step-05-seo-keyword-alignment.md", "Markdown", 0, 0, 0, 0, 118, 0, 0, 0, 0, 0, 0, 0, 0, 0, 0, 0, 0, 0, 55, 173
"d:\workshops\eShop\_bmad\wds\workflows\wds-3-scenarios\workflow-validate.md", "Markdown", 0, 0, 0, 0, 25, 0, 0, 0, 0, 0, 0, 0, 0, 0, 0, 0, 0, 0, 18, 43
"d:\workshops\eShop\_bmad\wds\workflows\wds-3-scenarios\workflow.md", "Markdown", 0, 0, 0, 0, 70, 0, 0, 0, 0, 0, 0, 0, 0, 0, 0, 0, 0, 0, 38, 108
"d:\workshops\eShop\_bmad\wds\workflows\wds-4-ux-design\SKILL.md", "Skill", 0, 0, 0, 0, 0, 0, 0, 0, 5, 0, 0, 0, 0, 0, 0, 0, 0, 0, 2, 7
"d:\workshops\eShop\_bmad\wds\workflows\wds-4-ux-design\bmad-skill-manifest.yaml", "YAML", 0, 1, 0, 0, 0, 0, 0, 0, 0, 0, 0, 0, 0, 0, 0, 0, 0, 0, 1, 2
"d:\workshops\eShop\_bmad\wds\workflows\wds-4-ux-design\data\delivery-templates.md", "Markdown", 0, 0, 0, 0, 134, 0, 0, 0, 0, 0, 0, 0, 0, 0, 0, 0, 0, 0, 55, 189
"d:\workshops\eShop\_bmad\wds\workflows\wds-4-ux-design\data\design-deliveries-guide.md", "Markdown", 0, 0, 0, 0, 344, 0, 0, 0, 0, 0, 0, 0, 0, 0, 0, 0, 0, 0, 146, 490
"d:\workshops\eShop\_bmad\wds\workflows\wds-4-ux-design\data\guides\DESIGN-LOOP-GUIDE.md", "Markdown", 0, 0, 0, 0, 112, 0, 0, 0, 0, 0, 0, 0, 0, 0, 0, 0, 0, 0, 68, 180
"d:\workshops\eShop\_bmad\wds\workflows\wds-4-ux-design\data\guides\HTML-VS-VISUAL-STYLES.md", "Markdown", 0, 0, 0, 0, 161, 0, 0, 0, 0, 0, 0, 0, 0, 0, 0, 0, 0, 3, 80, 244
"d:\workshops\eShop\_bmad\wds\workflows\wds-4-ux-design\data\guides\NANO-BANANA-PROMPT-GUIDE.md", "Markdown", 0, 0, 0, 0, 354, 0, 0, 0, 0, 0, 0, 0, 0, 0, 0, 0, 0, 0, 115, 469
"d:\workshops\eShop\_bmad\wds\workflows\wds-4-ux-design\data\guides\SKETCH-TEXT-ANALYSIS-GUIDE.md", "Markdown", 0, 0, 0, 0, 373, 0, 0, 0, 0, 0, 0, 0, 0, 0, 0, 0, 0, 0, 160, 533
"d:\workshops\eShop\_bmad\wds\workflows\wds-4-ux-design\data\guides\SKETCH-TEXT-QUICK-REFERENCE.md", "Markdown", 0, 0, 0, 0, 148, 0, 0, 0, 0, 0, 0, 0, 0, 0, 0, 0, 0, 0, 75, 223
"d:\workshops\eShop\_bmad\wds\workflows\wds-4-ux-design\data\guides\TRANSLATION-ORGANIZATION-GUIDE.md", "Markdown", 0, 0, 0, 0, 345, 0, 0, 0, 0, 0, 0, 0, 0, 0, 0, 0, 0, 0, 169, 514
"d:\workshops\eShop\_bmad\wds\workflows\wds-4-ux-design\data\guides\WDS-SPECIFICATION-PATTERN.md", "Markdown", 0, 0, 0, 0, 299, 0, 0, 0, 0, 0, 0, 0, 0, 0, 0, 0, 0, 0, 138, 437
"d:\workshops\eShop\_bmad\wds\workflows\wds-4-ux-design\data\handoff-dialog-scripts.md", "Markdown", 0, 0, 0, 0, 197, 0, 0, 0, 0, 0, 0, 0, 0, 0, 0, 0, 0, 0, 80, 277
"d:\workshops\eShop\_bmad\wds\workflows\wds-4-ux-design\data\modular-architecture\00-MODULAR-ARCHITECTURE-GUIDE.md", "Markdown", 0, 0, 0, 0, 36, 0, 0, 0, 0, 0, 0, 0, 0, 0, 0, 0, 0, 0, 36, 72
"d:\workshops\eShop\_bmad\wds\workflows\wds-4-ux-design\data\modular-architecture\00-foundation\agent-designer-collaboration.md", "Markdown", 0, 0, 0, 0, 327, 0, 0, 0, 0, 0, 0, 0, 0, 0, 0, 0, 0, 0, 162, 489
"d:\workshops\eShop\_bmad\wds\workflows\wds-4-ux-design\data\modular-architecture\01-core-concepts\complexity-detection.md", "Markdown", 0, 0, 0, 0, 82, 0, 0, 0, 0, 0, 0, 0, 0, 0, 0, 0, 0, 0, 42, 124
"d:\workshops\eShop\_bmad\wds\workflows\wds-4-ux-design\data\modular-architecture\01-core-concepts\content-placement-rules.md", "Markdown", 0, 0, 0, 0, 100, 0, 0, 0, 0, 0, 0, 0, 0, 0, 0, 0, 0, 0, 45, 145
"d:\workshops\eShop\_bmad\wds\workflows\wds-4-ux-design\data\modular-architecture\01-core-concepts\three-tier-overview.md", "Markdown", 0, 0, 0, 0, 99, 0, 0, 0, 0, 0, 0, 0, 0, 0, 0, 0, 0, 0, 46, 145
"d:\workshops\eShop\_bmad\wds\workflows\wds-4-ux-design\data\modular-architecture\02-workflows\01-what-are-storyboards.md", "Markdown", 0, 0, 0, 0, 45, 0, 0, 0, 0, 0, 0, 0, 0, 0, 0, 0, 0, 0, 26, 71
"d:\workshops\eShop\_bmad\wds\workflows\wds-4-ux-design\data\modular-architecture\02-workflows\01-when-to-use.md", "Markdown", 0, 0, 0, 0, 38, 0, 0, 0, 0, 0, 0, 0, 0, 0, 0, 0, 0, 0, 31, 69
"d:\workshops\eShop\_bmad\wds\workflows\wds-4-ux-design\data\modular-architecture\02-workflows\02-file-structure.md", "Markdown", 0, 0, 0, 0, 58, 0, 0, 0, 0, 0, 0, 0, 0, 0, 0, 0, 0, 0, 29, 87
"d:\workshops\eShop\_bmad\wds\workflows\wds-4-ux-design\data\modular-architecture\02-workflows\complexity-router-workflow.md", "Markdown", 0, 0, 0, 0, 101, 0, 0, 0, 0, 0, 0, 0, 0, 0, 0, 0, 0, 0, 55, 156
"d:\workshops\eShop\_bmad\wds\workflows\wds-4-ux-design\data\modular-architecture\02-workflows\page-specification-workflow.md", "Markdown", 0, 0, 0, 0, 208, 0, 0, 0, 0, 0, 0, 0, 0, 0, 0, 0, 0, 0, 105, 313
"d:\workshops\eShop\_bmad\wds\workflows\wds-4-ux-design\data\modular-architecture\02-workflows\storyboards-guide.md", "Markdown", 0, 0, 0, 0, 38, 0, 0, 0, 0, 0, 0, 0, 0, 0, 0, 0, 0, 0, 38, 76
"d:\workshops\eShop\_bmad\wds\workflows\wds-4-ux-design\data\modular-architecture\03-quick-refs\benefits.md", "Markdown", 0, 0, 0, 0, 80, 0, 0, 0, 0, 0, 0, 0, 0, 0, 0, 0, 0, 0, 49, 129
"d:\workshops\eShop\_bmad\wds\workflows\wds-4-ux-design\data\modular-architecture\03-quick-refs\decision-tree.md", "Markdown", 0, 0, 0, 0, 51, 0, 0, 0, 0, 0, 0, 0, 0, 0, 0, 0, 0, 0, 17, 68
"d:\workshops\eShop\_bmad\wds\workflows\wds-4-ux-design\data\modular-architecture\COMPONENT-FILE-STRUCTURE.md", "Markdown", 0, 0, 0, 0, 522, 0, 0, 0, 0, 0, 0, 0, 0, 0, 0, 0, 0, 0, 221, 743
"d:\workshops\eShop\_bmad\wds\workflows\wds-4-ux-design\data\modular-architecture\CONTENT-PLACEMENT-GUIDE.md", "Markdown", 0, 0, 0, 0, 377, 0, 0, 0, 0, 0, 0, 0, 0, 0, 0, 0, 0, 0, 176, 553
"d:\workshops\eShop\_bmad\wds\workflows\wds-4-ux-design\data\modular-architecture\CROSS-PAGE-CONSISTENCY.md", "Markdown", 0, 0, 0, 0, 207, 0, 0, 0, 0, 0, 0, 0, 0, 0, 0, 0, 0, 0, 95, 302
"d:\workshops\eShop\_bmad\wds\workflows\wds-4-ux-design\data\modular-architecture\STORYBOARD-INTEGRATION.md", "Markdown", 0, 0, 0, 0, 491, 0, 0, 0, 0, 0, 0, 0, 0, 0, 0, 0, 0, 0, 224, 715
"d:\workshops\eShop\_bmad\wds\workflows\wds-4-ux-design\data\modular-architecture\workflow.md", "Markdown", 0, 0, 0, 0, 184, 0, 0, 0, 0, 0, 0, 0, 0, 0, 0, 0, 0, 0, 105, 289
"d:\workshops\eShop\_bmad\wds\workflows\wds-4-ux-design\data\object-types\COMPLEXITY-ROUTER.md", "Markdown", 0, 0, 0, 0, 559, 0, 0, 0, 0, 0, 0, 0, 0, 0, 0, 0, 0, 0, 284, 843
"d:\workshops\eShop\_bmad\wds\workflows\wds-4-ux-design\data\object-types\ROUTER-FLOW-DIAGRAM.md", "Markdown", 0, 0, 0, 0, 221, 0, 0, 0, 0, 0, 0, 0, 0, 0, 0, 0, 0, 0, 55, 276
"d:\workshops\eShop\_bmad\wds\workflows\wds-4-ux-design\data\object-types\TEXT-DETECTION-PRIORITY.md", "Markdown", 0, 0, 0, 0, 265, 0, 0, 0, 0, 0, 0, 0, 0, 0, 0, 0, 0, 0, 127, 392
"d:\workshops\eShop\_bmad\wds\workflows\wds-4-ux-design\data\object-types\object-router.md", "Markdown", 0, 0, 0, 0, 233, 0, 0, 0, 0, 0, 0, 0, 0, 0, 0, 0, 0, 0, 117, 350
"d:\workshops\eShop\_bmad\wds\workflows\wds-4-ux-design\data\object-types\templates\button.md", "Markdown", 0, 0, 0, 0, 229, 0, 0, 0, 0, 0, 0, 0, 0, 0, 0, 0, 0, 0, 117, 346
"d:\workshops\eShop\_bmad\wds\workflows\wds-4-ux-design\data\object-types\templates\heading-text.md", "Markdown", 0, 0, 0, 0, 369, 0, 0, 0, 0, 0, 0, 0, 0, 0, 0, 0, 0, 0, 181, 550
"d:\workshops\eShop\_bmad\wds\workflows\wds-4-ux-design\data\object-types\templates\image.md", "Markdown", 0, 0, 0, 0, 108, 0, 0, 0, 0, 0, 0, 0, 0, 0, 0, 0, 0, 0, 58, 166
"d:\workshops\eShop\_bmad\wds\workflows\wds-4-ux-design\data\object-types\templates\link.md", "Markdown", 0, 0, 0, 0, 108, 0, 0, 0, 0, 0, 0, 0, 0, 0, 0, 0, 0, 0, 60, 168
"d:\workshops\eShop\_bmad\wds\workflows\wds-4-ux-design\data\object-types\templates\text-input.md", "Markdown", 0, 0, 0, 0, 301, 0, 0, 0, 0, 0, 0, 0, 0, 0, 0, 0, 0, 0, 163, 464
"d:\workshops\eShop\_bmad\wds\workflows\wds-4-ux-design\data\object-types\workflow.md", "Markdown", 0, 0, 0, 0, 86, 0, 0, 0, 0, 0, 0, 0, 0, 0, 0, 0, 0, 0, 42, 128
"d:\workshops\eShop\_bmad\wds\workflows\wds-4-ux-design\data\page-creation-flows\flow-a-sketch.md", "Markdown", 0, 0, 0, 0, 17, 0, 0, 0, 0, 0, 0, 0, 0, 0, 0, 0, 0, 0, 12, 29
"d:\workshops\eShop\_bmad\wds\workflows\wds-4-ux-design\data\page-creation-flows\flow-b-verbal.md", "Markdown", 0, 0, 0, 0, 93, 0, 0, 0, 0, 0, 0, 0, 0, 0, 0, 0, 0, 0, 46, 139
"d:\workshops\eShop\_bmad\wds\workflows\wds-4-ux-design\data\page-creation-flows\flow-c-ascii.md", "Markdown", 0, 0, 0, 0, 65, 0, 0, 0, 0, 0, 0, 0, 0, 0, 0, 0, 0, 0, 28, 93
"d:\workshops\eShop\_bmad\wds\workflows\wds-4-ux-design\data\page-creation-flows\flow-d-reference.md", "Markdown", 0, 0, 0, 0, 43, 0, 0, 0, 0, 0, 0, 0, 0, 0, 0, 0, 0, 0, 27, 70
"d:\workshops\eShop\_bmad\wds\workflows\wds-4-ux-design\data\page-creation-flows\flow-e-html.md", "Markdown", 0, 0, 0, 0, 89, 0, 0, 0, 0, 0, 0, 0, 0, 0, 0, 0, 0, 0, 43, 132
"d:\workshops\eShop\_bmad\wds\workflows\wds-4-ux-design\data\page-creation-flows\lightweight-page-template.md", "Markdown", 0, 0, 0, 0, 86, 0, 0, 0, 0, 0, 0, 0, 0, 0, 0, 0, 0, 14, 36, 136
"d:\workshops\eShop\_bmad\wds\workflows\wds-4-ux-design\data\page-creation-flows\page-init-lightweight.md", "Markdown", 0, 0, 0, 0, 127, 0, 0, 0, 0, 0, 0, 0, 0, 0, 0, 0, 0, 0, 70, 197
"d:\workshops\eShop\_bmad\wds\workflows\wds-4-ux-design\data\page-creation-flows\page-process-templates.md", "Markdown", 0, 0, 0, 0, 97, 0, 0, 0, 0, 0, 0, 0, 0, 0, 0, 0, 0, 0, 34, 131
"d:\workshops\eShop\_bmad\wds\workflows\wds-4-ux-design\data\page-creation-flows\placeholder-templates.md", "Markdown", 0, 0, 0, 0, 109, 0, 0, 0, 0, 0, 0, 0, 0, 0, 0, 0, 0, 0, 45, 154
"d:\workshops\eShop\_bmad\wds\workflows\wds-4-ux-design\data\page-creation-flows\workshop-c-placeholder-pages.md", "Markdown", 0, 0, 0, 0, 109, 0, 0, 0, 0, 0, 0, 0, 0, 0, 0, 0, 0, 0, 60, 169
"d:\workshops\eShop\_bmad\wds\workflows\wds-4-ux-design\data\page-creation-flows\workshop-page-creation.md", "Markdown", 0, 0, 0, 0, 88, 0, 0, 0, 0, 0, 0, 0, 0, 0, 0, 0, 0, 0, 47, 135
"d:\workshops\eShop\_bmad\wds\workflows\wds-4-ux-design\data\page-creation-flows\workshop-page-process.md", "Markdown", 0, 0, 0, 0, 158, 0, 0, 0, 0, 0, 0, 0, 0, 0, 0, 0, 0, 0, 78, 236
"d:\workshops\eShop\_bmad\wds\workflows\wds-4-ux-design\data\quality-guide.md", "Markdown", 0, 0, 0, 0, 500, 0, 0, 0, 0, 0, 0, 0, 0, 0, 0, 0, 0, 0, 154, 654
"d:\workshops\eShop\_bmad\wds\workflows\wds-4-ux-design\data\scenario-init\01-platform-confirmation.md", "Markdown", 0, 0, 0, 0, 118, 0, 0, 0, 0, 0, 0, 0, 0, 0, 0, 0, 0, 0, 50, 168
"d:\workshops\eShop\_bmad\wds\workflows\wds-4-ux-design\data\scenario-init\02-feature-selection.md", "Markdown", 0, 0, 0, 0, 44, 0, 0, 0, 0, 0, 0, 0, 0, 0, 0, 0, 0, 0, 27, 71
"d:\workshops\eShop\_bmad\wds\workflows\wds-4-ux-design\data\scenario-init\03-entry-point.md", "Markdown", 0, 0, 0, 0, 44, 0, 0, 0, 0, 0, 0, 0, 0, 0, 0, 0, 0, 0, 24, 68
"d:\workshops\eShop\_bmad\wds\workflows\wds-4-ux-design\data\scenario-init\04-mental-state.md", "Markdown", 0, 0, 0, 0, 50, 0, 0, 0, 0, 0, 0, 0, 0, 0, 0, 0, 0, 0, 25, 75
"d:\workshops\eShop\_bmad\wds\workflows\wds-4-ux-design\data\scenario-init\05-mutual-success.md", "Markdown", 0, 0, 0, 0, 43, 0, 0, 0, 0, 0, 0, 0, 0, 0, 0, 0, 0, 0, 27, 70
"d:\workshops\eShop\_bmad\wds\workflows\wds-4-ux-design\data\scenario-init\06-shortest-path.md", "Markdown", 0, 0, 0, 0, 61, 0, 0, 0, 0, 0, 0, 0, 0, 0, 0, 0, 0, 0, 32, 93
"d:\workshops\eShop\_bmad\wds\workflows\wds-4-ux-design\data\scenario-init\07-reference-trigger-map.md", "Markdown", 0, 0, 0, 0, 54, 0, 0, 0, 0, 0, 0, 0, 0, 0, 0, 0, 0, 0, 27, 81
"d:\workshops\eShop\_bmad\wds\workflows\wds-4-ux-design\data\scenario-init\examples\booking-example.md", "Markdown", 0, 0, 0, 0, 43, 0, 0, 0, 0, 0, 0, 0, 0, 0, 0, 0, 0, 0, 22, 65
"d:\workshops\eShop\_bmad\wds\workflows\wds-4-ux-design\data\scenario-init\examples\ecommerce-example.md", "Markdown", 0, 0, 0, 0, 43, 0, 0, 0, 0, 0, 0, 0, 0, 0, 0, 0, 0, 0, 22, 65
"d:\workshops\eShop\_bmad\wds\workflows\wds-4-ux-design\data\scenario-init\examples\saas-example.md", "Markdown", 0, 0, 0, 0, 43, 0, 0, 0, 0, 0, 0, 0, 0, 0, 0, 0, 0, 0, 22, 65
"d:\workshops\eShop\_bmad\wds\workflows\wds-4-ux-design\data\scenario-init\scenario-init-dialog.md", "Markdown", 0, 0, 0, 0, 386, 0, 0, 0, 0, 0, 0, 0, 0, 0, 0, 0, 0, 0, 151, 537
"d:\workshops\eShop\_bmad\wds\workflows\wds-4-ux-design\data\scenario-init\scenario-init-guide.md", "Markdown", 0, 0, 0, 0, 40, 0, 0, 0, 0, 0, 0, 0, 0, 0, 0, 0, 0, 0, 37, 77
"d:\workshops\eShop\_bmad\wds\workflows\wds-4-ux-design\data\scenario-init\scenario-init-process.md", "Markdown", 0, 0, 0, 0, 149, 0, 0, 0, 0, 0, 0, 0, 0, 0, 0, 0, 0, 0, 73, 222
"d:\workshops\eShop\_bmad\wds\workflows\wds-4-ux-design\data\specification-audit-workflow.md", "Markdown", 0, 0, 0, 0, 539, 0, 0, 0, 0, 0, 0, 0, 0, 0, 0, 0, 0, 0, 184, 723
"d:\workshops\eShop\_bmad\wds\workflows\wds-4-ux-design\data\substeps-guide.md", "Markdown", 0, 0, 0, 0, 87, 0, 0, 0, 0, 0, 0, 0, 0, 0, 0, 0, 0, 0, 24, 111
"d:\workshops\eShop\_bmad\wds\workflows\wds-4-ux-design\data\validation-standards.md", "Markdown", 0, 0, 0, 0, 161, 0, 0, 0, 0, 0, 0, 0, 0, 0, 0, 0, 0, 0, 55, 216
"d:\workshops\eShop\_bmad\wds\workflows\wds-4-ux-design\steps-c\step-01-exploration.md", "Markdown", 0, 0, 0, 0, 231, 0, 0, 0, 0, 0, 0, 0, 0, 0, 0, 0, 0, 0, 102, 333
"d:\workshops\eShop\_bmad\wds\workflows\wds-4-ux-design\steps-h\step-01-detect-completion.md", "Markdown", 0, 0, 0, 0, 95, 0, 0, 0, 0, 0, 0, 0, 0, 0, 0, 0, 0, 0, 45, 140
"d:\workshops\eShop\_bmad\wds\workflows\wds-4-ux-design\steps-h\step-02-create-delivery.md", "Markdown", 0, 0, 0, 0, 114, 0, 0, 0, 0, 0, 0, 0, 0, 0, 0, 0, 0, 0, 50, 164
"d:\workshops\eShop\_bmad\wds\workflows\wds-4-ux-design\steps-h\step-03-create-test-scenario.md", "Markdown", 0, 0, 0, 0, 124, 0, 0, 0, 0, 0, 0, 0, 0, 0, 0, 0, 0, 0, 50, 174
"d:\workshops\eShop\_bmad\wds\workflows\wds-4-ux-design\steps-h\step-04-handoff-dialog.md", "Markdown", 0, 0, 0, 0, 100, 0, 0, 0, 0, 0, 0, 0, 0, 0, 0, 0, 0, 0, 43, 143
"d:\workshops\eShop\_bmad\wds\workflows\wds-4-ux-design\steps-h\step-05-hand-off.md", "Markdown", 0, 0, 0, 0, 106, 0, 0, 0, 0, 0, 0, 0, 0, 0, 0, 0, 0, 0, 46, 152
"d:\workshops\eShop\_bmad\wds\workflows\wds-4-ux-design\steps-h\step-06-continue.md", "Markdown", 0, 0, 0, 0, 95, 0, 0, 0, 0, 0, 0, 0, 0, 0, 0, 0, 0, 0, 44, 139
"d:\workshops\eShop\_bmad\wds\workflows\wds-4-ux-design\steps-k\step-01-sketch-analysis.md", "Markdown", 0, 0, 0, 0, 308, 0, 0, 0, 0, 0, 0, 0, 0, 0, 0, 0, 0, 0, 148, 456
"d:\workshops\eShop\_bmad\wds\workflows\wds-4-ux-design\steps-m\step-01-review-current.md", "Markdown", 0, 0, 0, 0, 84, 0, 0, 0, 0, 0, 0, 0, 0, 0, 0, 0, 0, 0, 40, 124
"d:\workshops\eShop\_bmad\wds\workflows\wds-4-ux-design\steps-m\step-02-define-component.md", "Markdown", 0, 0, 0, 0, 84, 0, 0, 0, 0, 0, 0, 0, 0, 0, 0, 0, 0, 0, 42, 126
"d:\workshops\eShop\_bmad\wds\workflows\wds-4-ux-design\steps-m\step-03-validate-usage.md", "Markdown", 0, 0, 0, 0, 85, 0, 0, 0, 0, 0, 0, 0, 0, 0, 0, 0, 0, 0, 42, 127
"d:\workshops\eShop\_bmad\wds\workflows\wds-4-ux-design\steps-p\step-01-page-basics.md", "Markdown", 0, 0, 0, 0, 89, 0, 0, 0, 0, 0, 0, 0, 0, 0, 0, 0, 0, 0, 41, 130
"d:\workshops\eShop\_bmad\wds\workflows\wds-4-ux-design\steps-p\step-02-layout-sections.md", "Markdown", 0, 0, 0, 0, 81, 0, 0, 0, 0, 0, 0, 0, 0, 0, 0, 0, 0, 0, 44, 125
"d:\workshops\eShop\_bmad\wds\workflows\wds-4-ux-design\steps-p\step-03-components-objects.md", "Markdown", 0, 0, 0, 0, 113, 0, 0, 0, 0, 0, 0, 0, 0, 0, 0, 0, 0, 0, 64, 177
"d:\workshops\eShop\_bmad\wds\workflows\wds-4-ux-design\steps-p\step-04-content-languages.md", "Markdown", 0, 0, 0, 0, 82, 0, 0, 0, 0, 0, 0, 0, 0, 0, 0, 0, 0, 0, 46, 128
"d:\workshops\eShop\_bmad\wds\workflows\wds-4-ux-design\steps-p\step-05-interactions.md", "Markdown", 0, 0, 0, 0, 80, 0, 0, 0, 0, 0, 0, 0, 0, 0, 0, 0, 0, 0, 42, 122
"d:\workshops\eShop\_bmad\wds\workflows\wds-4-ux-design\steps-p\step-06-states.md", "Markdown", 0, 0, 0, 0, 99, 0, 0, 0, 0, 0, 0, 0, 0, 0, 0, 0, 0, 0, 51, 150
"d:\workshops\eShop\_bmad\wds\workflows\wds-4-ux-design\steps-p\step-07-validation.md", "Markdown", 0, 0, 0, 0, 98, 0, 0, 0, 0, 0, 0, 0, 0, 0, 0, 0, 0, 0, 52, 150
"d:\workshops\eShop\_bmad\wds\workflows\wds-4-ux-design\steps-p\step-08-spacing-typography.md", "Markdown", 0, 0, 0, 0, 144, 0, 0, 0, 0, 0, 0, 0, 0, 0, 0, 0, 0, 0, 67, 211
"d:\workshops\eShop\_bmad\wds\workflows\wds-4-ux-design\steps-p\step-09-generate-spec.md", "Markdown", 0, 0, 0, 0, 95, 0, 0, 0, 0, 0, 0, 0, 0, 0, 0, 0, 0, 0, 44, 139
"d:\workshops\eShop\_bmad\wds\workflows\wds-4-ux-design\steps-s\step-01-core-feature.md", "Markdown", 0, 0, 0, 0, 77, 0, 0, 0, 0, 0, 0, 0, 0, 0, 0, 0, 0, 0, 40, 117
"d:\workshops\eShop\_bmad\wds\workflows\wds-4-ux-design\steps-s\step-02-entry-point.md", "Markdown", 0, 0, 0, 0, 77, 0, 0, 0, 0, 0, 0, 0, 0, 0, 0, 0, 0, 0, 38, 115
"d:\workshops\eShop\_bmad\wds\workflows\wds-4-ux-design\steps-s\step-03-mental-state.md", "Markdown", 0, 0, 0, 0, 74, 0, 0, 0, 0, 0, 0, 0, 0, 0, 0, 0, 0, 0, 39, 113
"d:\workshops\eShop\_bmad\wds\workflows\wds-4-ux-design\steps-s\step-04-mutual-success.md", "Markdown", 0, 0, 0, 0, 77, 0, 0, 0, 0, 0, 0, 0, 0, 0, 0, 0, 0, 0, 40, 117
"d:\workshops\eShop\_bmad\wds\workflows\wds-4-ux-design\steps-s\step-05-shortest-path.md", "Markdown", 0, 0, 0, 0, 88, 0, 0, 0, 0, 0, 0, 0, 0, 0, 0, 0, 0, 0, 42, 130
"d:\workshops\eShop\_bmad\wds\workflows\wds-4-ux-design\steps-s\step-06-scenario-name.md", "Markdown", 0, 0, 0, 0, 75, 0, 0, 0, 0, 0, 0, 0, 0, 0, 0, 0, 0, 0, 38, 113
"d:\workshops\eShop\_bmad\wds\workflows\wds-4-ux-design\steps-s\step-07-create-scenario-folder.md", "Markdown", 0, 0, 0, 0, 158, 0, 0, 0, 0, 0, 0, 0, 0, 0, 0, 0, 0, 0, 78, 236
"d:\workshops\eShop\_bmad\wds\workflows\wds-4-ux-design\steps-s\step-08-page-context.md", "Markdown", 0, 0, 0, 0, 105, 0, 0, 0, 0, 0, 0, 0, 0, 0, 0, 0, 0, 0, 46, 151
"d:\workshops\eShop\_bmad\wds\workflows\wds-4-ux-design\steps-s\step-09-page-name.md", "Markdown", 0, 0, 0, 0, 77, 0, 0, 0, 0, 0, 0, 0, 0, 0, 0, 0, 0, 0, 37, 114
"d:\workshops\eShop\_bmad\wds\workflows\wds-4-ux-design\steps-s\step-10-page-purpose.md", "Markdown", 0, 0, 0, 0, 75, 0, 0, 0, 0, 0, 0, 0, 0, 0, 0, 0, 0, 0, 38, 113
"d:\workshops\eShop\_bmad\wds\workflows\wds-4-ux-design\steps-s\step-11-entry-point.md", "Markdown", 0, 0, 0, 0, 77, 0, 0, 0, 0, 0, 0, 0, 0, 0, 0, 0, 0, 0, 38, 115
"d:\workshops\eShop\_bmad\wds\workflows\wds-4-ux-design\steps-s\step-12-mental-state.md", "Markdown", 0, 0, 0, 0, 73, 0, 0, 0, 0, 0, 0, 0, 0, 0, 0, 0, 0, 0, 37, 110
"d:\workshops\eShop\_bmad\wds\workflows\wds-4-ux-design\steps-s\step-13-desired-outcome.md", "Markdown", 0, 0, 0, 0, 72, 0, 0, 0, 0, 0, 0, 0, 0, 0, 0, 0, 0, 0, 38, 110
"d:\workshops\eShop\_bmad\wds\workflows\wds-4-ux-design\steps-s\step-14-variants.md", "Markdown", 0, 0, 0, 0, 77, 0, 0, 0, 0, 0, 0, 0, 0, 0, 0, 0, 0, 0, 40, 117
"d:\workshops\eShop\_bmad\wds\workflows\wds-4-ux-design\steps-s\step-15-create-page-structure.md", "Markdown", 0, 0, 0, 0, 163, 0, 0, 0, 0, 0, 0, 0, 0, 0, 0, 0, 0, 0, 78, 241
"d:\workshops\eShop\_bmad\wds\workflows\wds-4-ux-design\steps-v\step-01-page-metadata.md", "Markdown", 0, 0, 0, 0, 96, 0, 0, 0, 0, 0, 0, 0, 0, 0, 0, 0, 0, 0, 42, 138
"d:\workshops\eShop\_bmad\wds\workflows\wds-4-ux-design\steps-v\step-02-navigation.md", "Markdown", 0, 0, 0, 0, 97, 0, 0, 0, 0, 0, 0, 0, 0, 0, 0, 0, 0, 0, 43, 140
"d:\workshops\eShop\_bmad\wds\workflows\wds-4-ux-design\steps-v\step-03-page-overview.md", "Markdown", 0, 0, 0, 0, 91, 0, 0, 0, 0, 0, 0, 0, 0, 0, 0, 0, 0, 0, 42, 133
"d:\workshops\eShop\_bmad\wds\workflows\wds-4-ux-design\steps-v\step-04-page-sections.md", "Markdown", 0, 0, 0, 0, 97, 0, 0, 0, 0, 0, 0, 0, 0, 0, 0, 0, 0, 0, 43, 140
"d:\workshops\eShop\_bmad\wds\workflows\wds-4-ux-design\steps-v\step-05-section-order.md", "Markdown", 0, 0, 0, 0, 100, 0, 0, 0, 0, 0, 0, 0, 0, 0, 0, 0, 0, 0, 44, 144
"d:\workshops\eShop\_bmad\wds\workflows\wds-4-ux-design\steps-v\step-06-object-registry.md", "Markdown", 0, 0, 0, 0, 96, 0, 0, 0, 0, 0, 0, 0, 0, 0, 0, 0, 0, 0, 44, 140
"d:\workshops\eShop\_bmad\wds\workflows\wds-4-ux-design\steps-v\step-07-design-system-separation.md", "Markdown", 0, 0, 0, 0, 107, 0, 0, 0, 0, 0, 0, 0, 0, 0, 0, 0, 0, 0, 44, 151
"d:\workshops\eShop\_bmad\wds\workflows\wds-4-ux-design\steps-v\step-08-seo-compliance.md", "Markdown", 0, 0, 0, 0, 95, 0, 0, 0, 0, 0, 0, 0, 0, 0, 0, 0, 0, 0, 46, 141
"d:\workshops\eShop\_bmad\wds\workflows\wds-4-ux-design\steps-v\step-09-design-system-consistency.md", "Markdown", 0, 0, 0, 0, 94, 0, 0, 0, 0, 0, 0, 0, 0, 0, 0, 0, 0, 0, 46, 140
"d:\workshops\eShop\_bmad\wds\workflows\wds-4-ux-design\steps-v\step-10-final-validation.md", "Markdown", 0, 0, 0, 0, 119, 0, 0, 0, 0, 0, 0, 0, 0, 0, 0, 0, 0, 0, 53, 172
"d:\workshops\eShop\_bmad\wds\workflows\wds-4-ux-design\steps-w\step-00-nb-setup.md", "Markdown", 0, 0, 0, 0, 88, 0, 0, 0, 0, 0, 0, 0, 0, 0, 0, 0, 0, 0, 46, 134
"d:\workshops\eShop\_bmad\wds\workflows\wds-4-ux-design\steps-w\step-01-visual-approach.md", "Markdown", 0, 0, 0, 0, 91, 0, 0, 0, 0, 0, 0, 0, 0, 0, 0, 0, 0, 0, 42, 133
"d:\workshops\eShop\_bmad\wds\workflows\wds-4-ux-design\steps-w\step-02-generate-visual.md", "Markdown", 0, 0, 0, 0, 84, 0, 0, 0, 0, 0, 0, 0, 0, 0, 0, 0, 0, 0, 40, 124
"d:\workshops\eShop\_bmad\wds\workflows\wds-4-ux-design\steps-w\step-02w-nb-compose-prompt.md", "Markdown", 0, 0, 0, 0, 245, 0, 0, 0, 0, 0, 0, 0, 0, 0, 0, 0, 0, 0, 105, 350
"d:\workshops\eShop\_bmad\wds\workflows\wds-4-ux-design\steps-w\step-03-review-integrate.md", "Markdown", 0, 0, 0, 0, 88, 0, 0, 0, 0, 0, 0, 0, 0, 0, 0, 0, 0, 0, 43, 131
"d:\workshops\eShop\_bmad\wds\workflows\wds-4-ux-design\templates\audit-report.template.md", "Markdown", 0, 0, 0, 0, 313, 0, 0, 0, 0, 0, 0, 0, 0, 0, 0, 0, 0, 0, 118, 431
"d:\workshops\eShop\_bmad\wds\workflows\wds-4-ux-design\templates\design-delivery.template.yaml", "YAML", 0, 83, 0, 0, 0, 0, 0, 0, 0, 0, 0, 0, 0, 0, 0, 0, 0, 2, 20, 105
"d:\workshops\eShop\_bmad\wds\workflows\wds-4-ux-design\templates\diagnostic-report-template.md", "Markdown", 0, 0, 0, 0, 169, 0, 0, 0, 0, 0, 0, 0, 0, 0, 0, 0, 0, 0, 59, 228
"d:\workshops\eShop\_bmad\wds\workflows\wds-4-ux-design\templates\instructions\accessibility-audit.workflow.md", "Markdown", 0, 0, 0, 0, 116, 0, 0, 0, 0, 0, 0, 0, 0, 0, 0, 0, 0, 0, 51, 167
"d:\workshops\eShop\_bmad\wds\workflows\wds-4-ux-design\templates\instructions\accessibility.instructions.md", "Markdown", 0, 0, 0, 0, 73, 0, 0, 0, 0, 0, 0, 0, 0, 0, 0, 0, 0, 0, 30, 103
"d:\workshops\eShop\_bmad\wds\workflows\wds-4-ux-design\templates\instructions\data-api.instructions.md", "Markdown", 0, 0, 0, 0, 51, 0, 0, 0, 0, 0, 0, 0, 0, 0, 0, 0, 0, 0, 19, 70
"d:\workshops\eShop\_bmad\wds\workflows\wds-4-ux-design\templates\instructions\form-validation.instructions.md", "Markdown", 0, 0, 0, 0, 38, 0, 0, 0, 0, 0, 0, 0, 0, 0, 0, 0, 0, 0, 17, 55
"d:\workshops\eShop\_bmad\wds\workflows\wds-4-ux-design\templates\instructions\meta-content.instructions.md", "Markdown", 0, 0, 0, 0, 24, 0, 0, 0, 0, 0, 0, 0, 0, 0, 0, 0, 0, 0, 14, 38
"d:\workshops\eShop\_bmad\wds\workflows\wds-4-ux-design\templates\instructions\open-questions.instructions.md", "Markdown", 0, 0, 0, 0, 116, 0, 0, 0, 0, 0, 0, 0, 0, 0, 0, 0, 0, 0, 49, 165
"d:\workshops\eShop\_bmad\wds\workflows\wds-4-ux-design\templates\instructions\responsive.instructions.md", "Markdown", 0, 0, 0, 0, 41, 0, 0, 0, 0, 0, 0, 0, 0, 0, 0, 0, 0, 0, 24, 65
"d:\workshops\eShop\_bmad\wds\workflows\wds-4-ux-design\templates\instructions\seo-content.instructions.md", "Markdown", 0, 0, 0, 0, 108, 0, 0, 0, 0, 0, 0, 0, 0, 0, 0, 0, 0, 0, 56, 164
"d:\workshops\eShop\_bmad\wds\workflows\wds-4-ux-design\templates\page-specification.template.md", "Markdown", 0, 0, 0, 0, 163, 0, 0, 0, 0, 0, 0, 0, 0, 0, 0, 0, 0, 69, 83, 315
"d:\workshops\eShop\_bmad\wds\workflows\wds-4-ux-design\templates\scenario-overview.template.md", "Markdown", 0, 0, 0, 0, 99, 0, 0, 0, 0, 0, 0, 0, 0, 0, 0, 0, 0, 0, 61, 160
"d:\workshops\eShop\_bmad\wds\workflows\wds-4-ux-design\templates\storyboard-specification.template.md", "Markdown", 0, 0, 0, 0, 62, 0, 0, 0, 0, 0, 0, 0, 0, 0, 0, 0, 0, 0, 33, 95
"d:\workshops\eShop\_bmad\wds\workflows\wds-4-ux-design\templates\test-scenario.template.yaml", "YAML", 0, 148, 0, 0, 0, 0, 0, 0, 0, 0, 0, 0, 0, 0, 0, 0, 0, 11, 34, 193
"d:\workshops\eShop\_bmad\wds\workflows\wds-4-ux-design\workflow-conceptualize.md", "Markdown", 0, 0, 0, 0, 24, 0, 0, 0, 0, 0, 0, 0, 0, 0, 0, 0, 0, 0, 16, 40
"d:\workshops\eShop\_bmad\wds\workflows\wds-4-ux-design\workflow-design-system.md", "Markdown", 0, 0, 0, 0, 38, 0, 0, 0, 0, 0, 0, 0, 0, 0, 0, 0, 0, 0, 23, 61
"d:\workshops\eShop\_bmad\wds\workflows\wds-4-ux-design\workflow-dream.md", "Markdown", 0, 0, 0, 0, 95, 0, 0, 0, 0, 0, 0, 0, 0, 0, 0, 0, 0, 0, 50, 145
"d:\workshops\eShop\_bmad\wds\workflows\wds-4-ux-design\workflow-handover.md", "Markdown", 0, 0, 0, 0, 30, 0, 0, 0, 0, 0, 0, 0, 0, 0, 0, 0, 0, 0, 15, 45
"d:\workshops\eShop\_bmad\wds\workflows\wds-4-ux-design\workflow-sketch.md", "Markdown", 0, 0, 0, 0, 24, 0, 0, 0, 0, 0, 0, 0, 0, 0, 0, 0, 0, 0, 16, 40
"d:\workshops\eShop\_bmad\wds\workflows\wds-4-ux-design\workflow-specify.md", "Markdown", 0, 0, 0, 0, 34, 0, 0, 0, 0, 0, 0, 0, 0, 0, 0, 0, 0, 0, 16, 50
"d:\workshops\eShop\_bmad\wds\workflows\wds-4-ux-design\workflow-suggest.md", "Markdown", 0, 0, 0, 0, 79, 0, 0, 0, 0, 0, 0, 0, 0, 0, 0, 0, 0, 0, 39, 118
"d:\workshops\eShop\_bmad\wds\workflows\wds-4-ux-design\workflow-validate.md", "Markdown", 0, 0, 0, 0, 41, 0, 0, 0, 0, 0, 0, 0, 0, 0, 0, 0, 0, 0, 20, 61
"d:\workshops\eShop\_bmad\wds\workflows\wds-4-ux-design\workflow-visual.md", "Markdown", 0, 0, 0, 0, 33, 0, 0, 0, 0, 0, 0, 0, 0, 0, 0, 0, 0, 0, 17, 50
"d:\workshops\eShop\_bmad\wds\workflows\wds-4-ux-design\workflow.md", "Markdown", 0, 0, 0, 0, 138, 0, 0, 0, 0, 0, 0, 0, 0, 0, 0, 0, 0, 0, 66, 204
"d:\workshops\eShop\_bmad\wds\workflows\wds-5-agentic-development\SKILL.md", "Skill", 0, 0, 0, 0, 0, 0, 0, 0, 5, 0, 0, 0, 0, 0, 0, 0, 0, 0, 2, 7
"d:\workshops\eShop\_bmad\wds\workflows\wds-5-agentic-development\bmad-skill-manifest.yaml", "YAML", 0, 1, 0, 0, 0, 0, 0, 0, 0, 0, 0, 0, 0, 0, 0, 0, 0, 0, 1, 2
"d:\workshops\eShop\_bmad\wds\workflows\wds-5-agentic-development\data\guides\AGENTIC-DEVELOPMENT-GUIDE.md", "Markdown", 0, 0, 0, 0, 282, 0, 0, 0, 0, 0, 0, 0, 0, 0, 0, 0, 0, 0, 86, 368
"d:\workshops\eShop\_bmad\wds\workflows\wds-5-agentic-development\data\guides\CREATION-GUIDE.md", "Markdown", 0, 0, 0, 0, 871, 0, 0, 0, 0, 0, 0, 0, 0, 0, 0, 0, 0, 16, 262, 1149
"d:\workshops\eShop\_bmad\wds\workflows\wds-5-agentic-development\data\guides\EXECUTION-PRINCIPLES.md", "Markdown", 0, 0, 0, 0, 51, 0, 0, 0, 0, 0, 0, 0, 0, 0, 0, 0, 0, 0, 25, 76
"d:\workshops\eShop\_bmad\wds\workflows\wds-5-agentic-development\data\guides\FEEDBACK-PROTOCOL.md", "Markdown", 0, 0, 0, 0, 57, 0, 0, 0, 0, 0, 0, 0, 0, 0, 0, 0, 0, 0, 30, 87
"d:\workshops\eShop\_bmad\wds\workflows\wds-5-agentic-development\data\guides\FILE-INDEX.md", "Markdown", 0, 0, 0, 0, 167, 0, 0, 0, 0, 0, 0, 0, 0, 0, 0, 0, 0, 0, 46, 213
"d:\workshops\eShop\_bmad\wds\workflows\wds-5-agentic-development\data\guides\INLINE-TESTING-GUIDE.md", "Markdown", 0, 0, 0, 0, 134, 0, 0, 0, 0, 0, 0, 0, 0, 0, 0, 0, 0, 0, 57, 191
"d:\workshops\eShop\_bmad\wds\workflows\wds-5-agentic-development\data\guides\PROTOTYPE-ANALYSIS.md", "Markdown", 0, 0, 0, 0, 603, 0, 0, 0, 0, 0, 0, 0, 0, 0, 0, 0, 0, 8, 222, 833
"d:\workshops\eShop\_bmad\wds\workflows\wds-5-agentic-development\data\guides\PROTOTYPE-INITIATION-DIALOG.md", "Markdown", 0, 0, 0, 0, 311, 0, 0, 0, 0, 0, 0, 0, 0, 0, 0, 0, 0, 0, 99, 410
"d:\workshops\eShop\_bmad\wds\workflows\wds-5-agentic-development\data\guides\SEO-VALIDATION-GUIDE.md", "Markdown", 0, 0, 0, 0, 421, 0, 0, 0, 0, 0, 0, 0, 0, 0, 0, 0, 0, 0, 131, 552
"d:\workshops\eShop\_bmad\wds\workflows\wds-5-agentic-development\data\guides\SESSION-PROTOCOL.md", "Markdown", 0, 0, 0, 0, 32, 0, 0, 0, 0, 0, 0, 0, 0, 0, 0, 0, 0, 0, 15, 47
"d:\workshops\eShop\_bmad\wds\workflows\wds-5-agentic-development\data\issue-templates.md", "Markdown", 0, 0, 0, 0, 140, 0, 0, 0, 0, 0, 0, 0, 0, 0, 0, 0, 0, 0, 74, 214
"d:\workshops\eShop\_bmad\wds\workflows\wds-5-agentic-development\data\test-result-templates.md", "Markdown", 0, 0, 0, 0, 147, 0, 0, 0, 0, 0, 0, 0, 0, 0, 0, 0, 0, 0, 64, 211
"d:\workshops\eShop\_bmad\wds\workflows\wds-5-agentic-development\data\testing-guide.md", "Markdown", 0, 0, 0, 0, 472, 0, 0, 0, 0, 0, 0, 0, 0, 0, 0, 0, 0, 0, 211, 683
"d:\workshops\eShop\_bmad\wds\workflows\wds-5-agentic-development\steps-a\step-01-define-question.md", "Markdown", 0, 0, 0, 0, 101, 0, 0, 0, 0, 0, 0, 0, 0, 0, 0, 0, 0, 0, 45, 146
"d:\workshops\eShop\_bmad\wds\workflows\wds-5-agentic-development\steps-a\step-02-scan-codebase.md", "Markdown", 0, 0, 0, 0, 128, 0, 0, 0, 0, 0, 0, 0, 0, 0, 0, 0, 0, 0, 52, 180
"d:\workshops\eShop\_bmad\wds\workflows\wds-5-agentic-development\steps-a\step-03-map-architecture.md", "Markdown", 0, 0, 0, 0, 132, 0, 0, 0, 0, 0, 0, 0, 0, 0, 0, 0, 0, 0, 55, 187
"d:\workshops\eShop\_bmad\wds\workflows\wds-5-agentic-development\steps-a\step-04-document-findings.md", "Markdown", 0, 0, 0, 0, 167, 0, 0, 0, 0, 0, 0, 0, 0, 0, 0, 0, 0, 0, 76, 243
"d:\workshops\eShop\_bmad\wds\workflows\wds-5-agentic-development\steps-d\step-01-scope-and-plan.md", "Markdown", 0, 0, 0, 0, 109, 0, 0, 0, 0, 0, 0, 0, 0, 0, 0, 0, 0, 0, 49, 158
"d:\workshops\eShop\_bmad\wds\workflows\wds-5-agentic-development\steps-d\step-02-setup-environment.md", "Markdown", 0, 0, 0, 0, 115, 0, 0, 0, 0, 0, 0, 0, 0, 0, 0, 0, 0, 0, 53, 168
"d:\workshops\eShop\_bmad\wds\workflows\wds-5-agentic-development\steps-d\step-03-implement.md", "Markdown", 0, 0, 0, 0, 125, 0, 0, 0, 0, 0, 0, 0, 0, 0, 0, 0, 0, 0, 53, 178
"d:\workshops\eShop\_bmad\wds\workflows\wds-5-agentic-development\steps-d\step-04-verify.md", "Markdown", 0, 0, 0, 0, 126, 0, 0, 0, 0, 0, 0, 0, 0, 0, 0, 0, 0, 0, 52, 178
"d:\workshops\eShop\_bmad\wds\workflows\wds-5-agentic-development\steps-d\step-05-finalize.md", "Markdown", 0, 0, 0, 0, 128, 0, 0, 0, 0, 0, 0, 0, 0, 0, 0, 0, 0, 0, 55, 183
"d:\workshops\eShop\_bmad\wds\workflows\wds-5-agentic-development\steps-e\step-01-scope-change.md", "Markdown", 0, 0, 0, 0, 95, 0, 0, 0, 0, 0, 0, 0, 0, 0, 0, 0, 0, 0, 41, 136
"d:\workshops\eShop\_bmad\wds\workflows\wds-5-agentic-development\steps-e\step-02-analyze-impact.md", "Markdown", 0, 0, 0, 0, 96, 0, 0, 0, 0, 0, 0, 0, 0, 0, 0, 0, 0, 0, 41, 137
"d:\workshops\eShop\_bmad\wds\workflows\wds-5-agentic-development\steps-e\step-03-plan-implementation.md", "Markdown", 0, 0, 0, 0, 104, 0, 0, 0, 0, 0, 0, 0, 0, 0, 0, 0, 0, 0, 42, 146
"d:\workshops\eShop\_bmad\wds\workflows\wds-5-agentic-development\steps-e\step-04-implement.md", "Markdown", 0, 0, 0, 0, 99, 0, 0, 0, 0, 0, 0, 0, 0, 0, 0, 0, 0, 0, 41, 140
"d:\workshops\eShop\_bmad\wds\workflows\wds-5-agentic-development\steps-e\step-05-verify-and-document.md", "Markdown", 0, 0, 0, 0, 107, 0, 0, 0, 0, 0, 0, 0, 0, 0, 0, 0, 0, 0, 42, 149
"d:\workshops\eShop\_bmad\wds\workflows\wds-5-agentic-development\steps-f\step-01-reproduce.md", "Markdown", 0, 0, 0, 0, 97, 0, 0, 0, 0, 0, 0, 0, 0, 0, 0, 0, 0, 0, 40, 137
"d:\workshops\eShop\_bmad\wds\workflows\wds-5-agentic-development\steps-f\step-02-investigate.md", "Markdown", 0, 0, 0, 0, 98, 0, 0, 0, 0, 0, 0, 0, 0, 0, 0, 0, 0, 0, 40, 138
"d:\workshops\eShop\_bmad\wds\workflows\wds-5-agentic-development\steps-f\step-03-fix.md", "Markdown", 0, 0, 0, 0, 93, 0, 0, 0, 0, 0, 0, 0, 0, 0, 0, 0, 0, 0, 38, 131
"d:\workshops\eShop\_bmad\wds\workflows\wds-5-agentic-development\steps-f\step-04-verify.md", "Markdown", 0, 0, 0, 0, 95, 0, 0, 0, 0, 0, 0, 0, 0, 0, 0, 0, 0, 0, 40, 135
"d:\workshops\eShop\_bmad\wds\workflows\wds-5-agentic-development\steps-f\step-05-document.md", "Markdown", 0, 0, 0, 0, 95, 0, 0, 0, 0, 0, 0, 0, 0, 0, 0, 0, 0, 0, 40, 135
"d:\workshops\eShop\_bmad\wds\workflows\wds-5-agentic-development\steps-p\1-prototype-setup.md", "Markdown", 0, 0, 0, 0, 101, 0, 0, 0, 0, 0, 0, 0, 0, 0, 0, 0, 0, 0, 40, 141
"d:\workshops\eShop\_bmad\wds\workflows\wds-5-agentic-development\steps-p\2-scenario-analysis.md", "Markdown", 0, 0, 0, 0, 90, 0, 0, 0, 0, 0, 0, 0, 0, 0, 0, 0, 0, 0, 41, 131
"d:\workshops\eShop\_bmad\wds\workflows\wds-5-agentic-development\steps-p\3-logical-view-breakdown.md", "Markdown", 0, 0, 0, 0, 85, 0, 0, 0, 0, 0, 0, 0, 0, 0, 0, 0, 0, 0, 44, 129
"d:\workshops\eShop\_bmad\wds\workflows\wds-5-agentic-development\steps-p\4a-announce-and-gather.md", "Markdown", 0, 0, 0, 0, 77, 0, 0, 0, 0, 0, 0, 0, 0, 0, 0, 0, 0, 0, 35, 112
"d:\workshops\eShop\_bmad\wds\workflows\wds-5-agentic-development\steps-p\4b-create-story-file.md", "Markdown", 0, 0, 0, 0, 77, 0, 0, 0, 0, 0, 0, 0, 0, 0, 0, 0, 0, 0, 34, 111
"d:\workshops\eShop\_bmad\wds\workflows\wds-5-agentic-development\steps-p\4c-implement-section.md", "Markdown", 0, 0, 0, 0, 97, 0, 0, 0, 0, 0, 0, 0, 0, 0, 0, 0, 0, 0, 43, 140
"d:\workshops\eShop\_bmad\wds\workflows\wds-5-agentic-development\steps-p\4d-present-for-testing.md", "Markdown", 0, 0, 0, 0, 88, 0, 0, 0, 0, 0, 0, 0, 0, 0, 0, 0, 0, 0, 40, 128
"d:\workshops\eShop\_bmad\wds\workflows\wds-5-agentic-development\steps-p\4e-handle-issue.md", "Markdown", 0, 0, 0, 0, 87, 0, 0, 0, 0, 0, 0, 0, 0, 0, 0, 0, 0, 0, 41, 128
"d:\workshops\eShop\_bmad\wds\workflows\wds-5-agentic-development\steps-p\4f-handle-improvement.md", "Markdown", 0, 0, 0, 0, 83, 0, 0, 0, 0, 0, 0, 0, 0, 0, 0, 0, 0, 0, 40, 123
"d:\workshops\eShop\_bmad\wds\workflows\wds-5-agentic-development\steps-p\4g-section-approved.md", "Markdown", 0, 0, 0, 0, 82, 0, 0, 0, 0, 0, 0, 0, 0, 0, 0, 0, 0, 0, 41, 123
"d:\workshops\eShop\_bmad\wds\workflows\wds-5-agentic-development\steps-p\5-finalization.md", "Markdown", 0, 0, 0, 0, 98, 0, 0, 0, 0, 0, 0, 0, 0, 0, 0, 0, 0, 0, 40, 138
"d:\workshops\eShop\_bmad\wds\workflows\wds-5-agentic-development\steps-r\step-01-identify-target.md", "Markdown", 0, 0, 0, 0, 112, 0, 0, 0, 0, 0, 0, 0, 0, 0, 0, 0, 0, 0, 45, 157
"d:\workshops\eShop\_bmad\wds\workflows\wds-5-agentic-development\steps-r\step-02-explore-and-capture.md", "Markdown", 0, 0, 0, 0, 113, 0, 0, 0, 0, 0, 0, 0, 0, 0, 0, 0, 0, 0, 61, 174
"d:\workshops\eShop\_bmad\wds\workflows\wds-5-agentic-development\steps-r\step-03-generate-specs.md", "Markdown", 0, 0, 0, 0, 104, 0, 0, 0, 0, 0, 0, 0, 0, 0, 0, 0, 0, 0, 43, 147
"d:\workshops\eShop\_bmad\wds\workflows\wds-5-agentic-development\steps-r\step-04-extract-design-system.md", "Markdown", 0, 0, 0, 0, 100, 0, 0, 0, 0, 0, 0, 0, 0, 0, 0, 0, 0, 0, 46, 146
"d:\workshops\eShop\_bmad\wds\workflows\wds-5-agentic-development\steps-t\step-01-prepare.md", "Markdown", 0, 0, 0, 0, 136, 0, 0, 0, 0, 0, 0, 0, 0, 0, 0, 0, 0, 0, 47, 183
"d:\workshops\eShop\_bmad\wds\workflows\wds-5-agentic-development\steps-t\step-02-execute.md", "Markdown", 0, 0, 0, 0, 128, 0, 0, 0, 0, 0, 0, 0, 0, 0, 0, 0, 0, 0, 48, 176
"d:\workshops\eShop\_bmad\wds\workflows\wds-5-agentic-development\steps-t\step-03-document-issues.md", "Markdown", 0, 0, 0, 0, 97, 0, 0, 0, 0, 0, 0, 0, 0, 0, 0, 0, 0, 0, 42, 139
"d:\workshops\eShop\_bmad\wds\workflows\wds-5-agentic-development\steps-t\step-04-report.md", "Markdown", 0, 0, 0, 0, 93, 0, 0, 0, 0, 0, 0, 0, 0, 0, 0, 0, 0, 0, 40, 133
"d:\workshops\eShop\_bmad\wds\workflows\wds-5-agentic-development\steps-t\step-05-iterate.md", "Markdown", 0, 0, 0, 0, 90, 0, 0, 0, 0, 0, 0, 0, 0, 0, 0, 0, 0, 0, 38, 128
"d:\workshops\eShop\_bmad\wds\workflows\wds-5-agentic-development\templates\PROTOTYPE-ROADMAP-template.md", "Markdown", 0, 0, 0, 0, 281, 0, 0, 0, 0, 0, 0, 0, 0, 0, 0, 0, 0, 1, 101, 383
"d:\workshops\eShop\_bmad\wds\workflows\wds-5-agentic-development\templates\components\DEV-MODE-GUIDE.md", "Markdown", 0, 0, 0, 0, 123, 0, 0, 0, 0, 0, 0, 0, 0, 0, 0, 0, 0, 0, 67, 190
"d:\workshops\eShop\_bmad\wds\workflows\wds-5-agentic-development\templates\components\dev-mode.css", "PostCSS", 0, 0, 0, 0, 0, 0, 0, 0, 0, 0, 0, 0, 0, 128, 0, 0, 0, 17, 20, 165
"d:\workshops\eShop\_bmad\wds\workflows\wds-5-agentic-development\templates\components\dev-mode.html", "HTML", 0, 0, 0, 0, 0, 8, 0, 0, 0, 0, 0, 0, 0, 0, 0, 0, 0, 7, 4, 19
"d:\workshops\eShop\_bmad\wds\workflows\wds-5-agentic-development\templates\components\dev-mode.js", "JavaScript", 0, 0, 0, 0, 0, 0, 0, 0, 0, 0, 0, 0, 275, 0, 0, 0, 0, 83, 73, 431
"d:\workshops\eShop\_bmad\wds\workflows\wds-5-agentic-development\templates\demo-data-template.json", "JSON", 63, 0, 0, 0, 0, 0, 0, 0, 0, 0, 0, 0, 0, 0, 0, 0, 0, 0, 1, 64
"d:\workshops\eShop\_bmad\wds\workflows\wds-5-agentic-development\templates\page-template.html", "HTML", 0, 0, 0, 0, 0, 318, 0, 0, 0, 0, 0, 0, 0, 0, 0, 0, 0, 87, 61, 466
"d:\workshops\eShop\_bmad\wds\workflows\wds-5-agentic-development\templates\story-file-template.md", "Markdown", 0, 0, 0, 0, 124, 0, 0, 0, 0, 0, 0, 0, 0, 0, 0, 0, 0, 4, 64, 192
"d:\workshops\eShop\_bmad\wds\workflows\wds-5-agentic-development\templates\work-file-template.yaml", "YAML", 0, 175, 0, 0, 0, 0, 0, 0, 0, 0, 0, 0, 0, 0, 0, 0, 0, 47, 43, 265
"d:\workshops\eShop\_bmad\wds\workflows\wds-5-agentic-development\workflow-acceptance-testing.md", "Markdown", 0, 0, 0, 0, 47, 0, 0, 0, 0, 0, 0, 0, 0, 0, 0, 0, 0, 0, 26, 73
"d:\workshops\eShop\_bmad\wds\workflows\wds-5-agentic-development\workflow-analysis.md", "Markdown", 0, 0, 0, 0, 40, 0, 0, 0, 0, 0, 0, 0, 0, 0, 0, 0, 0, 0, 22, 62
"d:\workshops\eShop\_bmad\wds\workflows\wds-5-agentic-development\workflow-bugfixing.md", "Markdown", 0, 0, 0, 0, 43, 0, 0, 0, 0, 0, 0, 0, 0, 0, 0, 0, 0, 0, 22, 65
"d:\workshops\eShop\_bmad\wds\workflows\wds-5-agentic-development\workflow-development.md", "Markdown", 0, 0, 0, 0, 59, 0, 0, 0, 0, 0, 0, 0, 0, 0, 0, 0, 0, 0, 31, 90
"d:\workshops\eShop\_bmad\wds\workflows\wds-5-agentic-development\workflow-evolution.md", "Markdown", 0, 0, 0, 0, 43, 0, 0, 0, 0, 0, 0, 0, 0, 0, 0, 0, 0, 0, 22, 65
"d:\workshops\eShop\_bmad\wds\workflows\wds-5-agentic-development\workflow-prototyping.md", "Markdown", 0, 0, 0, 0, 59, 0, 0, 0, 0, 0, 0, 0, 0, 0, 0, 0, 0, 0, 26, 85
"d:\workshops\eShop\_bmad\wds\workflows\wds-5-agentic-development\workflow-reverse-engineering.md", "Markdown", 0, 0, 0, 0, 43, 0, 0, 0, 0, 0, 0, 0, 0, 0, 0, 0, 0, 0, 23, 66
"d:\workshops\eShop\_bmad\wds\workflows\wds-5-agentic-development\workflow.md", "Markdown", 0, 0, 0, 0, 65, 0, 0, 0, 0, 0, 0, 0, 0, 0, 0, 0, 0, 0, 32, 97
"d:\workshops\eShop\_bmad\wds\workflows\wds-6-asset-generation\SKILL.md", "Skill", 0, 0, 0, 0, 0, 0, 0, 0, 5, 0, 0, 0, 0, 0, 0, 0, 0, 0, 2, 7
"d:\workshops\eShop\_bmad\wds\workflows\wds-6-asset-generation\bmad-skill-manifest.yaml", "YAML", 0, 1, 0, 0, 0, 0, 0, 0, 0, 0, 0, 0, 0, 0, 0, 0, 0, 0, 1, 2
"d:\workshops\eShop\_bmad\wds\workflows\wds-6-asset-generation\data\00-purpose-examples.md", "Markdown", 0, 0, 0, 0, 95, 0, 0, 0, 0, 0, 0, 0, 0, 0, 0, 0, 0, 0, 37, 132
"d:\workshops\eShop\_bmad\wds\workflows\wds-6-asset-generation\data\03-action-filter-example.md", "Markdown", 0, 0, 0, 0, 74, 0, 0, 0, 0, 0, 0, 0, 0, 0, 0, 0, 0, 0, 24, 98
"d:\workshops\eShop\_bmad\wds\workflows\wds-6-asset-generation\data\04-badass-users-principles.md", "Markdown", 0, 0, 0, 0, 106, 0, 0, 0, 0, 0, 0, 0, 0, 0, 0, 0, 0, 0, 54, 160
"d:\workshops\eShop\_bmad\wds\workflows\wds-6-asset-generation\data\04-example-empowerment-frame.md", "Markdown", 0, 0, 0, 0, 65, 0, 0, 0, 0, 0, 0, 0, 0, 0, 0, 0, 0, 0, 24, 89
"d:\workshops\eShop\_bmad\wds\workflows\wds-6-asset-generation\data\05-example-golden-circle.md", "Markdown", 0, 0, 0, 0, 74, 0, 0, 0, 0, 0, 0, 0, 0, 0, 0, 0, 0, 0, 23, 97
"d:\workshops\eShop\_bmad\wds\workflows\wds-6-asset-generation\data\05-golden-circle-guide.md", "Markdown", 0, 0, 0, 0, 115, 0, 0, 0, 0, 0, 0, 0, 0, 0, 0, 0, 0, 0, 46, 161
"d:\workshops\eShop\_bmad\wds\workflows\wds-6-asset-generation\data\06-example-hairdresser-newsletter.md", "Markdown", 0, 0, 0, 0, 96, 0, 0, 0, 0, 0, 0, 0, 0, 0, 0, 0, 0, 0, 41, 137
"d:\workshops\eShop\_bmad\wds\workflows\wds-6-asset-generation\data\06-generation-instructions.md", "Markdown", 0, 0, 0, 0, 62, 0, 0, 0, 0, 0, 0, 0, 0, 0, 0, 0, 0, 0, 34, 96
"d:\workshops\eShop\_bmad\wds\workflows\wds-6-asset-generation\data\content-creation-workshop-guide.md", "Markdown", 0, 0, 0, 0, 236, 0, 0, 0, 0, 0, 0, 0, 0, 0, 0, 0, 0, 0, 84, 320
"d:\workshops\eShop\_bmad\wds\workflows\wds-6-asset-generation\data\figma-designer-guide.md", "Markdown", 0, 0, 0, 0, 465, 0, 0, 0, 0, 0, 0, 0, 0, 0, 0, 0, 0, 0, 223, 688
"d:\workshops\eShop\_bmad\wds\workflows\wds-6-asset-generation\data\figma-integration-guide.md", "Markdown", 0, 0, 0, 0, 24, 0, 0, 0, 0, 0, 0, 0, 0, 0, 0, 0, 0, 0, 14, 38
"d:\workshops\eShop\_bmad\wds\workflows\wds-6-asset-generation\data\figma-integration-summary.md", "Markdown", 0, 0, 0, 0, 339, 0, 0, 0, 0, 0, 0, 0, 0, 0, 0, 0, 0, 0, 120, 459
"d:\workshops\eShop\_bmad\wds\workflows\wds-6-asset-generation\data\figma-mcp-integration.md", "Markdown", 0, 0, 0, 0, 462, 0, 0, 0, 0, 0, 0, 0, 0, 0, 0, 0, 0, 0, 200, 662
"d:\workshops\eShop\_bmad\wds\workflows\wds-6-asset-generation\data\figma-plugin-setup.md", "Markdown", 0, 0, 0, 0, 37, 0, 0, 0, 0, 0, 0, 0, 0, 0, 0, 0, 0, 0, 19, 56
"d:\workshops\eShop\_bmad\wds\workflows\wds-6-asset-generation\data\figma-spec-preparation.md", "Markdown", 0, 0, 0, 0, 93, 0, 0, 0, 0, 0, 0, 0, 0, 0, 0, 0, 0, 0, 36, 129
"d:\workshops\eShop\_bmad\wds\workflows\wds-6-asset-generation\data\mcp-server-integration.md", "Markdown", 0, 0, 0, 0, 678, 0, 0, 0, 0, 0, 0, 0, 0, 0, 0, 0, 0, 3, 242, 923
"d:\workshops\eShop\_bmad\wds\workflows\wds-6-asset-generation\data\prototype-to-figma-workflow.md", "Markdown", 0, 0, 0, 0, 665, 0, 0, 0, 0, 0, 0, 0, 0, 0, 0, 0, 0, 3, 266, 934
"d:\workshops\eShop\_bmad\wds\workflows\wds-6-asset-generation\data\styles\content-styles\3d-render.md", "Markdown", 0, 0, 0, 0, 20, 0, 0, 0, 0, 0, 0, 0, 0, 0, 0, 0, 0, 0, 7, 27
"d:\workshops\eShop\_bmad\wds\workflows\wds-6-asset-generation\data\styles\content-styles\comic-book.md", "Markdown", 0, 0, 0, 0, 19, 0, 0, 0, 0, 0, 0, 0, 0, 0, 0, 0, 0, 0, 7, 26
"d:\workshops\eShop\_bmad\wds\workflows\wds-6-asset-generation\data\styles\content-styles\flat-design.md", "Markdown", 0, 0, 0, 0, 20, 0, 0, 0, 0, 0, 0, 0, 0, 0, 0, 0, 0, 0, 7, 27
"d:\workshops\eShop\_bmad\wds\workflows\wds-6-asset-generation\data\styles\content-styles\hyper-realistic.md", "Markdown", 0, 0, 0, 0, 20, 0, 0, 0, 0, 0, 0, 0, 0, 0, 0, 0, 0, 0, 7, 27
"d:\workshops\eShop\_bmad\wds\workflows\wds-6-asset-generation\data\styles\content-styles\illustration.md", "Markdown", 0, 0, 0, 0, 20, 0, 0, 0, 0, 0, 0, 0, 0, 0, 0, 0, 0, 0, 7, 27
"d:\workshops\eShop\_bmad\wds\workflows\wds-6-asset-generation\data\styles\content-styles\isometric.md", "Markdown", 0, 0, 0, 0, 20, 0, 0, 0, 0, 0, 0, 0, 0, 0, 0, 0, 0, 0, 7, 27
"d:\workshops\eShop\_bmad\wds\workflows\wds-6-asset-generation\data\styles\content-styles\line-art.md", "Markdown", 0, 0, 0, 0, 20, 0, 0, 0, 0, 0, 0, 0, 0, 0, 0, 0, 0, 0, 7, 27
"d:\workshops\eShop\_bmad\wds\workflows\wds-6-asset-generation\data\styles\content-styles\pencil-sketch.md", "Markdown", 0, 0, 0, 0, 19, 0, 0, 0, 0, 0, 0, 0, 0, 0, 0, 0, 0, 0, 7, 26
"d:\workshops\eShop\_bmad\wds\workflows\wds-6-asset-generation\data\styles\content-styles\photorealistic.md", "Markdown", 0, 0, 0, 0, 20, 0, 0, 0, 0, 0, 0, 0, 0, 0, 0, 0, 0, 0, 7, 27
"d:\workshops\eShop\_bmad\wds\workflows\wds-6-asset-generation\data\styles\content-styles\watercolor.md", "Markdown", 0, 0, 0, 0, 19, 0, 0, 0, 0, 0, 0, 0, 0, 0, 0, 0, 0, 0, 7, 26
"d:\workshops\eShop\_bmad\wds\workflows\wds-6-asset-generation\data\styles\design-styles\brutalist.md", "Markdown", 0, 0, 0, 0, 20, 0, 0, 0, 0, 0, 0, 0, 0, 0, 0, 0, 0, 0, 7, 27
"d:\workshops\eShop\_bmad\wds\workflows\wds-6-asset-generation\data\styles\design-styles\corporate.md", "Markdown", 0, 0, 0, 0, 20, 0, 0, 0, 0, 0, 0, 0, 0, 0, 0, 0, 0, 0, 7, 27
"d:\workshops\eShop\_bmad\wds\workflows\wds-6-asset-generation\data\styles\design-styles\editorial.md", "Markdown", 0, 0, 0, 0, 20, 0, 0, 0, 0, 0, 0, 0, 0, 0, 0, 0, 0, 0, 7, 27
"d:\workshops\eShop\_bmad\wds\workflows\wds-6-asset-generation\data\styles\design-styles\minimal.md", "Markdown", 0, 0, 0, 0, 20, 0, 0, 0, 0, 0, 0, 0, 0, 0, 0, 0, 0, 0, 7, 27
"d:\workshops\eShop\_bmad\wds\workflows\wds-6-asset-generation\data\styles\design-styles\organic.md", "Markdown", 0, 0, 0, 0, 20, 0, 0, 0, 0, 0, 0, 0, 0, 0, 0, 0, 0, 0, 7, 27
"d:\workshops\eShop\_bmad\wds\workflows\wds-6-asset-generation\data\styles\design-styles\playful.md", "Markdown", 0, 0, 0, 0, 20, 0, 0, 0, 0, 0, 0, 0, 0, 0, 0, 0, 0, 0, 7, 27
"d:\workshops\eShop\_bmad\wds\workflows\wds-6-asset-generation\data\tools-reference.md", "Markdown", 0, 0, 0, 0, 514, 0, 0, 0, 0, 0, 0, 0, 0, 0, 0, 0, 0, 5, 147, 666
"d:\workshops\eShop\_bmad\wds\workflows\wds-6-asset-generation\data\when-to-extract-decision-guide.md", "Markdown", 0, 0, 0, 0, 494, 0, 0, 0, 0, 0, 0, 0, 0, 0, 0, 0, 0, 0, 170, 664
"d:\workshops\eShop\_bmad\wds\workflows\wds-6-asset-generation\steps-c\step-00-define-purpose.md", "Markdown", 0, 0, 0, 0, 100, 0, 0, 0, 0, 0, 0, 0, 0, 0, 0, 0, 0, 0, 51, 151
"d:\workshops\eShop\_bmad\wds\workflows\wds-6-asset-generation\steps-c\step-01-load-trigger-map-context.md", "Markdown", 0, 0, 0, 0, 103, 0, 0, 0, 0, 0, 0, 0, 0, 0, 0, 0, 0, 0, 45, 148
"d:\workshops\eShop\_bmad\wds\workflows\wds-6-asset-generation\steps-c\step-02-awareness-strategy.md", "Markdown", 0, 0, 0, 0, 118, 0, 0, 0, 0, 0, 0, 0, 0, 0, 0, 0, 0, 0, 50, 168
"d:\workshops\eShop\_bmad\wds\workflows\wds-6-asset-generation\steps-c\step-03-action-filter.md", "Markdown", 0, 0, 0, 0, 109, 0, 0, 0, 0, 0, 0, 0, 0, 0, 0, 0, 0, 0, 50, 159
"d:\workshops\eShop\_bmad\wds\workflows\wds-6-asset-generation\steps-c\step-04-empowerment-frame.md", "Markdown", 0, 0, 0, 0, 117, 0, 0, 0, 0, 0, 0, 0, 0, 0, 0, 0, 0, 0, 51, 168
"d:\workshops\eShop\_bmad\wds\workflows\wds-6-asset-generation\steps-c\step-05-structural-order.md", "Markdown", 0, 0, 0, 0, 125, 0, 0, 0, 0, 0, 0, 0, 0, 0, 0, 0, 0, 0, 50, 175
"d:\workshops\eShop\_bmad\wds\workflows\wds-6-asset-generation\steps-c\step-06-generate-content.md", "Markdown", 0, 0, 0, 0, 87, 0, 0, 0, 0, 0, 0, 0, 0, 0, 0, 0, 0, 0, 49, 136
"d:\workshops\eShop\_bmad\wds\workflows\wds-6-asset-generation\steps-f\step-01-connection-check.md", "Markdown", 0, 0, 0, 0, 86, 0, 0, 0, 0, 0, 0, 0, 0, 0, 0, 0, 0, 0, 45, 131
"d:\workshops\eShop\_bmad\wds\workflows\wds-6-asset-generation\steps-f\step-02-identify-export-type.md", "Markdown", 0, 0, 0, 0, 71, 0, 0, 0, 0, 0, 0, 0, 0, 0, 0, 0, 0, 0, 38, 109
"d:\workshops\eShop\_bmad\wds\workflows\wds-6-asset-generation\steps-f\step-03-prepare-specifications.md", "Markdown", 0, 0, 0, 0, 79, 0, 0, 0, 0, 0, 0, 0, 0, 0, 0, 0, 0, 0, 42, 121
"d:\workshops\eShop\_bmad\wds\workflows\wds-6-asset-generation\steps-f\step-04-generate-validate.md", "Markdown", 0, 0, 0, 0, 81, 0, 0, 0, 0, 0, 0, 0, 0, 0, 0, 0, 0, 0, 41, 122
"d:\workshops\eShop\_bmad\wds\workflows\wds-6-asset-generation\steps-f\step-05-execute-export.md", "Markdown", 0, 0, 0, 0, 75, 0, 0, 0, 0, 0, 0, 0, 0, 0, 0, 0, 0, 0, 44, 119
"d:\workshops\eShop\_bmad\wds\workflows\wds-6-asset-generation\steps-i\step-01-load-context.md", "Markdown", 0, 0, 0, 0, 76, 0, 0, 0, 0, 0, 0, 0, 0, 0, 0, 0, 0, 0, 39, 115
"d:\workshops\eShop\_bmad\wds\workflows\wds-6-asset-generation\steps-i\step-02-inventory.md", "Markdown", 0, 0, 0, 0, 75, 0, 0, 0, 0, 0, 0, 0, 0, 0, 0, 0, 0, 0, 40, 115
"d:\workshops\eShop\_bmad\wds\workflows\wds-6-asset-generation\steps-i\step-03-select-style.md", "Markdown", 0, 0, 0, 0, 74, 0, 0, 0, 0, 0, 0, 0, 0, 0, 0, 0, 0, 0, 41, 115
"d:\workshops\eShop\_bmad\wds\workflows\wds-6-asset-generation\steps-i\step-04-generate.md", "Markdown", 0, 0, 0, 0, 77, 0, 0, 0, 0, 0, 0, 0, 0, 0, 0, 0, 0, 0, 42, 119
"d:\workshops\eShop\_bmad\wds\workflows\wds-6-asset-generation\steps-i\step-05-review.md", "Markdown", 0, 0, 0, 0, 78, 0, 0, 0, 0, 0, 0, 0, 0, 0, 0, 0, 0, 0, 47, 125
"d:\workshops\eShop\_bmad\wds\workflows\wds-6-asset-generation\steps-m\step-01-load-context.md", "Markdown", 0, 0, 0, 0, 76, 0, 0, 0, 0, 0, 0, 0, 0, 0, 0, 0, 0, 0, 41, 117
"d:\workshops\eShop\_bmad\wds\workflows\wds-6-asset-generation\steps-m\step-02-inventory.md", "Markdown", 0, 0, 0, 0, 65, 0, 0, 0, 0, 0, 0, 0, 0, 0, 0, 0, 0, 0, 39, 104
"d:\workshops\eShop\_bmad\wds\workflows\wds-6-asset-generation\steps-m\step-03-select-style.md", "Markdown", 0, 0, 0, 0, 67, 0, 0, 0, 0, 0, 0, 0, 0, 0, 0, 0, 0, 0, 39, 106
"d:\workshops\eShop\_bmad\wds\workflows\wds-6-asset-generation\steps-m\step-04-references.md", "Markdown", 0, 0, 0, 0, 69, 0, 0, 0, 0, 0, 0, 0, 0, 0, 0, 0, 0, 0, 41, 110
"d:\workshops\eShop\_bmad\wds\workflows\wds-6-asset-generation\steps-m\step-05-generate.md", "Markdown", 0, 0, 0, 0, 70, 0, 0, 0, 0, 0, 0, 0, 0, 0, 0, 0, 0, 0, 41, 111
"d:\workshops\eShop\_bmad\wds\workflows\wds-6-asset-generation\steps-m\step-06-review.md", "Markdown", 0, 0, 0, 0, 77, 0, 0, 0, 0, 0, 0, 0, 0, 0, 0, 0, 0, 0, 47, 124
"d:\workshops\eShop\_bmad\wds\workflows\wds-6-asset-generation\steps-p\step-01-load-context.md", "Markdown", 0, 0, 0, 0, 77, 0, 0, 0, 0, 0, 0, 0, 0, 0, 0, 0, 0, 0, 41, 118
"d:\workshops\eShop\_bmad\wds\workflows\wds-6-asset-generation\steps-p\step-02-inventory.md", "Markdown", 0, 0, 0, 0, 64, 0, 0, 0, 0, 0, 0, 0, 0, 0, 0, 0, 0, 0, 39, 103
"d:\workshops\eShop\_bmad\wds\workflows\wds-6-asset-generation\steps-p\step-03-select-style.md", "Markdown", 0, 0, 0, 0, 66, 0, 0, 0, 0, 0, 0, 0, 0, 0, 0, 0, 0, 0, 39, 105
"d:\workshops\eShop\_bmad\wds\workflows\wds-6-asset-generation\steps-p\step-04-generate.md", "Markdown", 0, 0, 0, 0, 69, 0, 0, 0, 0, 0, 0, 0, 0, 0, 0, 0, 0, 0, 41, 110
"d:\workshops\eShop\_bmad\wds\workflows\wds-6-asset-generation\steps-p\step-05-review.md", "Markdown", 0, 0, 0, 0, 73, 0, 0, 0, 0, 0, 0, 0, 0, 0, 0, 0, 0, 0, 45, 118
"d:\workshops\eShop\_bmad\wds\workflows\wds-6-asset-generation\steps-u\step-01-load-context.md", "Markdown", 0, 0, 0, 0, 72, 0, 0, 0, 0, 0, 0, 0, 0, 0, 0, 0, 0, 0, 39, 111
"d:\workshops\eShop\_bmad\wds\workflows\wds-6-asset-generation\steps-u\step-02-inventory.md", "Markdown", 0, 0, 0, 0, 67, 0, 0, 0, 0, 0, 0, 0, 0, 0, 0, 0, 0, 0, 39, 106
"d:\workshops\eShop\_bmad\wds\workflows\wds-6-asset-generation\steps-u\step-03-select-style.md", "Markdown", 0, 0, 0, 0, 65, 0, 0, 0, 0, 0, 0, 0, 0, 0, 0, 0, 0, 0, 39, 104
"d:\workshops\eShop\_bmad\wds\workflows\wds-6-asset-generation\steps-u\step-04-generate.md", "Markdown", 0, 0, 0, 0, 69, 0, 0, 0, 0, 0, 0, 0, 0, 0, 0, 0, 0, 0, 41, 110
"d:\workshops\eShop\_bmad\wds\workflows\wds-6-asset-generation\steps-u\step-05-review.md", "Markdown", 0, 0, 0, 0, 75, 0, 0, 0, 0, 0, 0, 0, 0, 0, 0, 0, 0, 0, 45, 120
"d:\workshops\eShop\_bmad\wds\workflows\wds-6-asset-generation\steps-v\step-01-load-context.md", "Markdown", 0, 0, 0, 0, 73, 0, 0, 0, 0, 0, 0, 0, 0, 0, 0, 0, 0, 0, 39, 112
"d:\workshops\eShop\_bmad\wds\workflows\wds-6-asset-generation\steps-v\step-02-inventory.md", "Markdown", 0, 0, 0, 0, 66, 0, 0, 0, 0, 0, 0, 0, 0, 0, 0, 0, 0, 0, 39, 105
"d:\workshops\eShop\_bmad\wds\workflows\wds-6-asset-generation\steps-v\step-03-select-style.md", "Markdown", 0, 0, 0, 0, 69, 0, 0, 0, 0, 0, 0, 0, 0, 0, 0, 0, 0, 0, 41, 110
"d:\workshops\eShop\_bmad\wds\workflows\wds-6-asset-generation\steps-v\step-04-generate.md", "Markdown", 0, 0, 0, 0, 72, 0, 0, 0, 0, 0, 0, 0, 0, 0, 0, 0, 0, 0, 41, 113
"d:\workshops\eShop\_bmad\wds\workflows\wds-6-asset-generation\steps-v\step-05-review.md", "Markdown", 0, 0, 0, 0, 75, 0, 0, 0, 0, 0, 0, 0, 0, 0, 0, 0, 0, 0, 47, 122
"d:\workshops\eShop\_bmad\wds\workflows\wds-6-asset-generation\steps-w\step-01-load-context.md", "Markdown", 0, 0, 0, 0, 75, 0, 0, 0, 0, 0, 0, 0, 0, 0, 0, 0, 0, 0, 39, 114
"d:\workshops\eShop\_bmad\wds\workflows\wds-6-asset-generation\steps-w\step-02-inventory.md", "Markdown", 0, 0, 0, 0, 62, 0, 0, 0, 0, 0, 0, 0, 0, 0, 0, 0, 0, 0, 37, 99
"d:\workshops\eShop\_bmad\wds\workflows\wds-6-asset-generation\steps-w\step-03-select-style.md", "Markdown", 0, 0, 0, 0, 67, 0, 0, 0, 0, 0, 0, 0, 0, 0, 0, 0, 0, 0, 39, 106
"d:\workshops\eShop\_bmad\wds\workflows\wds-6-asset-generation\steps-w\step-04-generate.md", "Markdown", 0, 0, 0, 0, 69, 0, 0, 0, 0, 0, 0, 0, 0, 0, 0, 0, 0, 0, 41, 110
"d:\workshops\eShop\_bmad\wds\workflows\wds-6-asset-generation\steps-w\step-05-review.md", "Markdown", 0, 0, 0, 0, 70, 0, 0, 0, 0, 0, 0, 0, 0, 0, 0, 0, 0, 0, 43, 113
"d:\workshops\eShop\_bmad\wds\workflows\wds-6-asset-generation\templates\content-output.template.md", "Markdown", 0, 0, 0, 0, 255, 0, 0, 0, 0, 0, 0, 0, 0, 0, 0, 0, 0, 0, 95, 350
"d:\workshops\eShop\_bmad\wds\workflows\wds-6-asset-generation\templates\stitch-prompt.template.md", "Markdown", 0, 0, 0, 0, 129, 0, 0, 0, 0, 0, 0, 0, 0, 0, 0, 0, 0, 0, 46, 175
"d:\workshops\eShop\_bmad\wds\workflows\wds-6-asset-generation\workflow-content.md", "Markdown", 0, 0, 0, 0, 34, 0, 0, 0, 0, 0, 0, 0, 0, 0, 0, 0, 0, 0, 16, 50
"d:\workshops\eShop\_bmad\wds\workflows\wds-6-asset-generation\workflow-figma.md", "Markdown", 0, 0, 0, 0, 51, 0, 0, 0, 0, 0, 0, 0, 0, 0, 0, 0, 0, 0, 23, 74
"d:\workshops\eShop\_bmad\wds\workflows\wds-6-asset-generation\workflow-icons.md", "Markdown", 0, 0, 0, 0, 25, 0, 0, 0, 0, 0, 0, 0, 0, 0, 0, 0, 0, 0, 14, 39
"d:\workshops\eShop\_bmad\wds\workflows\wds-6-asset-generation\workflow-images.md", "Markdown", 0, 0, 0, 0, 26, 0, 0, 0, 0, 0, 0, 0, 0, 0, 0, 0, 0, 0, 14, 40
"d:\workshops\eShop\_bmad\wds\workflows\wds-6-asset-generation\workflow-page-designs.md", "Markdown", 0, 0, 0, 0, 25, 0, 0, 0, 0, 0, 0, 0, 0, 0, 0, 0, 0, 0, 14, 39
"d:\workshops\eShop\_bmad\wds\workflows\wds-6-asset-generation\workflow-stitch.md", "Markdown", 0, 0, 0, 0, 91, 0, 0, 0, 0, 0, 0, 0, 0, 0, 0, 0, 0, 0, 55, 146
"d:\workshops\eShop\_bmad\wds\workflows\wds-6-asset-generation\workflow-ui-elements.md", "Markdown", 0, 0, 0, 0, 25, 0, 0, 0, 0, 0, 0, 0, 0, 0, 0, 0, 0, 0, 14, 39
"d:\workshops\eShop\_bmad\wds\workflows\wds-6-asset-generation\workflow-videos.md", "Markdown", 0, 0, 0, 0, 25, 0, 0, 0, 0, 0, 0, 0, 0, 0, 0, 0, 0, 0, 14, 39
"d:\workshops\eShop\_bmad\wds\workflows\wds-6-asset-generation\workflow-wireframes.md", "Markdown", 0, 0, 0, 0, 25, 0, 0, 0, 0, 0, 0, 0, 0, 0, 0, 0, 0, 0, 14, 39
"d:\workshops\eShop\_bmad\wds\workflows\wds-6-asset-generation\workflow.md", "Markdown", 0, 0, 0, 0, 109, 0, 0, 0, 0, 0, 0, 0, 0, 0, 0, 0, 0, 0, 47, 156
"d:\workshops\eShop\_bmad\wds\workflows\wds-7-design-system\SKILL.md", "Skill", 0, 0, 0, 0, 0, 0, 0, 0, 5, 0, 0, 0, 0, 0, 0, 0, 0, 0, 2, 7
"d:\workshops\eShop\_bmad\wds\workflows\wds-7-design-system\bmad-skill-manifest.yaml", "YAML", 0, 1, 0, 0, 0, 0, 0, 0, 0, 0, 0, 0, 0, 0, 0, 0, 0, 0, 1, 2
"d:\workshops\eShop\_bmad\wds\workflows\wds-7-design-system\data\design-system-guide.md", "Markdown", 0, 0, 0, 0, 235, 0, 0, 0, 0, 0, 0, 0, 0, 0, 0, 0, 0, 0, 119, 354
"d:\workshops\eShop\_bmad\wds\workflows\wds-7-design-system\steps-c\step-01-scan-existing.md", "Markdown", 0, 0, 0, 0, 87, 0, 0, 0, 0, 0, 0, 0, 0, 0, 0, 0, 0, 0, 44, 131
"d:\workshops\eShop\_bmad\wds\workflows\wds-7-design-system\steps-c\step-02-compare-attributes.md", "Markdown", 0, 0, 0, 0, 260, 0, 0, 0, 0, 0, 0, 0, 0, 0, 0, 0, 0, 0, 110, 370
"d:\workshops\eShop\_bmad\wds\workflows\wds-7-design-system\steps-c\step-03-calculate-similarity.md", "Markdown", 0, 0, 0, 0, 286, 0, 0, 0, 0, 0, 0, 0, 0, 0, 0, 0, 0, 0, 154, 440
"d:\workshops\eShop\_bmad\wds\workflows\wds-7-design-system\steps-c\step-04-identify-opportunities.md", "Markdown", 0, 0, 0, 0, 294, 0, 0, 0, 0, 0, 0, 0, 0, 0, 0, 0, 0, 0, 128, 422
"d:\workshops\eShop\_bmad\wds\workflows\wds-7-design-system\steps-c\step-05-identify-risks.md", "Markdown", 0, 0, 0, 0, 312, 0, 0, 0, 0, 0, 0, 0, 0, 0, 0, 0, 0, 0, 128, 440
"d:\workshops\eShop\_bmad\wds\workflows\wds-7-design-system\steps-c\step-06-present-decision.md", "Markdown", 0, 0, 0, 0, 338, 0, 0, 0, 0, 0, 0, 0, 0, 0, 0, 0, 0, 0, 180, 518
"d:\workshops\eShop\_bmad\wds\workflows\wds-7-design-system\steps-c\step-07-execute-decision.md", "Markdown", 0, 0, 0, 0, 420, 0, 0, 0, 0, 0, 0, 0, 0, 0, 0, 0, 0, 0, 190, 610
"d:\workshops\eShop\_bmad\wds\workflows\wds-7-design-system\steps-c\step-08a-initialize-design-system.md", "Markdown", 0, 0, 0, 0, 371, 0, 0, 0, 0, 0, 0, 0, 0, 0, 0, 0, 0, 0, 181, 552
"d:\workshops\eShop\_bmad\wds\workflows\wds-7-design-system\steps-c\step-08b-create-new-component.md", "Markdown", 0, 0, 0, 0, 532, 0, 0, 0, 0, 0, 0, 0, 0, 0, 0, 0, 0, 0, 264, 796
"d:\workshops\eShop\_bmad\wds\workflows\wds-7-design-system\steps-c\step-08c-update-component.md", "Markdown", 0, 0, 0, 0, 439, 0, 0, 0, 0, 0, 0, 0, 0, 0, 0, 0, 0, 0, 227, 666
"d:\workshops\eShop\_bmad\wds\workflows\wds-7-design-system\steps-c\step-08d-add-variant.md", "Markdown", 0, 0, 0, 0, 386, 0, 0, 0, 0, 0, 0, 0, 0, 0, 0, 0, 0, 0, 189, 575
"d:\workshops\eShop\_bmad\wds\workflows\wds-7-design-system\steps-c\step-08e-generate-catalog.md", "Markdown", 0, 0, 0, 0, 540, 0, 0, 0, 0, 0, 0, 0, 0, 0, 0, 0, 0, 7, 209, 756
"d:\workshops\eShop\_bmad\wds\workflows\wds-7-design-system\templates\catalog.template.html", "HTML", 0, 0, 0, 0, 0, 303, 0, 0, 0, 0, 0, 0, 0, 0, 0, 0, 0, 11, 50, 364
"d:\workshops\eShop\_bmad\wds\workflows\wds-7-design-system\templates\component-library-config.template.md", "Markdown", 0, 0, 0, 0, 45, 0, 0, 0, 0, 0, 0, 0, 0, 0, 0, 0, 0, 0, 21, 66
"d:\workshops\eShop\_bmad\wds\workflows\wds-7-design-system\templates\component.template.md", "Markdown", 0, 0, 0, 0, 75, 0, 0, 0, 0, 0, 0, 0, 0, 0, 0, 0, 0, 0, 60, 135
"d:\workshops\eShop\_bmad\wds\workflows\wds-7-design-system\templates\design-tokens.template.md", "Markdown", 0, 0, 0, 0, 126, 0, 0, 0, 0, 0, 0, 0, 0, 0, 0, 0, 0, 0, 43, 169
"d:\workshops\eShop\_bmad\wds\workflows\wds-7-design-system\workflow-browse.md", "Markdown", 0, 0, 0, 0, 58, 0, 0, 0, 0, 0, 0, 0, 0, 0, 0, 0, 0, 0, 30, 88
"d:\workshops\eShop\_bmad\wds\workflows\wds-7-design-system\workflow-create.md", "Markdown", 0, 0, 0, 0, 46, 0, 0, 0, 0, 0, 0, 0, 0, 0, 0, 0, 0, 0, 26, 72
"d:\workshops\eShop\_bmad\wds\workflows\wds-7-design-system\workflow-edit.md", "Markdown", 0, 0, 0, 0, 53, 0, 0, 0, 0, 0, 0, 0, 0, 0, 0, 0, 0, 0, 29, 82
"d:\workshops\eShop\_bmad\wds\workflows\wds-7-design-system\workflow-import.md", "Markdown", 0, 0, 0, 0, 51, 0, 0, 0, 0, 0, 0, 0, 0, 0, 0, 0, 0, 0, 29, 80
"d:\workshops\eShop\_bmad\wds\workflows\wds-7-design-system\workflow-view.md", "Markdown", 0, 0, 0, 0, 45, 0, 0, 0, 0, 0, 0, 0, 0, 0, 0, 0, 0, 0, 24, 69
"d:\workshops\eShop\_bmad\wds\workflows\wds-7-design-system\workflow.md", "Markdown", 0, 0, 0, 0, 77, 0, 0, 0, 0, 0, 0, 0, 0, 0, 0, 0, 0, 0, 40, 117
"d:\workshops\eShop\_bmad\wds\workflows\wds-8-product-evolution\SKILL.md", "Skill", 0, 0, 0, 0, 0, 0, 0, 0, 5, 0, 0, 0, 0, 0, 0, 0, 0, 0, 2, 7
"d:\workshops\eShop\_bmad\wds\workflows\wds-8-product-evolution\bmad-skill-manifest.yaml", "YAML", 0, 1, 0, 0, 0, 0, 0, 0, 0, 0, 0, 0, 0, 0, 0, 0, 0, 0, 1, 2
"d:\workshops\eShop\_bmad\wds\workflows\wds-8-product-evolution\data\context-templates.md", "Markdown", 0, 0, 0, 0, 272, 0, 0, 0, 0, 0, 0, 0, 0, 0, 0, 0, 0, 0, 138, 410
"d:\workshops\eShop\_bmad\wds\workflows\wds-8-product-evolution\data\delivery-templates.md", "Markdown", 0, 0, 0, 0, 277, 0, 0, 0, 0, 0, 0, 0, 0, 0, 0, 0, 0, 0, 81, 358
"d:\workshops\eShop\_bmad\wds\workflows\wds-8-product-evolution\data\design-templates.md", "Markdown", 0, 0, 0, 0, 210, 0, 0, 0, 0, 0, 0, 0, 0, 0, 0, 0, 0, 0, 103, 313
"d:\workshops\eShop\_bmad\wds\workflows\wds-8-product-evolution\data\existing-product-guide.md", "Markdown", 0, 0, 0, 0, 644, 0, 0, 0, 0, 0, 0, 0, 0, 0, 0, 0, 0, 0, 286, 930
"d:\workshops\eShop\_bmad\wds\workflows\wds-8-product-evolution\data\kaizen-iteration-guide.md", "Markdown", 0, 0, 0, 0, 103, 0, 0, 0, 0, 0, 0, 0, 0, 0, 0, 0, 0, 0, 65, 168
"d:\workshops\eShop\_bmad\wds\workflows\wds-8-product-evolution\data\kaizen-principles.md", "Markdown", 0, 0, 0, 0, 195, 0, 0, 0, 0, 0, 0, 0, 0, 0, 0, 0, 0, 0, 82, 277
"d:\workshops\eShop\_bmad\wds\workflows\wds-8-product-evolution\data\monitoring-guide.md", "Markdown", 0, 0, 0, 0, 98, 0, 0, 0, 0, 0, 0, 0, 0, 0, 0, 0, 0, 0, 59, 157
"d:\workshops\eShop\_bmad\wds\workflows\wds-8-product-evolution\data\monitoring-templates.md", "Markdown", 0, 0, 0, 0, 270, 0, 0, 0, 0, 0, 0, 0, 0, 0, 0, 0, 0, 0, 119, 389
"d:\workshops\eShop\_bmad\wds\workflows\wds-8-product-evolution\steps-a\step-01-identify.md", "Markdown", 0, 0, 0, 0, 97, 0, 0, 0, 0, 0, 0, 0, 0, 0, 0, 0, 0, 0, 52, 149
"d:\workshops\eShop\_bmad\wds\workflows\wds-8-product-evolution\steps-a\step-02-gather-context.md", "Markdown", 0, 0, 0, 0, 147, 0, 0, 0, 0, 0, 0, 0, 0, 0, 0, 0, 0, 0, 67, 214
"d:\workshops\eShop\_bmad\wds\workflows\wds-8-product-evolution\steps-d\step-01-design-update.md", "Markdown", 0, 0, 0, 0, 167, 0, 0, 0, 0, 0, 0, 0, 0, 0, 0, 0, 0, 0, 74, 241
"d:\workshops\eShop\_bmad\wds\workflows\wds-8-product-evolution\steps-p\step-01-create-delivery.md", "Markdown", 0, 0, 0, 0, 224, 0, 0, 0, 0, 0, 0, 0, 0, 0, 0, 0, 0, 0, 85, 309
"d:\workshops\eShop\_bmad\wds\workflows\wds-8-product-evolution\steps-p\step-02-hand-off.md", "Markdown", 0, 0, 0, 0, 172, 0, 0, 0, 0, 0, 0, 0, 0, 0, 0, 0, 0, 0, 73, 245
"d:\workshops\eShop\_bmad\wds\workflows\wds-8-product-evolution\steps-t\step-01-validate.md", "Markdown", 0, 0, 0, 0, 229, 0, 0, 0, 0, 0, 0, 0, 0, 0, 0, 0, 0, 0, 109, 338
"d:\workshops\eShop\_bmad\wds\workflows\wds-8-product-evolution\workflow-analyze.md", "Markdown", 0, 0, 0, 0, 46, 0, 0, 0, 0, 0, 0, 0, 0, 0, 0, 0, 0, 0, 26, 72
"d:\workshops\eShop\_bmad\wds\workflows\wds-8-product-evolution\workflow-deploy.md", "Markdown", 0, 0, 0, 0, 62, 0, 0, 0, 0, 0, 0, 0, 0, 0, 0, 0, 0, 0, 32, 94
"d:\workshops\eShop\_bmad\wds\workflows\wds-8-product-evolution\workflow-design.md", "Markdown", 0, 0, 0, 0, 57, 0, 0, 0, 0, 0, 0, 0, 0, 0, 0, 0, 0, 0, 33, 90
"d:\workshops\eShop\_bmad\wds\workflows\wds-8-product-evolution\workflow-implement.md", "Markdown", 0, 0, 0, 0, 52, 0, 0, 0, 0, 0, 0, 0, 0, 0, 0, 0, 0, 0, 29, 81
"d:\workshops\eShop\_bmad\wds\workflows\wds-8-product-evolution\workflow-scope.md", "Markdown", 0, 0, 0, 0, 58, 0, 0, 0, 0, 0, 0, 0, 0, 0, 0, 0, 0, 0, 33, 91
"d:\workshops\eShop\_bmad\wds\workflows\wds-8-product-evolution\workflow-test.md", "Markdown", 0, 0, 0, 0, 58, 0, 0, 0, 0, 0, 0, 0, 0, 0, 0, 0, 0, 0, 31, 89
"d:\workshops\eShop\_bmad\wds\workflows\wds-8-product-evolution\workflow.md", "Markdown", 0, 0, 0, 0, 68, 0, 0, 0, 0, 0, 0, 0, 0, 0, 0, 0, 0, 0, 31, 99
"d:\workshops\eShop\build\acr-build\queue-all.ps1", "PowerShell", 0, 0, 0, 0, 0, 0, 0, 0, 0, 0, 30, 0, 0, 0, 0, 0, 0, 0, 4, 34
"d:\workshops\eShop\build\local\open-aspire-dashboard.ps1", "PowerShell", 0, 0, 0, 0, 0, 0, 0, 0, 0, 0, 66, 0, 0, 0, 0, 0, 0, 0, 16, 82
"d:\workshops\eShop\build\local\run-local.ps1", "PowerShell", 0, 0, 0, 0, 0, 0, 0, 0, 0, 0, 54, 0, 0, 0, 0, 0, 0, 1, 10, 65
"d:\workshops\eShop\build\multiarch-manifests\create-manifests.ps1", "PowerShell", 0, 0, 0, 0, 0, 0, 0, 0, 0, 0, 21, 0, 0, 0, 0, 0, 0, 0, 5, 26
"d:\workshops\eShop\ci.yml", "YAML", 0, 41, 0, 0, 0, 0, 0, 0, 0, 0, 0, 0, 0, 0, 0, 0, 0, 2, 3, 46
"d:\workshops\eShop\docs\LOCAL_SETUP.md", "Markdown", 0, 0, 0, 0, 148, 0, 0, 0, 0, 0, 0, 0, 0, 0, 0, 0, 0, 0, 67, 215
"d:\workshops\eShop\docs\adr\ADR-001.md", "Markdown", 0, 0, 0, 0, 18, 0, 0, 0, 0, 0, 0, 0, 0, 0, 0, 0, 0, 0, 7, 25
"d:\workshops\eShop\docs\adr\ADR-002.md", "Markdown", 0, 0, 0, 0, 18, 0, 0, 0, 0, 0, 0, 0, 0, 0, 0, 0, 0, 0, 7, 25
"d:\workshops\eShop\docs\adr\ADR-003.md", "Markdown", 0, 0, 0, 0, 18, 0, 0, 0, 0, 0, 0, 0, 0, 0, 0, 0, 0, 0, 7, 25
"d:\workshops\eShop\docs\adr\ADR-004.md", "Markdown", 0, 0, 0, 0, 18, 0, 0, 0, 0, 0, 0, 0, 0, 0, 0, 0, 0, 0, 7, 25
"d:\workshops\eShop\docs\plan\eshop-improvements-remaining\plan.yaml", "YAML", 0, 385, 0, 0, 0, 0, 0, 0, 0, 0, 0, 0, 0, 0, 0, 0, 0, 0, 15, 400
"d:\workshops\eShop\docs\plan\eshop-improvements\plan.yaml", "YAML", 0, 399, 0, 0, 0, 0, 0, 0, 0, 0, 0, 0, 0, 0, 0, 0, 0, 0, 17, 416
"d:\workshops\eShop\e2e\AddItemTest.spec.ts", "TypeScript", 0, 0, 0, 0, 0, 0, 12, 0, 0, 0, 0, 0, 0, 0, 0, 0, 0, 0, 4, 16
"d:\workshops\eShop\e2e\BrowseItemTest.spec.ts", "TypeScript", 0, 0, 0, 0, 0, 0, 8, 0, 0, 0, 0, 0, 0, 0, 0, 0, 0, 1, 4, 13
"d:\workshops\eShop\e2e\CheckoutFlowTest.spec.ts", "TypeScript", 0, 0, 0, 0, 0, 0, 11, 0, 0, 0, 0, 0, 0, 0, 0, 0, 0, 0, 4, 15
"d:\workshops\eShop\e2e\RemoveItemTest.spec.ts", "TypeScript", 0, 0, 0, 0, 0, 0, 14, 0, 0, 0, 0, 0, 0, 0, 0, 0, 0, 0, 7, 21
"d:\workshops\eShop\e2e\SessionPersistenceTest.spec.ts", "TypeScript", 0, 0, 0, 0, 0, 0, 13, 0, 0, 0, 0, 0, 0, 0, 0, 0, 0, 0, 6, 19
"d:\workshops\eShop\e2e\login.setup.ts", "TypeScript", 0, 0, 0, 0, 0, 0, 16, 0, 0, 0, 0, 0, 0, 0, 0, 0, 0, 0, 5, 21
"d:\workshops\eShop\eShop.slnx", "XML", 0, 0, 0, 36, 0, 0, 0, 0, 0, 0, 0, 0, 0, 0, 0, 0, 0, 0, 0, 36
"d:\workshops\eShop\es-metadata.yml", "YAML", 0, 8, 0, 0, 0, 0, 0, 0, 0, 0, 0, 0, 0, 0, 0, 0, 0, 0, 1, 9
"d:\workshops\eShop\global.json", "JSON", 13, 0, 0, 0, 0, 0, 0, 0, 0, 0, 0, 0, 0, 0, 0, 0, 0, 0, 1, 14
"d:\workshops\eShop\package-lock.json", "JSON", 104, 0, 0, 0, 0, 0, 0, 0, 0, 0, 0, 0, 0, 0, 0, 0, 0, 0, 1, 105
"d:\workshops\eShop\package.json", "JSON", 17, 0, 0, 0, 0, 0, 0, 0, 0, 0, 0, 0, 0, 0, 0, 0, 0, 0, 1, 18
"d:\workshops\eShop\playwright.config.ts", "TypeScript", 0, 0, 0, 0, 0, 0, 82, 0, 0, 0, 0, 0, 0, 0, 0, 0, 0, 43, 12, 137
"d:\workshops\eShop\src\Basket.API\Basket.API.csproj", "XML", 0, 0, 0, 21, 0, 0, 0, 0, 0, 0, 0, 0, 0, 0, 0, 0, 0, 0, 4, 25
"d:\workshops\eShop\src\Basket.API\Extensions\Extensions.cs", "C#", 0, 0, 0, 0, 0, 0, 0, 0, 0, 0, 0, 0, 0, 0, 21, 0, 0, 0, 8, 29
"d:\workshops\eShop\src\Basket.API\Extensions\ServerCallContextIdentityExtensions.cs", "C#", 0, 0, 0, 0, 0, 0, 0, 0, 0, 0, 0, 0, 0, 0, 7, 0, 0, 0, 3, 10
"d:\workshops\eShop\src\Basket.API\GlobalUsings.cs", "C#", 0, 0, 0, 0, 0, 0, 0, 0, 0, 0, 0, 0, 0, 0, 11, 0, 0, 0, 1, 12
"d:\workshops\eShop\src\Basket.API\Grpc\BasketService.cs", "C#", 0, 0, 0, 0, 0, 0, 0, 0, 0, 0, 0, 0, 0, 0, 91, 0, 0, 0, 21, 112
"d:\workshops\eShop\src\Basket.API\IntegrationEvents\EventHandling\OrderStartedIntegrationEventHandler.cs", "C#", 0, 0, 0, 0, 0, 0, 0, 0, 0, 0, 0, 0, 0, 0, 13, 0, 0, 0, 4, 17
"d:\workshops\eShop\src\Basket.API\IntegrationEvents\Events\OrderStartedIntegrationEvent.cs", "C#", 0, 0, 0, 0, 0, 0, 0, 0, 0, 0, 0, 0, 0, 0, 2, 0, 0, 3, 2, 7
"d:\workshops\eShop\src\Basket.API\Model\BasketItem.cs", "C#", 0, 0, 0, 0, 0, 0, 0, 0, 0, 0, 0, 0, 0, 0, 20, 0, 0, 0, 5, 25
"d:\workshops\eShop\src\Basket.API\Model\CustomerBasket.cs", "C#", 0, 0, 0, 0, 0, 0, 0, 0, 0, 0, 0, 0, 0, 0, 11, 0, 0, 0, 5, 16
"d:\workshops\eShop\src\Basket.API\Program.cs", "C#", 0, 0, 0, 0, 0, 0, 0, 0, 0, 0, 0, 0, 0, 0, 8, 0, 0, 0, 7, 15
"d:\workshops\eShop\src\Basket.API\Properties\launchSettings.json", "JSON", 13, 0, 0, 0, 0, 0, 0, 0, 0, 0, 0, 0, 0, 0, 0, 0, 0, 0, 0, 13
"d:\workshops\eShop\src\Basket.API\Repositories\IBasketRepository.cs", "C#", 0, 0, 0, 0, 0, 0, 0, 0, 0, 0, 0, 0, 0, 0, 8, 0, 0, 0, 3, 11
"d:\workshops\eShop\src\Basket.API\Repositories\RedisBasketRepository.cs", "C#", 0, 0, 0, 0, 0, 0, 0, 0, 0, 0, 0, 0, 0, 0, 39, 0, 0, 3, 15, 57
"d:\workshops\eShop\src\Basket.API\appsettings.Development.json", "JSON", 2, 0, 0, 0, 0, 0, 0, 0, 0, 0, 0, 0, 0, 0, 0, 0, 0, 0, 1, 3
"d:\workshops\eShop\src\Basket.API\appsettings.Production.json", "JSON", 24, 0, 0, 0, 0, 0, 0, 0, 0, 0, 0, 0, 0, 0, 0, 0, 0, 0, 0, 24
"d:\workshops\eShop\src\Basket.API\appsettings.json", "JSON", 23, 0, 0, 0, 0, 0, 0, 0, 0, 0, 0, 0, 0, 0, 0, 0, 0, 0, 1, 24
"d:\workshops\eShop\src\Catalog.API\Apis\CatalogApi.cs", "C#", 0, 0, 0, 0, 0, 0, 0, 0, 0, 0, 0, 0, 0, 0, 378, 0, 0, 13, 57, 448
"d:\workshops\eShop\src\Catalog.API\Catalog.API.csproj", "XML", 0, 0, 0, 43, 0, 0, 0, 0, 0, 0, 0, 0, 0, 0, 0, 0, 0, 1, 10, 54
"d:\workshops\eShop\src\Catalog.API\Catalog.API.json", "JSON", 1130, 0, 0, 0, 0, 0, 0, 0, 0, 0, 0, 0, 0, 0, 0, 0, 0, 0, 0, 1130
"d:\workshops\eShop\src\Catalog.API\Catalog.API_v2.json", "JSON", 907, 0, 0, 0, 0, 0, 0, 0, 0, 0, 0, 0, 0, 0, 0, 0, 0, 0, 0, 907
"d:\workshops\eShop\src\Catalog.API\CatalogOptions.cs", "C#", 0, 0, 0, 0, 0, 0, 0, 0, 0, 0, 0, 0, 0, 0, 6, 0, 0, 0, 2, 8
"d:\workshops\eShop\src\Catalog.API\Extensions\Extensions.cs", "C#", 0, 0, 0, 0, 0, 0, 0, 0, 0, 0, 0, 0, 0, 0, 38, 0, 0, 4, 10, 52
"d:\workshops\eShop\src\Catalog.API\Extensions\HostEnvironmentExtensions.cs", "C#", 0, 0, 0, 0, 0, 0, 0, 0, 0, 0, 0, 0, 0, 0, 9, 0, 0, 3, 3, 15
"d:\workshops\eShop\src\Catalog.API\GlobalUsings.cs", "C#", 0, 0, 0, 0, 0, 0, 0, 0, 0, 0, 0, 0, 0, 0, 20, 0, 0, 0, 1, 21
"d:\workshops\eShop\src\Catalog.API\Infrastructure\CatalogContext.cs", "C#", 0, 0, 0, 0, 0, 0, 0, 0, 0, 0, 0, 0, 0, 0, 18, 0, 0, 6, 5, 29
"d:\workshops\eShop\src\Catalog.API\Infrastructure\CatalogContextSeed.cs", "C#", 0, 0, 0, 0, 0, 0, 0, 0, 0, 0, 0, 0, 0, 0, 73, 0, 0, 1, 13, 87
"d:\workshops\eShop\src\Catalog.API\Infrastructure\EntityConfigurations\CatalogBrandEntityTypeConfiguration.cs", "C#", 0, 0, 0, 0, 0, 0, 0, 0, 0, 0, 0, 0, 0, 0, 11, 0, 0, 0, 3, 14
"d:\workshops\eShop\src\Catalog.API\Infrastructure\EntityConfigurations\CatalogItemEntityTypeConfiguration.cs", "C#", 0, 0, 0, 0, 0, 0, 0, 0, 0, 0, 0, 0, 0, 0, 18, 0, 0, 0, 7, 25
"d:\workshops\eShop\src\Catalog.API\Infrastructure\EntityConfigurations\CatalogTypeEntityTypeConfiguration.cs", "C#", 0, 0, 0, 0, 0, 0, 0, 0, 0, 0, 0, 0, 0, 0, 11, 0, 0, 0, 3, 14
"d:\workshops\eShop\src\Catalog.API\Infrastructure\Exceptions\CatalogDomainException.cs", "C#", 0, 0, 0, 0, 0, 0, 0, 0, 0, 0, 0, 0, 0, 0, 12, 0, 0, 3, 4, 19
"d:\workshops\eShop\src\Catalog.API\Infrastructure\Migrations\20231009153249_Initial.Designer.cs", "C#", 0, 0, 0, 0, 0, 0, 0, 0, 0, 0, 0, 0, 0, 0, 108, 0, 0, 2, 38, 148
"d:\workshops\eShop\src\Catalog.API\Infrastructure\Migrations\20231009153249_Initial.cs", "C#", 0, 0, 0, 0, 0, 0, 0, 0, 0, 0, 0, 0, 0, 0, 101, 0, 0, 3, 17, 121
"d:\workshops\eShop\src\Catalog.API\Infrastructure\Migrations\20231018163051_RemoveHiLoAndIndexCatalogName.Designer.cs", "C#", 0, 0, 0, 0, 0, 0, 0, 0, 0, 0, 0, 0, 0, 0, 103, 0, 0, 2, 36, 141
"d:\workshops\eShop\src\Catalog.API\Infrastructure\Migrations\20231018163051_RemoveHiLoAndIndexCatalogName.cs", "C#", 0, 0, 0, 0, 0, 0, 0, 0, 0, 0, 0, 0, 0, 0, 85, 0, 0, 3, 16, 104
"d:\workshops\eShop\src\Catalog.API\Infrastructure\Migrations\20231026091140_Outbox.Designer.cs", "C#", 0, 0, 0, 0, 0, 0, 0, 0, 0, 0, 0, 0, 0, 0, 126, 0, 0, 2, 45, 173
"d:\workshops\eShop\src\Catalog.API\Infrastructure\Migrations\20231026091140_Outbox.cs", "C#", 0, 0, 0, 0, 0, 0, 0, 0, 0, 0, 0, 0, 0, 0, 33, 0, 0, 3, 4, 40
"d:\workshops\eShop\src\Catalog.API\Infrastructure\Migrations\CatalogContextModelSnapshot.cs", "C#", 0, 0, 0, 0, 0, 0, 0, 0, 0, 0, 0, 0, 0, 0, 124, 0, 0, 1, 45, 170
"d:\workshops\eShop\src\Catalog.API\IntegrationEvents\CatalogIntegrationEventService.cs", "C#", 0, 0, 0, 0, 0, 0, 0, 0, 0, 0, 0, 0, 0, 0, 49, 0, 0, 3, 9, 61
"d:\workshops\eShop\src\Catalog.API\IntegrationEvents\EventHandling\OrderStatusChangedToAwaitingValidationIntegrationEventHandler.cs", "C#", 0, 0, 0, 0, 0, 0, 0, 0, 0, 0, 0, 0, 0, 0, 28, 0, 0, 0, 7, 35
"d:\workshops\eShop\src\Catalog.API\IntegrationEvents\EventHandling\OrderStatusChangedToPaidIntegrationEventHandler.cs", "C#", 0, 0, 0, 0, 0, 0, 0, 0, 0, 0, 0, 0, 0, 0, 17, 0, 0, 1, 5, 23
"d:\workshops\eShop\src\Catalog.API\IntegrationEvents\Events\ConfirmedOrderStockItem.cs", "C#", 0, 0, 0, 0, 0, 0, 0, 0, 0, 0, 0, 0, 0, 0, 2, 0, 0, 0, 2, 4
"d:\workshops\eShop\src\Catalog.API\IntegrationEvents\Events\OrderStatusChangedToAwaitingValidationIntegrationEvent.cs", "C#", 0, 0, 0, 0, 0, 0, 0, 0, 0, 0, 0, 0, 0, 0, 2, 0, 0, 0, 2, 4
"d:\workshops\eShop\src\Catalog.API\IntegrationEvents\Events\OrderStatusChangedToPaidIntegrationEvent.cs", "C#", 0, 0, 0, 0, 0, 0, 0, 0, 0, 0, 0, 0, 0, 0, 2, 0, 0, 0, 2, 4
"d:\workshops\eShop\src\Catalog.API\IntegrationEvents\Events\OrderStockConfirmedIntegrationEvent.cs", "C#", 0, 0, 0, 0, 0, 0, 0, 0, 0, 0, 0, 0, 0, 0, 2, 0, 0, 0, 2, 4
"d:\workshops\eShop\src\Catalog.API\IntegrationEvents\Events\OrderStockItem.cs", "C#", 0, 0, 0, 0, 0, 0, 0, 0, 0, 0, 0, 0, 0, 0, 2, 0, 0, 0, 2, 4
"d:\workshops\eShop\src\Catalog.API\IntegrationEvents\Events\OrderStockRejectedIntegrationEvent.cs", "C#", 0, 0, 0, 0, 0, 0, 0, 0, 0, 0, 0, 0, 0, 0, 2, 0, 0, 0, 2, 4
"d:\workshops\eShop\src\Catalog.API\IntegrationEvents\Events\ProductPriceChangedIntegrationEvent.cs", "C#", 0, 0, 0, 0, 0, 0, 0, 0, 0, 0, 0, 0, 0, 0, 2, 0, 0, 3, 2, 7
"d:\workshops\eShop\src\Catalog.API\IntegrationEvents\ICatalogIntegrationEventService.cs", "C#", 0, 0, 0, 0, 0, 0, 0, 0, 0, 0, 0, 0, 0, 0, 6, 0, 0, 0, 2, 8
"d:\workshops\eShop\src\Catalog.API\Model\CatalogBrand.cs", "C#", 0, 0, 0, 0, 0, 0, 0, 0, 0, 0, 0, 0, 0, 0, 11, 0, 0, 0, 5, 16
"d:\workshops\eShop\src\Catalog.API\Model\CatalogItem.cs", "C#", 0, 0, 0, 0, 0, 0, 0, 0, 0, 0, 0, 0, 0, 0, 52, 0, 0, 27, 28, 107
"d:\workshops\eShop\src\Catalog.API\Model\CatalogServices.cs", "C#", 0, 0, 0, 0, 0, 0, 0, 0, 0, 0, 0, 0, 0, 0, 15, 0, 0, 0, 2, 17
"d:\workshops\eShop\src\Catalog.API\Model\CatalogType.cs", "C#", 0, 0, 0, 0, 0, 0, 0, 0, 0, 0, 0, 0, 0, 0, 11, 0, 0, 0, 5, 16
"d:\workshops\eShop\src\Catalog.API\Model\PaginatedItems.cs", "C#", 0, 0, 0, 0, 0, 0, 0, 0, 0, 0, 0, 0, 0, 0, 9, 0, 0, 0, 6, 15
"d:\workshops\eShop\src\Catalog.API\Model\PaginationRequest.cs", "C#", 0, 0, 0, 0, 0, 0, 0, 0, 0, 0, 0, 0, 0, 0, 10, 0, 0, 0, 4, 14
"d:\workshops\eShop\src\Catalog.API\Program.Testing.cs", "C#", 0, 0, 0, 0, 0, 0, 0, 0, 0, 0, 0, 0, 0, 0, 1, 0, 0, 5, 1, 7
"d:\workshops\eShop\src\Catalog.API\Program.cs", "C#", 0, 0, 0, 0, 0, 0, 0, 0, 0, 0, 0, 0, 0, 0, 27, 0, 0, 5, 14, 46
"d:\workshops\eShop\src\Catalog.API\Properties\launchSettings.json", "JSON", 12, 0, 0, 0, 0, 0, 0, 0, 0, 0, 0, 0, 0, 0, 0, 0, 0, 0, 0, 12
"d:\workshops\eShop\src\Catalog.API\Services\CatalogAI.cs", "C#", 0, 0, 0, 0, 0, 0, 0, 0, 0, 0, 0, 0, 0, 0, 53, 0, 0, 6, 18, 77
"d:\workshops\eShop\src\Catalog.API\Services\ICatalogAI.cs", "C#", 0, 0, 0, 0, 0, 0, 0, 0, 0, 0, 0, 0, 0, 0, 9, 0, 0, 4, 6, 19
"d:\workshops\eShop\src\Catalog.API\Setup\catalog.json", "JSON", 810, 0, 0, 0, 0, 0, 0, 0, 0, 0, 0, 0, 0, 0, 0, 0, 0, 0, 1, 811
"d:\workshops\eShop\src\Catalog.API\appsettings.Development.json", "JSON", 5, 0, 0, 0, 0, 0, 0, 0, 0, 0, 0, 0, 0, 0, 0, 0, 0, 0, 0, 5
"d:\workshops\eShop\src\Catalog.API\appsettings.Production.json", "JSON", 29, 0, 0, 0, 0, 0, 0, 0, 0, 0, 0, 0, 0, 0, 0, 0, 0, 0, 0, 29
"d:\workshops\eShop\src\Catalog.API\appsettings.json", "JSON", 27, 0, 0, 0, 0, 0, 0, 0, 0, 0, 0, 0, 0, 0, 0, 0, 0, 0, 1, 28
"d:\workshops\eShop\src\ClientApp\Animations\Base\AnimationBase.cs", "C#", 0, 0, 0, 0, 0, 0, 0, 0, 0, 0, 0, 0, 0, 0, 92, 0, 0, 0, 20, 112
"d:\workshops\eShop\src\ClientApp\Animations\Base\EasingType.cs", "C#", 0, 0, 0, 0, 0, 0, 0, 0, 0, 0, 0, 0, 0, 0, 15, 0, 0, 0, 2, 17
"d:\workshops\eShop\src\ClientApp\Animations\FadeToAnimation.cs", "C#", 0, 0, 0, 0, 0, 0, 0, 0, 0, 0, 0, 0, 0, 0, 122, 0, 0, 0, 34, 156
"d:\workshops\eShop\src\ClientApp\Animations\StoryBoard.cs", "C#", 0, 0, 0, 0, 0, 0, 0, 0, 0, 0, 0, 0, 0, 0, 37, 0, 0, 0, 9, 46
"d:\workshops\eShop\src\ClientApp\App.xaml", "XAML", 0, 0, 0, 0, 0, 0, 0, 0, 0, 0, 0, 0, 0, 0, 0, 0, 14, 0, 1, 15
"d:\workshops\eShop\src\ClientApp\App.xaml.cs", "C#", 0, 0, 0, 0, 0, 0, 0, 0, 0, 0, 0, 0, 0, 0, 140, 0, 0, 1, 27, 168
"d:\workshops\eShop\src\ClientApp\AppActions.cs", "C#", 0, 0, 0, 0, 0, 0, 0, 0, 0, 0, 0, 0, 0, 0, 6, 0, 0, 0, 2, 8
"d:\workshops\eShop\src\ClientApp\AppShell.xaml", "XAML", 0, 0, 0, 0, 0, 0, 0, 0, 0, 0, 0, 0, 0, 0, 0, 0, 55, 0, 5, 60
"d:\workshops\eShop\src\ClientApp\AppShell.xaml.cs", "C#", 0, 0, 0, 0, 0, 0, 0, 0, 0, 0, 0, 0, 0, 0, 30, 0, 0, 1, 8, 39
"d:\workshops\eShop\src\ClientApp\ClientApp.csproj", "XML", 0, 0, 0, 72, 0, 0, 0, 0, 0, 0, 0, 0, 0, 0, 0, 0, 0, 20, 18, 110
"d:\workshops\eShop\src\ClientApp\Controls\AddBasketButton.xaml", "XAML", 0, 0, 0, 0, 0, 0, 0, 0, 0, 0, 0, 0, 0, 0, 0, 0, 20, 0, 1, 21
"d:\workshops\eShop\src\ClientApp\Controls\AddBasketButton.xaml.cs", "C#", 0, 0, 0, 0, 0, 0, 0, 0, 0, 0, 0, 0, 0, 0, 8, 0, 0, 0, 2, 10
"d:\workshops\eShop\src\ClientApp\Controls\CustomTabbedPage.cs", "C#", 0, 0, 0, 0, 0, 0, 0, 0, 0, 0, 0, 0, 0, 0, 24, 0, 0, 0, 7, 31
"d:\workshops\eShop\src\ClientApp\Controls\ToggleButton.cs", "C#", 0, 0, 0, 0, 0, 0, 0, 0, 0, 0, 0, 0, 0, 0, 95, 0, 0, 0, 28, 123
"d:\workshops\eShop\src\ClientApp\Converters\DoesNotHaveCountConverter.cs", "C#", 0, 0, 0, 0, 0, 0, 0, 0, 0, 0, 0, 0, 0, 0, 11, 0, 0, 0, 4, 15
"d:\workshops\eShop\src\ClientApp\Converters\DoubleConverter.cs", "C#", 0, 0, 0, 0, 0, 0, 0, 0, 0, 0, 0, 0, 0, 0, 16, 0, 0, 0, 5, 21
"d:\workshops\eShop\src\ClientApp\Converters\FirstValidationErrorConverter.cs", "C#", 0, 0, 0, 0, 0, 0, 0, 0, 0, 0, 0, 0, 0, 0, 11, 0, 0, 0, 4, 15
"d:\workshops\eShop\src\ClientApp\Converters\HasCountConverter.cs", "C#", 0, 0, 0, 0, 0, 0, 0, 0, 0, 0, 0, 0, 0, 0, 11, 0, 0, 0, 4, 15
"d:\workshops\eShop\src\ClientApp\Converters\ItemsToHeightConverter.cs", "C#", 0, 0, 0, 0, 0, 0, 0, 0, 0, 0, 0, 0, 0, 0, 12, 0, 0, 0, 5, 17
"d:\workshops\eShop\src\ClientApp\Converters\WebNavigatedEventArgsConverter.cs", "C#", 0, 0, 0, 0, 0, 0, 0, 0, 0, 0, 0, 0, 0, 0, 11, 0, 0, 0, 4, 15
"d:\workshops\eShop\src\ClientApp\Converters\WebNavigatingEventArgsConverter.cs", "C#", 0, 0, 0, 0, 0, 0, 0, 0, 0, 0, 0, 0, 0, 0, 18, 0, 0, 0, 5, 23
"d:\workshops\eShop\src\ClientApp\Effects\EntryLineColorEffect.cs", "C#", 0, 0, 0, 0, 0, 0, 0, 0, 0, 0, 0, 0, 0, 0, 8, 0, 0, 0, 2, 10
"d:\workshops\eShop\src\ClientApp\Effects\ThemeEffects.cs", "C#", 0, 0, 0, 0, 0, 0, 0, 0, 0, 0, 0, 0, 0, 0, 42, 0, 0, 0, 8, 50
"d:\workshops\eShop\src\ClientApp\Exceptions\ServiceAuthenticationException.cs", "C#", 0, 0, 0, 0, 0, 0, 0, 0, 0, 0, 0, 0, 0, 0, 12, 0, 0, 0, 4, 16
"d:\workshops\eShop\src\ClientApp\Extensions\DictionaryExtensions.cs", "C#", 0, 0, 0, 0, 0, 0, 0, 0, 0, 0, 0, 0, 0, 0, 22, 0, 0, 0, 4, 26
"d:\workshops\eShop\src\ClientApp\Extensions\ICommandExtensions.cs", "C#", 0, 0, 0, 0, 0, 0, 0, 0, 0, 0, 0, 0, 0, 0, 13, 0, 0, 0, 3, 16
"d:\workshops\eShop\src\ClientApp\Extensions\VisualElementExtensions.cs", "C#", 0, 0, 0, 0, 0, 0, 0, 0, 0, 0, 0, 0, 0, 0, 255, 0, 0, 59, 86, 400
"d:\workshops\eShop\src\ClientApp\GlobalSuppressions.cs", "C#", 0, 0, 0, 0, 0, 0, 0, 0, 0, 0, 0, 0, 0, 0, 6, 0, 0, 4, 3, 13
"d:\workshops\eShop\src\ClientApp\GlobalUsings.cs", "C#", 0, 0, 0, 0, 0, 0, 0, 0, 0, 0, 0, 0, 0, 0, 3, 0, 0, 0, 1, 4
"d:\workshops\eShop\src\ClientApp\Helpers\EasingHelper.cs", "C#", 0, 0, 0, 0, 0, 0, 0, 0, 0, 0, 0, 0, 0, 0, 23, 0, 0, 0, 3, 26
"d:\workshops\eShop\src\ClientApp\Helpers\UriHelper.cs", "C#", 0, 0, 0, 0, 0, 0, 0, 0, 0, 0, 0, 0, 0, 0, 18, 0, 0, 0, 4, 22
"d:\workshops\eShop\src\ClientApp\MauiProgram.cs", "C#", 0, 0, 0, 0, 0, 0, 0, 0, 0, 0, 0, 0, 0, 0, 165, 0, 0, 0, 21, 186
"d:\workshops\eShop\src\ClientApp\Messages\ProductCountChangedMessage.cs", "C#", 0, 0, 0, 0, 0, 0, 0, 0, 0, 0, 0, 0, 0, 0, 3, 0, 0, 0, 3, 6
"d:\workshops\eShop\src\ClientApp\Models\Basket\BasketItem.cs", "C#", 0, 0, 0, 0, 0, 0, 0, 0, 0, 0, 0, 0, 0, 0, 26, 0, 0, 0, 12, 38
"d:\workshops\eShop\src\ClientApp\Models\Basket\CustomerBasket.cs", "C#", 0, 0, 0, 0, 0, 0, 0, 0, 0, 0, 0, 0, 0, 0, 35, 0, 0, 0, 7, 42
"d:\workshops\eShop\src\ClientApp\Models\Catalog\CatalogBrand.cs", "C#", 0, 0, 0, 0, 0, 0, 0, 0, 0, 0, 0, 0, 0, 0, 10, 0, 0, 0, 3, 13
"d:\workshops\eShop\src\ClientApp\Models\Catalog\CatalogItem.cs", "C#", 0, 0, 0, 0, 0, 0, 0, 0, 0, 0, 0, 0, 0, 0, 13, 0, 0, 0, 3, 16
"d:\workshops\eShop\src\ClientApp\Models\Catalog\CatalogRoot.cs", "C#", 0, 0, 0, 0, 0, 0, 0, 0, 0, 0, 0, 0, 0, 0, 8, 0, 0, 0, 2, 10
"d:\workshops\eShop\src\ClientApp\Models\Catalog\CatalogType.cs", "C#", 0, 0, 0, 0, 0, 0, 0, 0, 0, 0, 0, 0, 0, 0, 10, 0, 0, 0, 3, 13
"d:\workshops\eShop\src\ClientApp\Models\Location\GeolocationError.cs", "C#", 0, 0, 0, 0, 0, 0, 0, 0, 0, 0, 0, 0, 0, 0, 6, 0, 0, 0, 2, 8
"d:\workshops\eShop\src\ClientApp\Models\Location\GeolocationException.cs", "C#", 0, 0, 0, 0, 0, 0, 0, 0, 0, 0, 0, 0, 0, 0, 23, 0, 0, 0, 6, 29
"d:\workshops\eShop\src\ClientApp\Models\Location\Location.cs", "C#", 0, 0, 0, 0, 0, 0, 0, 0, 0, 0, 0, 0, 0, 0, 6, 0, 0, 0, 2, 8
"d:\workshops\eShop\src\ClientApp\Models\Location\Position.cs", "C#", 0, 0, 0, 0, 0, 0, 0, 0, 0, 0, 0, 0, 0, 0, 36, 0, 0, 0, 6, 42
"d:\workshops\eShop\src\ClientApp\Models\Marketing\Campaign.cs", "C#", 0, 0, 0, 0, 0, 0, 0, 0, 0, 0, 0, 0, 0, 0, 10, 0, 0, 0, 7, 17
"d:\workshops\eShop\src\ClientApp\Models\Marketing\CampaignItem.cs", "C#", 0, 0, 0, 0, 0, 0, 0, 0, 0, 0, 0, 0, 0, 0, 11, 0, 0, 0, 8, 19
"d:\workshops\eShop\src\ClientApp\Models\Marketing\CampaignRoot.cs", "C#", 0, 0, 0, 0, 0, 0, 0, 0, 0, 0, 0, 0, 0, 0, 8, 0, 0, 0, 2, 10
"d:\workshops\eShop\src\ClientApp\Models\Navigation\TabParameter.cs", "C#", 0, 0, 0, 0, 0, 0, 0, 0, 0, 0, 0, 0, 0, 0, 5, 0, 0, 0, 2, 7
"d:\workshops\eShop\src\ClientApp\Models\Orders\CancelOrderCommand.cs", "C#", 0, 0, 0, 0, 0, 0, 0, 0, 0, 0, 0, 0, 0, 0, 9, 0, 0, 0, 3, 12
"d:\workshops\eShop\src\ClientApp\Models\Orders\CardType.cs", "C#", 0, 0, 0, 0, 0, 0, 0, 0, 0, 0, 0, 0, 0, 0, 6, 0, 0, 0, 2, 8
"d:\workshops\eShop\src\ClientApp\Models\Orders\Order.cs", "C#", 0, 0, 0, 0, 0, 0, 0, 0, 0, 0, 0, 0, 0, 0, 31, 0, 0, 0, 21, 52
"d:\workshops\eShop\src\ClientApp\Models\Orders\OrderCheckout.cs", "C#", 0, 0, 0, 0, 0, 0, 0, 0, 0, 0, 0, 0, 0, 0, 28, 0, 0, 0, 10, 38
"d:\workshops\eShop\src\ClientApp\Models\Orders\OrderItem.cs", "C#", 0, 0, 0, 0, 0, 0, 0, 0, 0, 0, 0, 0, 0, 0, 21, 0, 0, 0, 10, 31
"d:\workshops\eShop\src\ClientApp\Models\Permissions\Permission.cs", "C#", 0, 0, 0, 0, 0, 0, 0, 0, 0, 0, 0, 0, 0, 0, 8, 0, 0, 0, 2, 10
"d:\workshops\eShop\src\ClientApp\Models\Permissions\PermissionStatus.cs", "C#", 0, 0, 0, 0, 0, 0, 0, 0, 0, 0, 0, 0, 0, 0, 9, 0, 0, 0, 2, 11
"d:\workshops\eShop\src\ClientApp\Models\Token\UserToken.cs", "C#", 0, 0, 0, 0, 0, 0, 0, 0, 0, 0, 0, 0, 0, 0, 11, 0, 0, 0, 6, 17
"d:\workshops\eShop\src\ClientApp\Models\User\Address.cs", "C#", 0, 0, 0, 0, 0, 0, 0, 0, 0, 0, 0, 0, 0, 0, 14, 0, 0, 0, 2, 16
"d:\workshops\eShop\src\ClientApp\Models\User\LogoutParameter.cs", "C#", 0, 0, 0, 0, 0, 0, 0, 0, 0, 0, 0, 0, 0, 0, 5, 0, 0, 0, 2, 7
"d:\workshops\eShop\src\ClientApp\Models\User\PaymentInfo.cs", "C#", 0, 0, 0, 0, 0, 0, 0, 0, 0, 0, 0, 0, 0, 0, 13, 0, 0, 0, 3, 16
"d:\workshops\eShop\src\ClientApp\Models\User\UserInfo.cs", "C#", 0, 0, 0, 0, 0, 0, 0, 0, 0, 0, 0, 0, 0, 0, 25, 0, 0, 0, 19, 44
"d:\workshops\eShop\src\ClientApp\Platforms\Android\AndroidManifest.xml", "XML", 0, 0, 0, 15, 0, 0, 0, 0, 0, 0, 0, 0, 0, 0, 0, 0, 0, 0, 0, 15
"d:\workshops\eShop\src\ClientApp\Platforms\Android\MainActivity.cs", "C#", 0, 0, 0, 0, 0, 0, 0, 0, 0, 0, 0, 0, 0, 0, 21, 0, 0, 0, 6, 27
"d:\workshops\eShop\src\ClientApp\Platforms\Android\MainApplication.cs", "C#", 0, 0, 0, 0, 0, 0, 0, 0, 0, 0, 0, 0, 0, 0, 12, 0, 0, 0, 4, 16
"d:\workshops\eShop\src\ClientApp\Platforms\Android\Resources\values\colors.xml", "XML", 0, 0, 0, 6, 0, 0, 0, 0, 0, 0, 0, 0, 0, 0, 0, 0, 0, 0, 0, 6
"d:\workshops\eShop\src\ClientApp\Platforms\Android\Resources\xml\network_security_config.xml", "XML", 0, 0, 0, 6, 0, 0, 0, 0, 0, 0, 0, 0, 0, 0, 0, 0, 0, 0, 0, 6
"d:\workshops\eShop\src\ClientApp\Platforms\Android\WebAuthenticationCallbackActivity.cs", "C#", 0, 0, 0, 0, 0, 0, 0, 0, 0, 0, 0, 0, 0, 0, 11, 0, 0, 0, 4, 15
"d:\workshops\eShop\src\ClientApp\Platforms\MacCatalyst\AppDelegate.cs", "C#", 0, 0, 0, 0, 0, 0, 0, 0, 0, 0, 0, 0, 0, 0, 7, 0, 0, 0, 3, 10
"d:\workshops\eShop\src\ClientApp\Platforms\MacCatalyst\Program.cs", "C#", 0, 0, 0, 0, 0, 0, 0, 0, 0, 0, 0, 0, 0, 0, 9, 0, 0, 3, 3, 15
"d:\workshops\eShop\src\ClientApp\Platforms\Windows\App.xaml", "XAML", 0, 0, 0, 0, 0, 0, 0, 0, 0, 0, 0, 0, 0, 0, 0, 0, 7, 0, 2, 9
"d:\workshops\eShop\src\ClientApp\Platforms\Windows\App.xaml.cs", "C#", 0, 0, 0, 0, 0, 0, 0, 0, 0, 0, 0, 0, 0, 0, 6, 0, 0, 9, 5, 20
"d:\workshops\eShop\src\ClientApp\Platforms\iOS\AppDelegate.cs", "C#", 0, 0, 0, 0, 0, 0, 0, 0, 0, 0, 0, 0, 0, 0, 7, 0, 0, 0, 3, 10
"d:\workshops\eShop\src\ClientApp\Platforms\iOS\Program.cs", "C#", 0, 0, 0, 0, 0, 0, 0, 0, 0, 0, 0, 0, 0, 0, 9, 0, 0, 3, 3, 15
"d:\workshops\eShop\src\ClientApp\Properties\launchSettings.json", "JSON", 8, 0, 0, 0, 0, 0, 0, 0, 0, 0, 0, 0, 0, 0, 0, 0, 0, 0, 0, 8
"d:\workshops\eShop\src\ClientApp\Resources\AppIcon\appicon.svg", "XML", 0, 0, 0, 4, 0, 0, 0, 0, 0, 0, 0, 0, 0, 0, 0, 0, 0, 0, 0, 4
"d:\workshops\eShop\src\ClientApp\Resources\AppIcon\appiconfg.svg", "XML", 0, 0, 0, 41, 0, 0, 0, 0, 0, 0, 0, 0, 0, 0, 0, 0, 0, 1, 2, 44
"d:\workshops\eShop\src\ClientApp\Resources\Images\arrow_left.svg", "XML", 0, 0, 0, 7, 0, 0, 0, 0, 0, 0, 0, 0, 0, 0, 0, 0, 0, 0, 1, 8
"d:\workshops\eShop\src\ClientApp\Resources\Images\cart.svg", "XML", 0, 0, 0, 12, 0, 0, 0, 0, 0, 0, 0, 0, 0, 0, 0, 0, 0, 0, 1, 13
"d:\workshops\eShop\src\ClientApp\Resources\Images\close.svg", "XML", 0, 0, 0, 8, 0, 0, 0, 0, 0, 0, 0, 0, 0, 0, 0, 0, 0, 0, 1, 9
"d:\workshops\eShop\src\ClientApp\Resources\Images\filters.svg", "XML", 0, 0, 0, 7, 0, 0, 0, 0, 0, 0, 0, 0, 0, 0, 0, 0, 0, 0, 1, 8
"d:\workshops\eShop\src\ClientApp\Resources\Images\logo_footer.svg", "XML", 0, 0, 0, 41, 0, 0, 0, 0, 0, 0, 0, 0, 0, 0, 0, 0, 0, 1, 2, 44
"d:\workshops\eShop\src\ClientApp\Resources\Images\logo_header.svg", "XML", 0, 0, 0, 38, 0, 0, 0, 0, 0, 0, 0, 0, 0, 0, 0, 0, 0, 1, 2, 41
"d:\workshops\eShop\src\ClientApp\Resources\Images\trash.svg", "XML", 0, 0, 0, 9, 0, 0, 0, 0, 0, 0, 0, 0, 0, 0, 0, 0, 0, 0, 1, 10
"d:\workshops\eShop\src\ClientApp\Resources\Images\user.svg", "XML", 0, 0, 0, 6, 0, 0, 0, 0, 0, 0, 0, 0, 0, 0, 0, 0, 0, 0, 1, 7
"d:\workshops\eShop\src\ClientApp\Resources\Splash\splash.svg", "XML", 0, 0, 0, 41, 0, 0, 0, 0, 0, 0, 0, 0, 0, 0, 0, 0, 0, 1, 2, 44
"d:\workshops\eShop\src\ClientApp\Resources\Styles\Colors.xaml", "XAML", 0, 0, 0, 0, 0, 0, 0, 0, 0, 0, 0, 0, 0, 0, 0, 0, 37, 2, 6, 45
"d:\workshops\eShop\src\ClientApp\Resources\Styles\Styles.xaml", "XAML", 0, 0, 0, 0, 0, 0, 0, 0, 0, 0, 0, 0, 0, 0, 0, 0, 301, 4, 37, 342
"d:\workshops\eShop\src\ClientApp\Services\AppEnvironment\AppEnvironmentService.cs", "C#", 0, 0, 0, 0, 0, 0, 0, 0, 0, 0, 0, 0, 0, 0, 52, 0, 0, 0, 15, 67
"d:\workshops\eShop\src\ClientApp\Services\AppEnvironment\IAppEnvironmentService.cs", "C#", 0, 0, 0, 0, 0, 0, 0, 0, 0, 0, 0, 0, 0, 0, 13, 0, 0, 0, 7, 20
"d:\workshops\eShop\src\ClientApp\Services\Basket\BasketMockService.cs", "C#", 0, 0, 0, 0, 0, 0, 0, 0, 0, 0, 0, 0, 0, 0, 46, 0, 0, 0, 14, 60
"d:\workshops\eShop\src\ClientApp\Services\Basket\BasketService.cs", "C#", 0, 0, 0, 0, 0, 0, 0, 0, 0, 0, 0, 0, 0, 0, 121, 0, 0, 0, 31, 152
"d:\workshops\eShop\src\ClientApp\Services\Basket\IBasketService.cs", "C#", 0, 0, 0, 0, 0, 0, 0, 0, 0, 0, 0, 0, 0, 0, 9, 0, 0, 0, 3, 12
"d:\workshops\eShop\src\ClientApp\Services\Basket\Protos\Basket.cs", "C#", 0, 0, 0, 0, 0, 0, 0, 0, 0, 0, 0, 0, 0, 0, 1011, 0, 0, 22, 120, 1153
"d:\workshops\eShop\src\ClientApp\Services\Basket\Protos\BasketGrpc.cs", "C#", 0, 0, 0, 0, 0, 0, 0, 0, 0, 0, 0, 0, 0, 0, 159, 0, 0, 14, 14, 187
"d:\workshops\eShop\src\ClientApp\Services\Catalog\CatalogMockService.cs", "C#", 0, 0, 0, 0, 0, 0, 0, 0, 0, 0, 0, 0, 0, 0, 102, 0, 0, 0, 15, 117
"d:\workshops\eShop\src\ClientApp\Services\Catalog\CatalogService.cs", "C#", 0, 0, 0, 0, 0, 0, 0, 0, 0, 0, 0, 0, 0, 0, 63, 0, 0, 0, 22, 85
"d:\workshops\eShop\src\ClientApp\Services\Catalog\ICatalogService.cs", "C#", 0, 0, 0, 0, 0, 0, 0, 0, 0, 0, 0, 0, 0, 0, 10, 0, 0, 0, 4, 14
"d:\workshops\eShop\src\ClientApp\Services\Common\Common.cs", "C#", 0, 0, 0, 0, 0, 0, 0, 0, 0, 0, 0, 0, 0, 0, 11, 0, 0, 0, 3, 14
"d:\workshops\eShop\src\ClientApp\Services\Dialog\DialogService.cs", "C#", 0, 0, 0, 0, 0, 0, 0, 0, 0, 0, 0, 0, 0, 0, 8, 0, 0, 0, 2, 10
"d:\workshops\eShop\src\ClientApp\Services\Dialog\IDialogService.cs", "C#", 0, 0, 0, 0, 0, 0, 0, 0, 0, 0, 0, 0, 0, 0, 5, 0, 0, 0, 2, 7
"d:\workshops\eShop\src\ClientApp\Services\EShopJsonSerializerContext.cs", "C#", 0, 0, 0, 0, 0, 0, 0, 0, 0, 0, 0, 0, 0, 0, 19, 0, 0, 0, 3, 22
"d:\workshops\eShop\src\ClientApp\Services\FixUri\FixUriService.cs", "C#", 0, 0, 0, 0, 0, 0, 0, 0, 0, 0, 0, 0, 0, 0, 94, 0, 0, 0, 15, 109
"d:\workshops\eShop\src\ClientApp\Services\FixUri\IFixUriService.cs", "C#", 0, 0, 0, 0, 0, 0, 0, 0, 0, 0, 0, 0, 0, 0, 10, 0, 0, 0, 3, 13
"d:\workshops\eShop\src\ClientApp\Services\Identity\AuthorizeRequest.cs", "C#", 0, 0, 0, 0, 0, 0, 0, 0, 0, 0, 0, 0, 0, 0, 17, 0, 0, 0, 5, 22
"d:\workshops\eShop\src\ClientApp\Services\Identity\IIdentityService.cs", "C#", 0, 0, 0, 0, 0, 0, 0, 0, 0, 0, 0, 0, 0, 0, 9, 0, 0, 0, 6, 15
"d:\workshops\eShop\src\ClientApp\Services\Identity\IdentityMockService.cs", "C#", 0, 0, 0, 0, 0, 0, 0, 0, 0, 0, 0, 0, 0, 0, 50, 0, 0, 0, 9, 59
"d:\workshops\eShop\src\ClientApp\Services\Identity\IdentityService.cs", "C#", 0, 0, 0, 0, 0, 0, 0, 0, 0, 0, 0, 0, 0, 0, 128, 0, 0, 0, 26, 154
"d:\workshops\eShop\src\ClientApp\Services\Location\ILocationService.cs", "C#", 0, 0, 0, 0, 0, 0, 0, 0, 0, 0, 0, 0, 0, 0, 5, 0, 0, 0, 2, 7
"d:\workshops\eShop\src\ClientApp\Services\Location\LocationService.cs", "C#", 0, 0, 0, 0, 0, 0, 0, 0, 0, 0, 0, 0, 0, 0, 22, 0, 0, 2, 7, 31
"d:\workshops\eShop\src\ClientApp\Services\Navigation\INavigationService.cs", "C#", 0, 0, 0, 0, 0, 0, 0, 0, 0, 0, 0, 0, 0, 0, 7, 0, 0, 0, 4, 11
"d:\workshops\eShop\src\ClientApp\Services\Navigation\MauiNavigationService.cs", "C#", 0, 0, 0, 0, 0, 0, 0, 0, 0, 0, 0, 0, 0, 0, 27, 0, 0, 0, 9, 36
"d:\workshops\eShop\src\ClientApp\Services\OpenUrl\IOpenUrlService.cs", "C#", 0, 0, 0, 0, 0, 0, 0, 0, 0, 0, 0, 0, 0, 0, 5, 0, 0, 0, 2, 7
"d:\workshops\eShop\src\ClientApp\Services\OpenUrl\OpenUrlService.cs", "C#", 0, 0, 0, 0, 0, 0, 0, 0, 0, 0, 0, 0, 0, 0, 11, 0, 0, 0, 2, 13
"d:\workshops\eShop\src\ClientApp\Services\Order\IOrderService.cs", "C#", 0, 0, 0, 0, 0, 0, 0, 0, 0, 0, 0, 0, 0, 0, 10, 0, 0, 0, 7, 17
"d:\workshops\eShop\src\ClientApp\Services\Order\OrderMockService.cs", "C#", 0, 0, 0, 0, 0, 0, 0, 0, 0, 0, 0, 0, 0, 0, 172, 0, 0, 0, 16, 188
"d:\workshops\eShop\src\ClientApp\Services\Order\OrderService.cs", "C#", 0, 0, 0, 0, 0, 0, 0, 0, 0, 0, 0, 0, 0, 0, 100, 0, 0, 2, 27, 129
"d:\workshops\eShop\src\ClientApp\Services\RequestProvider\HttpRequestExceptionEx.cs", "C#", 0, 0, 0, 0, 0, 0, 0, 0, 0, 0, 0, 0, 0, 0, 16, 0, 0, 0, 6, 22
"d:\workshops\eShop\src\ClientApp\Services\RequestProvider\IRequestProvider.cs", "C#", 0, 0, 0, 0, 0, 0, 0, 0, 0, 0, 0, 0, 0, 0, 10, 0, 0, 0, 7, 17
"d:\workshops\eShop\src\ClientApp\Services\RequestProvider\RequestProvider.cs", "C#", 0, 0, 0, 0, 0, 0, 0, 0, 0, 0, 0, 0, 0, 0, 139, 0, 0, 0, 43, 182
"d:\workshops\eShop\src\ClientApp\Services\Settings\ISettingsService.cs", "C#", 0, 0, 0, 0, 0, 0, 0, 0, 0, 0, 0, 0, 0, 0, 22, 0, 0, 0, 17, 39
"d:\workshops\eShop\src\ClientApp\Services\Settings\SettingsService.cs", "C#", 0, 0, 0, 0, 0, 0, 0, 0, 0, 0, 0, 0, 0, 0, 126, 0, 0, 0, 27, 153
"d:\workshops\eShop\src\ClientApp\Services\Theme\ITheme.cs", "C#", 0, 0, 0, 0, 0, 0, 0, 0, 0, 0, 0, 0, 0, 0, 5, 0, 0, 0, 2, 7
"d:\workshops\eShop\src\ClientApp\Services\Theme\Theme.shared.cs", "C#", 0, 0, 0, 0, 0, 0, 0, 0, 0, 0, 0, 0, 0, 0, 7, 0, 0, 0, 2, 9
"d:\workshops\eShop\src\ClientApp\Triggers\BeginAnimation.cs", "C#", 0, 0, 0, 0, 0, 0, 0, 0, 0, 0, 0, 0, 0, 0, 13, 0, 0, 0, 4, 17
"d:\workshops\eShop\src\ClientApp\Validations\IValidationRule.cs", "C#", 0, 0, 0, 0, 0, 0, 0, 0, 0, 0, 0, 0, 0, 0, 6, 0, 0, 0, 3, 9
"d:\workshops\eShop\src\ClientApp\Validations\IValidity.cs", "C#", 0, 0, 0, 0, 0, 0, 0, 0, 0, 0, 0, 0, 0, 0, 5, 0, 0, 0, 2, 7
"d:\workshops\eShop\src\ClientApp\Validations\IsNotNullOrEmptyRule.cs", "C#", 0, 0, 0, 0, 0, 0, 0, 0, 0, 0, 0, 0, 0, 0, 10, 0, 0, 0, 3, 13
"d:\workshops\eShop\src\ClientApp\Validations\ValidatableObject.cs", "C#", 0, 0, 0, 0, 0, 0, 0, 0, 0, 0, 0, 0, 0, 0, 38, 0, 0, 0, 10, 48
"d:\workshops\eShop\src\ClientApp\ViewModels\Base\IViewModelBase.cs", "C#", 0, 0, 0, 0, 0, 0, 0, 0, 0, 0, 0, 0, 0, 0, 10, 0, 0, 0, 7, 17
"d:\workshops\eShop\src\ClientApp\ViewModels\Base\ViewModelBase.cs", "C#", 0, 0, 0, 0, 0, 0, 0, 0, 0, 0, 0, 0, 0, 0, 43, 0, 0, 0, 13, 56
"d:\workshops\eShop\src\ClientApp\ViewModels\BasketViewModel.cs", "C#", 0, 0, 0, 0, 0, 0, 0, 0, 0, 0, 0, 0, 0, 0, 91, 0, 0, 1, 22, 114
"d:\workshops\eShop\src\ClientApp\ViewModels\CatalogItemViewModel.cs", "C#", 0, 0, 0, 0, 0, 0, 0, 0, 0, 0, 0, 0, 0, 0, 53, 0, 0, 0, 13, 66
"d:\workshops\eShop\src\ClientApp\ViewModels\CatalogViewModel.cs", "C#", 0, 0, 0, 0, 0, 0, 0, 0, 0, 0, 0, 0, 0, 0, 166, 0, 0, 1, 39, 206
"d:\workshops\eShop\src\ClientApp\ViewModels\CheckoutViewModel.cs", "C#", 0, 0, 0, 0, 0, 0, 0, 0, 0, 0, 0, 0, 0, 0, 132, 0, 0, 10, 29, 171
"d:\workshops\eShop\src\ClientApp\ViewModels\LoginViewModel.cs", "C#", 0, 0, 0, 0, 0, 0, 0, 0, 0, 0, 0, 0, 0, 0, 110, 0, 0, 0, 28, 138
"d:\workshops\eShop\src\ClientApp\ViewModels\MainViewModel.cs", "C#", 0, 0, 0, 0, 0, 0, 0, 0, 0, 0, 0, 0, 0, 0, 15, 0, 0, 0, 4, 19
"d:\workshops\eShop\src\ClientApp\ViewModels\MapViewModel.cs", "C#", 0, 0, 0, 0, 0, 0, 0, 0, 0, 0, 0, 0, 0, 0, 31, 0, 0, 0, 7, 38
"d:\workshops\eShop\src\ClientApp\ViewModels\ObservableCollectionEx.cs", "C#", 0, 0, 0, 0, 0, 0, 0, 0, 0, 0, 0, 0, 0, 0, 43, 0, 0, 0, 12, 55
"d:\workshops\eShop\src\ClientApp\ViewModels\OrderDetailViewModel.cs", "C#", 0, 0, 0, 0, 0, 0, 0, 0, 0, 0, 0, 0, 0, 0, 62, 0, 0, 1, 13, 76
"d:\workshops\eShop\src\ClientApp\ViewModels\ProfileViewModel.cs", "C#", 0, 0, 0, 0, 0, 0, 0, 0, 0, 0, 0, 0, 0, 0, 63, 0, 0, 2, 14, 79
"d:\workshops\eShop\src\ClientApp\ViewModels\SelectionViewModel.cs", "C#", 0, 0, 0, 0, 0, 0, 0, 0, 0, 0, 0, 0, 0, 0, 6, 0, 0, 0, 2, 8
"d:\workshops\eShop\src\ClientApp\ViewModels\SettingsViewModel.cs", "C#", 0, 0, 0, 0, 0, 0, 0, 0, 0, 0, 0, 0, 0, 0, 283, 0, 0, 5, 57, 345
"d:\workshops\eShop\src\ClientApp\Views\BadgeView.cs", "C#", 0, 0, 0, 0, 0, 0, 0, 0, 0, 0, 0, 0, 0, 0, 112, 0, 0, 0, 29, 141
"d:\workshops\eShop\src\ClientApp\Views\BasketView.xaml", "XAML", 0, 0, 0, 0, 0, 0, 0, 0, 0, 0, 0, 0, 0, 0, 0, 0, 95, 3, 0, 98
"d:\workshops\eShop\src\ClientApp\Views\BasketView.xaml.cs", "C#", 0, 0, 0, 0, 0, 0, 0, 0, 0, 0, 0, 0, 0, 0, 9, 0, 0, 0, 2, 11
"d:\workshops\eShop\src\ClientApp\Views\CatalogItemView.xaml", "XAML", 0, 0, 0, 0, 0, 0, 0, 0, 0, 0, 0, 0, 0, 0, 0, 0, 101, 0, 3, 104
"d:\workshops\eShop\src\ClientApp\Views\CatalogItemView.xaml.cs", "C#", 0, 0, 0, 0, 0, 0, 0, 0, 0, 0, 0, 0, 0, 0, 9, 0, 0, 0, 2, 11
"d:\workshops\eShop\src\ClientApp\Views\CatalogView.xaml", "XAML", 0, 0, 0, 0, 0, 0, 0, 0, 0, 0, 0, 0, 0, 0, 0, 0, 230, 2, 7, 239
"d:\workshops\eShop\src\ClientApp\Views\CatalogView.xaml.cs", "C#", 0, 0, 0, 0, 0, 0, 0, 0, 0, 0, 0, 0, 0, 0, 47, 0, 0, 0, 11, 58
"d:\workshops\eShop\src\ClientApp\Views\CheckoutView.xaml", "XAML", 0, 0, 0, 0, 0, 0, 0, 0, 0, 0, 0, 0, 0, 0, 0, 0, 153, 5, 12, 170
"d:\workshops\eShop\src\ClientApp\Views\CheckoutView.xaml.cs", "C#", 0, 0, 0, 0, 0, 0, 0, 0, 0, 0, 0, 0, 0, 0, 9, 0, 0, 0, 2, 11
"d:\workshops\eShop\src\ClientApp\Views\ContentPageBase.cs", "C#", 0, 0, 0, 0, 0, 0, 0, 0, 0, 0, 0, 0, 0, 0, 18, 0, 0, 0, 6, 24
"d:\workshops\eShop\src\ClientApp\Views\CustomNavigationView.xaml", "XAML", 0, 0, 0, 0, 0, 0, 0, 0, 0, 0, 0, 0, 0, 0, 0, 0, 8, 0, 1, 9
"d:\workshops\eShop\src\ClientApp\Views\CustomNavigationView.xaml.cs", "C#", 0, 0, 0, 0, 0, 0, 0, 0, 0, 0, 0, 0, 0, 0, 12, 0, 0, 0, 3, 15
"d:\workshops\eShop\src\ClientApp\Views\FiltersView.xaml", "XAML", 0, 0, 0, 0, 0, 0, 0, 0, 0, 0, 0, 0, 0, 0, 0, 0, 72, 2, 2, 76
"d:\workshops\eShop\src\ClientApp\Views\FiltersView.xaml.cs", "C#", 0, 0, 0, 0, 0, 0, 0, 0, 0, 0, 0, 0, 0, 0, 9, 0, 0, 0, 3, 12
"d:\workshops\eShop\src\ClientApp\Views\LoginView.xaml", "XAML", 0, 0, 0, 0, 0, 0, 0, 0, 0, 0, 0, 0, 0, 0, 0, 0, 77, 0, 8, 85
"d:\workshops\eShop\src\ClientApp\Views\LoginView.xaml.cs", "C#", 0, 0, 0, 0, 0, 0, 0, 0, 0, 0, 0, 0, 0, 0, 17, 0, 0, 1, 5, 23
"d:\workshops\eShop\src\ClientApp\Views\MapView.xaml", "XAML", 0, 0, 0, 0, 0, 0, 0, 0, 0, 0, 0, 0, 0, 0, 0, 0, 41, 0, 1, 42
"d:\workshops\eShop\src\ClientApp\Views\MapView.xaml.cs", "C#", 0, 0, 0, 0, 0, 0, 0, 0, 0, 0, 0, 0, 0, 0, 21, 0, 0, 0, 6, 27
"d:\workshops\eShop\src\ClientApp\Views\MauiAuthenticationBrowser.cs", "C#", 0, 0, 0, 0, 0, 0, 0, 0, 0, 0, 0, 0, 0, 0, 23, 0, 0, 0, 5, 28
"d:\workshops\eShop\src\ClientApp\Views\OrderDetailView.xaml", "XAML", 0, 0, 0, 0, 0, 0, 0, 0, 0, 0, 0, 0, 0, 0, 0, 0, 187, 4, 15, 206
"d:\workshops\eShop\src\ClientApp\Views\OrderDetailView.xaml.cs", "C#", 0, 0, 0, 0, 0, 0, 0, 0, 0, 0, 0, 0, 0, 0, 9, 0, 0, 0, 2, 11
"d:\workshops\eShop\src\ClientApp\Views\ProfileView.xaml", "XAML", 0, 0, 0, 0, 0, 0, 0, 0, 0, 0, 0, 0, 0, 0, 0, 0, 47, 1, 4, 52
"d:\workshops\eShop\src\ClientApp\Views\ProfileView.xaml.cs", "C#", 0, 0, 0, 0, 0, 0, 0, 0, 0, 0, 0, 0, 0, 0, 19, 0, 0, 0, 5, 24
"d:\workshops\eShop\src\ClientApp\Views\SettingsView.xaml", "XAML", 0, 0, 0, 0, 0, 0, 0, 0, 0, 0, 0, 0, 0, 0, 0, 0, 148, 96, 14, 258
"d:\workshops\eShop\src\ClientApp\Views\SettingsView.xaml.cs", "C#", 0, 0, 0, 0, 0, 0, 0, 0, 0, 0, 0, 0, 0, 0, 9, 0, 0, 0, 2, 11
"d:\workshops\eShop\src\ClientApp\Views\Templates\BasketItemTemplate.xaml", "XAML", 0, 0, 0, 0, 0, 0, 0, 0, 0, 0, 0, 0, 0, 0, 0, 0, 122, 6, 3, 131
"d:\workshops\eShop\src\ClientApp\Views\Templates\BasketItemTemplate.xaml.cs", "C#", 0, 0, 0, 0, 0, 0, 0, 0, 0, 0, 0, 0, 0, 0, 8, 0, 0, 0, 2, 10
"d:\workshops\eShop\src\ClientApp\Views\Templates\CampaignTemplate.xaml", "XAML", 0, 0, 0, 0, 0, 0, 0, 0, 0, 0, 0, 0, 0, 0, 0, 0, 34, 2, 3, 39
"d:\workshops\eShop\src\ClientApp\Views\Templates\CampaignTemplate.xaml.cs", "C#", 0, 0, 0, 0, 0, 0, 0, 0, 0, 0, 0, 0, 0, 0, 8, 0, 0, 0, 2, 10
"d:\workshops\eShop\src\ClientApp\Views\Templates\OrderItemTemplate.xaml", "XAML", 0, 0, 0, 0, 0, 0, 0, 0, 0, 0, 0, 0, 0, 0, 0, 0, 92, 4, 6, 102
"d:\workshops\eShop\src\ClientApp\Views\Templates\OrderItemTemplate.xaml.cs", "C#", 0, 0, 0, 0, 0, 0, 0, 0, 0, 0, 0, 0, 0, 0, 8, 0, 0, 0, 2, 10
"d:\workshops\eShop\src\ClientApp\Views\Templates\OrderTemplate.xaml", "XAML", 0, 0, 0, 0, 0, 0, 0, 0, 0, 0, 0, 0, 0, 0, 0, 0, 64, 0, 3, 67
"d:\workshops\eShop\src\ClientApp\Views\Templates\OrderTemplate.xaml.cs", "C#", 0, 0, 0, 0, 0, 0, 0, 0, 0, 0, 0, 0, 0, 0, 8, 0, 0, 0, 2, 10
"d:\workshops\eShop\src\ClientApp\Views\Templates\ProductTemplate.xaml", "XAML", 0, 0, 0, 0, 0, 0, 0, 0, 0, 0, 0, 0, 0, 0, 0, 0, 69, 3, 5, 77
"d:\workshops\eShop\src\ClientApp\Views\Templates\ProductTemplate.xaml.cs", "C#", 0, 0, 0, 0, 0, 0, 0, 0, 0, 0, 0, 0, 0, 0, 8, 0, 0, 0, 2, 10
"d:\workshops\eShop\src\EventBusRabbitMQ\EventBusOptions.cs", "C#", 0, 0, 0, 0, 0, 0, 0, 0, 0, 0, 0, 0, 0, 0, 6, 0, 0, 0, 2, 8
"d:\workshops\eShop\src\EventBusRabbitMQ\EventBusRabbitMQ.csproj", "XML", 0, 0, 0, 17, 0, 0, 0, 0, 0, 0, 0, 0, 0, 0, 0, 0, 0, 0, 5, 22
"d:\workshops\eShop\src\EventBusRabbitMQ\GlobalUsings.cs", "C#", 0, 0, 0, 0, 0, 0, 0, 0, 0, 0, 0, 0, 0, 0, 10, 0, 0, 0, 1, 11
"d:\workshops\eShop\src\EventBusRabbitMQ\RabbitMQEventBus.cs", "C#", 0, 0, 0, 0, 0, 0, 0, 0, 0, 0, 0, 0, 0, 0, 244, 0, 0, 17, 61, 322
"d:\workshops\eShop\src\EventBusRabbitMQ\RabbitMQTelemetry.cs", "C#", 0, 0, 0, 0, 0, 0, 0, 0, 0, 0, 0, 0, 0, 0, 9, 0, 0, 0, 4, 13
"d:\workshops\eShop\src\EventBusRabbitMQ\RabbitMqDependencyInjectionExtensions.cs", "C#", 0, 0, 0, 0, 0, 0, 0, 0, 0, 0, 0, 0, 0, 0, 26, 0, 0, 10, 11, 47
"d:\workshops\eShop\src\EventBus\Abstractions\EventBusSubscriptionInfo.cs", "C#", 0, 0, 0, 0, 0, 0, 0, 0, 0, 0, 0, 0, 0, 0, 18, 0, 0, 0, 6, 24
"d:\workshops\eShop\src\EventBus\Abstractions\IEventBus.cs", "C#", 0, 0, 0, 0, 0, 0, 0, 0, 0, 0, 0, 0, 0, 0, 5, 0, 0, 0, 2, 7
"d:\workshops\eShop\src\EventBus\Abstractions\IEventBusBuilder.cs", "C#", 0, 0, 0, 0, 0, 0, 0, 0, 0, 0, 0, 0, 0, 0, 5, 0, 0, 0, 2, 7
"d:\workshops\eShop\src\EventBus\Abstractions\IIntegrationEventHandler.cs", "C#", 0, 0, 0, 0, 0, 0, 0, 0, 0, 0, 0, 0, 0, 0, 11, 0, 0, 0, 4, 15
"d:\workshops\eShop\src\EventBus\EventBus.csproj", "XML", 0, 0, 0, 10, 0, 0, 0, 0, 0, 0, 0, 0, 0, 0, 0, 0, 0, 0, 3, 13
"d:\workshops\eShop\src\EventBus\Events\IntegrationEvent.cs", "C#", 0, 0, 0, 0, 0, 0, 0, 0, 0, 0, 0, 0, 0, 0, 13, 0, 0, 0, 4, 17
"d:\workshops\eShop\src\EventBus\Extensions\EventBusBuilderExtensions.cs", "C#", 0, 0, 0, 0, 0, 0, 0, 0, 0, 0, 0, 0, 0, 0, 27, 0, 0, 6, 8, 41
"d:\workshops\eShop\src\EventBus\Extensions\GenericTypeExtensions.cs", "C#", 0, 0, 0, 0, 0, 0, 0, 0, 0, 0, 0, 0, 0, 0, 22, 0, 0, 0, 5, 27
"d:\workshops\eShop\src\EventBus\GlobalUsings.cs", "C#", 0, 0, 0, 0, 0, 0, 0, 0, 0, 0, 0, 0, 0, 0, 2, 0, 0, 0, 1, 3
"d:\workshops\eShop\src\HybridApp\App.xaml", "XAML", 0, 0, 0, 0, 0, 0, 0, 0, 0, 0, 0, 0, 0, 0, 0, 0, 22, 0, 4, 26
"d:\workshops\eShop\src\HybridApp\App.xaml.cs", "C#", 0, 0, 0, 0, 0, 0, 0, 0, 0, 0, 0, 0, 0, 0, 12, 0, 0, 0, 3, 15
"d:\workshops\eShop\src\HybridApp\Components\Layout\FooterBar.razor", "ASP.NET Razor", 0, 0, 0, 0, 0, 0, 0, 0, 0, 0, 0, 0, 0, 0, 0, 8, 0, 0, 0, 8
"d:\workshops\eShop\src\HybridApp\Components\Layout\FooterBar.razor.css", "PostCSS", 0, 0, 0, 0, 0, 0, 0, 0, 0, 0, 0, 0, 0, 20, 0, 0, 0, 0, 3, 23
"d:\workshops\eShop\src\HybridApp\Components\Layout\HeaderBar.razor", "ASP.NET Razor", 0, 0, 0, 0, 0, 0, 0, 0, 0, 0, 0, 0, 0, 0, 0, 27, 0, 3, 5, 35
"d:\workshops\eShop\src\HybridApp\Components\Layout\HeaderBar.razor.css", "PostCSS", 0, 0, 0, 0, 0, 0, 0, 0, 0, 0, 0, 0, 0, 59, 0, 0, 0, 0, 10, 69
"d:\workshops\eShop\src\HybridApp\Components\Layout\MainLayout.razor", "ASP.NET Razor", 0, 0, 0, 0, 0, 0, 0, 0, 0, 0, 0, 0, 0, 0, 0, 9, 0, 2, 3, 14
"d:\workshops\eShop\src\HybridApp\Components\Layout\MainLayout.razor.css", "PostCSS", 0, 0, 0, 0, 0, 0, 0, 0, 0, 0, 0, 0, 0, 17, 0, 0, 0, 0, 2, 19
"d:\workshops\eShop\src\HybridApp\Components\Pages\Catalog\Catalog.razor", "ASP.NET Razor", 0, 0, 0, 0, 0, 0, 0, 0, 0, 0, 0, 0, 0, 0, 0, 50, 0, 0, 12, 62
"d:\workshops\eShop\src\HybridApp\Components\Pages\Catalog\Catalog.razor.css", "PostCSS", 0, 0, 0, 0, 0, 0, 0, 0, 0, 0, 0, 0, 0, 102, 0, 0, 0, 0, 15, 117
"d:\workshops\eShop\src\HybridApp\Components\Pages\Catalog\CatalogSearch.razor", "ASP.NET Razor", 0, 0, 0, 0, 0, 0, 0, 0, 0, 0, 0, 0, 0, 0, 0, 69, 0, 0, 7, 76
"d:\workshops\eShop\src\HybridApp\Components\Pages\Catalog\CatalogSearch.razor.css", "PostCSS", 0, 0, 0, 0, 0, 0, 0, 0, 0, 0, 0, 0, 0, 93, 0, 0, 0, 0, 15, 108
"d:\workshops\eShop\src\HybridApp\Components\Pages\Item\ItemPage.razor", "ASP.NET Razor", 0, 0, 0, 0, 0, 0, 0, 0, 0, 0, 0, 0, 0, 0, 0, 72, 0, 5, 11, 88
"d:\workshops\eShop\src\HybridApp\Components\Pages\Item\ItemPage.razor.css", "PostCSS", 0, 0, 0, 0, 0, 0, 0, 0, 0, 0, 0, 0, 0, 45, 0, 0, 0, 0, 9, 54
"d:\workshops\eShop\src\HybridApp\Components\Routes.razor", "ASP.NET Razor", 0, 0, 0, 0, 0, 0, 0, 0, 0, 0, 0, 0, 0, 0, 0, 12, 0, 0, 1, 13
"d:\workshops\eShop\src\HybridApp\Components\_Imports.razor", "ASP.NET Razor", 0, 0, 0, 0, 0, 0, 0, 0, 0, 0, 0, 0, 0, 0, 0, 13, 0, 0, 1, 14
"d:\workshops\eShop\src\HybridApp\GlobalSuppressions.cs", "C#", 0, 0, 0, 0, 0, 0, 0, 0, 0, 0, 0, 0, 0, 0, 8, 0, 0, 22, 2, 32
"d:\workshops\eShop\src\HybridApp\HybridApp.csproj", "XML", 0, 0, 0, 50, 0, 0, 0, 0, 0, 0, 0, 0, 0, 0, 0, 0, 0, 19, 19, 88
"d:\workshops\eShop\src\HybridApp\MainPage.xaml", "XAML", 0, 0, 0, 0, 0, 0, 0, 0, 0, 0, 0, 0, 0, 0, 0, 0, 12, 0, 3, 15
"d:\workshops\eShop\src\HybridApp\MainPage.xaml.cs", "C#", 0, 0, 0, 0, 0, 0, 0, 0, 0, 0, 0, 0, 0, 0, 8, 0, 0, 0, 2, 10
"d:\workshops\eShop\src\HybridApp\MauiProgram.cs", "C#", 0, 0, 0, 0, 0, 0, 0, 0, 0, 0, 0, 0, 0, 0, 25, 0, 0, 1, 10, 36
"d:\workshops\eShop\src\HybridApp\Platforms\Android\AndroidManifest.xml", "XML", 0, 0, 0, 7, 0, 0, 0, 0, 0, 0, 0, 0, 0, 0, 0, 0, 0, 0, 1, 8
"d:\workshops\eShop\src\HybridApp\Platforms\Android\MainActivity.cs", "C#", 0, 0, 0, 0, 0, 0, 0, 0, 0, 0, 0, 0, 0, 0, 8, 0, 0, 0, 3, 11
"d:\workshops\eShop\src\HybridApp\Platforms\Android\MainApplication.cs", "C#", 0, 0, 0, 0, 0, 0, 0, 0, 0, 0, 0, 0, 0, 0, 12, 0, 0, 0, 4, 16
"d:\workshops\eShop\src\HybridApp\Platforms\Android\Resources\values\colors.xml", "XML", 0, 0, 0, 6, 0, 0, 0, 0, 0, 0, 0, 0, 0, 0, 0, 0, 0, 0, 0, 6
"d:\workshops\eShop\src\HybridApp\Platforms\Android\Resources\xml\network_security_config.xml", "XML", 0, 0, 0, 6, 0, 0, 0, 0, 0, 0, 0, 0, 0, 0, 0, 0, 0, 0, 0, 6
"d:\workshops\eShop\src\HybridApp\Platforms\MacCatalyst\AppDelegate.cs", "C#", 0, 0, 0, 0, 0, 0, 0, 0, 0, 0, 0, 0, 0, 0, 7, 0, 0, 0, 3, 10
"d:\workshops\eShop\src\HybridApp\Platforms\MacCatalyst\Program.cs", "C#", 0, 0, 0, 0, 0, 0, 0, 0, 0, 0, 0, 0, 0, 0, 10, 0, 0, 3, 3, 16
"d:\workshops\eShop\src\HybridApp\Platforms\Tizen\Main.cs", "C#", 0, 0, 0, 0, 0, 0, 0, 0, 0, 0, 0, 0, 0, 0, 13, 0, 0, 0, 4, 17
"d:\workshops\eShop\src\HybridApp\Platforms\Tizen\tizen-manifest.xml", "XML", 0, 0, 0, 15, 0, 0, 0, 0, 0, 0, 0, 0, 0, 0, 0, 0, 0, 0, 0, 15
"d:\workshops\eShop\src\HybridApp\Platforms\Windows\App.xaml", "XAML", 0, 0, 0, 0, 0, 0, 0, 0, 0, 0, 0, 0, 0, 0, 0, 0, 7, 0, 2, 9
"d:\workshops\eShop\src\HybridApp\Platforms\Windows\App.xaml.cs", "C#", 0, 0, 0, 0, 0, 0, 0, 0, 0, 0, 0, 0, 0, 0, 10, 0, 0, 9, 5, 24
"d:\workshops\eShop\src\HybridApp\Platforms\iOS\AppDelegate.cs", "C#", 0, 0, 0, 0, 0, 0, 0, 0, 0, 0, 0, 0, 0, 0, 7, 0, 0, 0, 3, 10
"d:\workshops\eShop\src\HybridApp\Platforms\iOS\Program.cs", "C#", 0, 0, 0, 0, 0, 0, 0, 0, 0, 0, 0, 0, 0, 0, 10, 0, 0, 3, 3, 16
"d:\workshops\eShop\src\HybridApp\Properties\launchSettings.json", "JSON", 8, 0, 0, 0, 0, 0, 0, 0, 0, 0, 0, 0, 0, 0, 0, 0, 0, 0, 0, 8
"d:\workshops\eShop\src\HybridApp\Resources\AppIcon\appicon.svg", "XML", 0, 0, 0, 4, 0, 0, 0, 0, 0, 0, 0, 0, 0, 0, 0, 0, 0, 0, 0, 4
"d:\workshops\eShop\src\HybridApp\Resources\AppIcon\appiconfg.svg", "XML", 0, 0, 0, 41, 0, 0, 0, 0, 0, 0, 0, 0, 0, 0, 0, 0, 0, 1, 2, 44
"d:\workshops\eShop\src\HybridApp\Resources\Images\dotnet_bot.svg", "XML", 0, 0, 0, 93, 0, 0, 0, 0, 0, 0, 0, 0, 0, 0, 0, 0, 0, 0, 1, 94
"d:\workshops\eShop\src\HybridApp\Resources\Splash\splash.svg", "XML", 0, 0, 0, 41, 0, 0, 0, 0, 0, 0, 0, 0, 0, 0, 0, 0, 0, 1, 2, 44
"d:\workshops\eShop\src\HybridApp\Services\CatalogJsonContext.cs", "C#", 0, 0, 0, 0, 0, 0, 0, 0, 0, 0, 0, 0, 0, 0, 14, 0, 0, 0, 2, 16
"d:\workshops\eShop\src\HybridApp\Services\CatalogService.cs", "C#", 0, 0, 0, 0, 0, 0, 0, 0, 0, 0, 0, 0, 0, 0, 57, 0, 0, 0, 13, 70
"d:\workshops\eShop\src\HybridApp\Services\ProductImageUrlProvider.cs", "C#", 0, 0, 0, 0, 0, 0, 0, 0, 0, 0, 0, 0, 0, 0, 7, 0, 0, 0, 3, 10
"d:\workshops\eShop\src\HybridApp\wwwroot\css\app.css", "PostCSS", 0, 0, 0, 0, 0, 0, 0, 0, 0, 0, 0, 0, 0, 145, 0, 0, 0, 14, 25, 184
"d:\workshops\eShop\src\HybridApp\wwwroot\css\normalize.css", "PostCSS", 0, 0, 0, 0, 0, 0, 0, 0, 0, 0, 0, 0, 0, 146, 0, 0, 0, 126, 72, 344
"d:\workshops\eShop\src\HybridApp\wwwroot\icons\arrow-left.svg", "XML", 0, 0, 0, 5, 0, 0, 0, 0, 0, 0, 0, 0, 0, 0, 0, 0, 0, 0, 1, 6
"d:\workshops\eShop\src\HybridApp\wwwroot\icons\cart.svg", "XML", 0, 0, 0, 7, 0, 0, 0, 0, 0, 0, 0, 0, 0, 0, 0, 0, 0, 0, 1, 8
"d:\workshops\eShop\src\HybridApp\wwwroot\icons\close.svg", "XML", 0, 0, 0, 6, 0, 0, 0, 0, 0, 0, 0, 0, 0, 0, 0, 0, 0, 0, 1, 7
"d:\workshops\eShop\src\HybridApp\wwwroot\icons\filters.svg", "XML", 0, 0, 0, 5, 0, 0, 0, 0, 0, 0, 0, 0, 0, 0, 0, 0, 0, 0, 1, 6
"d:\workshops\eShop\src\HybridApp\wwwroot\icons\trash.svg", "XML", 0, 0, 0, 6, 0, 0, 0, 0, 0, 0, 0, 0, 0, 0, 0, 0, 0, 0, 1, 7
"d:\workshops\eShop\src\HybridApp\wwwroot\icons\user.svg", "XML", 0, 0, 0, 4, 0, 0, 0, 0, 0, 0, 0, 0, 0, 0, 0, 0, 0, 0, 1, 5
"d:\workshops\eShop\src\HybridApp\wwwroot\images\apple-pay.svg", "XML", 0, 0, 0, 7, 0, 0, 0, 0, 0, 0, 0, 0, 0, 0, 0, 0, 0, 0, 1, 8
"d:\workshops\eShop\src\HybridApp\wwwroot\images\google-pay.svg", "XML", 0, 0, 0, 17, 0, 0, 0, 0, 0, 0, 0, 0, 0, 0, 0, 0, 0, 0, 1, 18
"d:\workshops\eShop\src\HybridApp\wwwroot\images\logo-footer.svg", "XML", 0, 0, 0, 31, 0, 0, 0, 0, 0, 0, 0, 0, 0, 0, 0, 0, 0, 0, 1, 32
"d:\workshops\eShop\src\HybridApp\wwwroot\images\logo-header.svg", "XML", 0, 0, 0, 18, 0, 0, 0, 0, 0, 0, 0, 0, 0, 0, 0, 0, 0, 0, 0, 18
"d:\workshops\eShop\src\HybridApp\wwwroot\index.html", "HTML", 0, 0, 0, 0, 0, 18, 0, 0, 0, 0, 0, 0, 0, 0, 0, 0, 0, 0, 6, 24
"d:\workshops\eShop\src\Identity.API\Configuration\Config.cs", "C#", 0, 0, 0, 0, 0, 0, 0, 0, 0, 0, 0, 0, 0, 0, 174, 0, 0, 9, 10, 193
"d:\workshops\eShop\src\Identity.API\Data\ApplicationDbContext.cs", "C#", 0, 0, 0, 0, 0, 0, 0, 0, 0, 0, 0, 0, 0, 0, 12, 0, 0, 8, 3, 23
"d:\workshops\eShop\src\Identity.API\Data\Migrations\20230925223402_InitialMigration.Designer.cs", "C#", 0, 0, 0, 0, 0, 0, 0, 0, 0, 0, 0, 0, 0, 0, 241, 0, 0, 2, 82, 325
"d:\workshops\eShop\src\Identity.API\Data\Migrations\20230925223402_InitialMigration.cs", "C#", 0, 0, 0, 0, 0, 0, 0, 0, 0, 0, 0, 0, 0, 0, 210, 0, 0, 3, 23, 236
"d:\workshops\eShop\src\Identity.API\Data\Migrations\ApplicationDbContextModelSnapshot.cs", "C#", 0, 0, 0, 0, 0, 0, 0, 0, 0, 0, 0, 0, 0, 0, 239, 0, 0, 1, 82, 322
"d:\workshops\eShop\src\Identity.API\GlobalUsings.cs", "C#", 0, 0, 0, 0, 0, 0, 0, 0, 0, 0, 0, 0, 0, 0, 43, 0, 0, 0, 114, 157
"d:\workshops\eShop\src\Identity.API\Identity.API.csproj", "XML", 0, 0, 0, 50, 0, 0, 0, 0, 0, 0, 0, 0, 0, 0, 0, 0, 0, 1, 7, 58
"d:\workshops\eShop\src\Identity.API\Models\AccountViewModels\ForgotPasswordViewModel.cs", "C#", 0, 0, 0, 0, 0, 0, 0, 0, 0, 0, 0, 0, 0, 0, 9, 0, 0, 0, 1, 10
"d:\workshops\eShop\src\Identity.API\Models\AccountViewModels\LoggedOutViewModel.cs", "C#", 0, 0, 0, 0, 0, 0, 0, 0, 0, 0, 0, 0, 0, 0, 9, 0, 0, 0, 1, 10
"d:\workshops\eShop\src\Identity.API\Models\AccountViewModels\LoginViewModel.cs", "C#", 0, 0, 0, 0, 0, 0, 0, 0, 0, 0, 0, 0, 0, 0, 15, 0, 0, 0, 3, 18
"d:\workshops\eShop\src\Identity.API\Models\AccountViewModels\LogoutViewModel.cs", "C#", 0, 0, 0, 0, 0, 0, 0, 0, 0, 0, 0, 0, 0, 0, 7, 0, 0, 0, 1, 8
"d:\workshops\eShop\src\Identity.API\Models\AccountViewModels\RedirectViewModel.cs", "C#", 0, 0, 0, 0, 0, 0, 0, 0, 0, 0, 0, 0, 0, 0, 7, 0, 0, 0, 1, 8
"d:\workshops\eShop\src\Identity.API\Models\AccountViewModels\RegisterViewModel.cs", "C#", 0, 0, 0, 0, 0, 0, 0, 0, 0, 0, 0, 0, 0, 0, 20, 0, 0, 0, 4, 24
"d:\workshops\eShop\src\Identity.API\Models\AccountViewModels\ResetPasswordViewModel.cs", "C#", 0, 0, 0, 0, 0, 0, 0, 0, 0, 0, 0, 0, 0, 0, 18, 0, 0, 0, 4, 22
"d:\workshops\eShop\src\Identity.API\Models\AccountViewModels\SendCodeViewModel.cs", "C#", 0, 0, 0, 0, 0, 0, 0, 0, 0, 0, 0, 0, 0, 0, 10, 0, 0, 0, 4, 14
"d:\workshops\eShop\src\Identity.API\Models\AccountViewModels\VerifyCodeViewModel.cs", "C#", 0, 0, 0, 0, 0, 0, 0, 0, 0, 0, 0, 0, 0, 0, 15, 0, 0, 0, 5, 20
"d:\workshops\eShop\src\Identity.API\Models\ApplicationUser.cs", "C#", 0, 0, 0, 0, 0, 0, 0, 0, 0, 0, 0, 0, 0, 0, 30, 0, 0, 1, 1, 32
"d:\workshops\eShop\src\Identity.API\Models\ConsentViewModels\ConsentInputModel.cs", "C#", 0, 0, 0, 0, 0, 0, 0, 0, 0, 0, 0, 0, 0, 0, 11, 0, 0, 0, 1, 12
"d:\workshops\eShop\src\Identity.API\Models\ConsentViewModels\ConsentOptions.cs", "C#", 0, 0, 0, 0, 0, 0, 0, 0, 0, 0, 0, 0, 0, 0, 11, 0, 0, 0, 2, 13
"d:\workshops\eShop\src\Identity.API\Models\ConsentViewModels\ConsentViewModel.cs", "C#", 0, 0, 0, 0, 0, 0, 0, 0, 0, 0, 0, 0, 0, 0, 12, 0, 0, 0, 2, 14
"d:\workshops\eShop\src\Identity.API\Models\ConsentViewModels\ProcessConsentResult.cs", "C#", 0, 0, 0, 0, 0, 0, 0, 0, 0, 0, 0, 0, 0, 0, 13, 0, 0, 0, 3, 16
"d:\workshops\eShop\src\Identity.API\Models\ConsentViewModels\ScopeViewModel.cs", "C#", 0, 0, 0, 0, 0, 0, 0, 0, 0, 0, 0, 0, 0, 0, 12, 0, 0, 0, 1, 13
"d:\workshops\eShop\src\Identity.API\Models\ErrorViewModel.cs", "C#", 0, 0, 0, 0, 0, 0, 0, 0, 0, 0, 0, 0, 0, 0, 7, 0, 0, 2, 1, 10
"d:\workshops\eShop\src\Identity.API\Models\ManageViewModels\AddPhoneNumberViewModel.cs", "C#", 0, 0, 0, 0, 0, 0, 0, 0, 0, 0, 0, 0, 0, 0, 10, 0, 0, 0, 1, 11
"d:\workshops\eShop\src\Identity.API\Models\ManageViewModels\ChangePasswordViewModel.cs", "C#", 0, 0, 0, 0, 0, 0, 0, 0, 0, 0, 0, 0, 0, 0, 19, 0, 0, 0, 3, 22
"d:\workshops\eShop\src\Identity.API\Models\ManageViewModels\ConfigureTwoFactorViewModel.cs", "C#", 0, 0, 0, 0, 0, 0, 0, 0, 0, 0, 0, 0, 0, 0, 8, 0, 0, 0, 2, 10
"d:\workshops\eShop\src\Identity.API\Models\ManageViewModels\FactorViewModel.cs", "C#", 0, 0, 0, 0, 0, 0, 0, 0, 0, 0, 0, 0, 0, 0, 7, 0, 0, 0, 1, 8
"d:\workshops\eShop\src\Identity.API\Models\ManageViewModels\IndexViewModel.cs", "C#", 0, 0, 0, 0, 0, 0, 0, 0, 0, 0, 0, 0, 0, 0, 11, 0, 0, 0, 5, 16
"d:\workshops\eShop\src\Identity.API\Models\ManageViewModels\SetPasswordViewModel.cs", "C#", 0, 0, 0, 0, 0, 0, 0, 0, 0, 0, 0, 0, 0, 0, 15, 0, 0, 0, 2, 17
"d:\workshops\eShop\src\Identity.API\Models\ManageViewModels\VerifyPhoneNumberViewModel.cs", "C#", 0, 0, 0, 0, 0, 0, 0, 0, 0, 0, 0, 0, 0, 0, 12, 0, 0, 0, 2, 14
"d:\workshops\eShop\src\Identity.API\Program.cs", "C#", 0, 0, 0, 0, 0, 0, 0, 0, 0, 0, 0, 0, 0, 0, 48, 0, 0, 8, 20, 76
"d:\workshops\eShop\src\Identity.API\Properties\launchSettings.json", "JSON", 20, 0, 0, 0, 0, 0, 0, 0, 0, 0, 0, 0, 0, 0, 0, 0, 0, 0, 0, 20
"d:\workshops\eShop\src\Identity.API\Quickstart\Account\AccountController.cs", "C#", 0, 0, 0, 0, 0, 0, 0, 0, 0, 0, 0, 0, 0, 0, 231, 0, 0, 54, 49, 334
"d:\workshops\eShop\src\Identity.API\Quickstart\Account\AccountOptions.cs", "C#", 0, 0, 0, 0, 0, 0, 0, 0, 0, 0, 0, 0, 0, 0, 10, 0, 0, 2, 5, 17
"d:\workshops\eShop\src\Identity.API\Quickstart\Account\ExternalController.cs", "C#", 0, 0, 0, 0, 0, 0, 0, 0, 0, 0, 0, 0, 0, 0, 166, 0, 0, 38, 35, 239
"d:\workshops\eShop\src\Identity.API\Quickstart\Account\ExternalProvider.cs", "C#", 0, 0, 0, 0, 0, 0, 0, 0, 0, 0, 0, 0, 0, 0, 6, 0, 0, 2, 3, 11
"d:\workshops\eShop\src\Identity.API\Quickstart\Account\LoggedOutViewModel.cs", "C#", 0, 0, 0, 0, 0, 0, 0, 0, 0, 0, 0, 0, 0, 0, 11, 0, 0, 2, 6, 19
"d:\workshops\eShop\src\Identity.API\Quickstart\Account\LoginInputModel.cs", "C#", 0, 0, 0, 0, 0, 0, 0, 0, 0, 0, 0, 0, 0, 0, 10, 0, 0, 2, 4, 16
"d:\workshops\eShop\src\Identity.API\Quickstart\Account\LoginViewModel.cs", "C#", 0, 0, 0, 0, 0, 0, 0, 0, 0, 0, 0, 0, 0, 0, 10, 0, 0, 2, 6, 18
"d:\workshops\eShop\src\Identity.API\Quickstart\Account\LogoutInputModel.cs", "C#", 0, 0, 0, 0, 0, 0, 0, 0, 0, 0, 0, 0, 0, 0, 5, 0, 0, 2, 4, 11
"d:\workshops\eShop\src\Identity.API\Quickstart\Account\LogoutViewModel.cs", "C#", 0, 0, 0, 0, 0, 0, 0, 0, 0, 0, 0, 0, 0, 0, 5, 0, 0, 2, 4, 11
"d:\workshops\eShop\src\Identity.API\Quickstart\Account\RedirectViewModel.cs", "C#", 0, 0, 0, 0, 0, 0, 0, 0, 0, 0, 0, 0, 0, 0, 5, 0, 0, 2, 5, 12
"d:\workshops\eShop\src\Identity.API\Quickstart\Consent\ConsentController.cs", "C#", 0, 0, 0, 0, 0, 0, 0, 0, 0, 0, 0, 0, 0, 0, 187, 0, 0, 27, 34, 248
"d:\workshops\eShop\src\Identity.API\Quickstart\Consent\ConsentInputModel.cs", "C#", 0, 0, 0, 0, 0, 0, 0, 0, 0, 0, 0, 0, 0, 0, 9, 0, 0, 2, 4, 15
"d:\workshops\eShop\src\Identity.API\Quickstart\Consent\ConsentOptions.cs", "C#", 0, 0, 0, 0, 0, 0, 0, 0, 0, 0, 0, 0, 0, 0, 9, 0, 0, 2, 5, 16
"d:\workshops\eShop\src\Identity.API\Quickstart\Consent\ConsentViewModel.cs", "C#", 0, 0, 0, 0, 0, 0, 0, 0, 0, 0, 0, 0, 0, 0, 10, 0, 0, 2, 5, 17
"d:\workshops\eShop\src\Identity.API\Quickstart\Consent\ProcessConsentResult.cs", "C#", 0, 0, 0, 0, 0, 0, 0, 0, 0, 0, 0, 0, 0, 0, 11, 0, 0, 2, 5, 18
"d:\workshops\eShop\src\Identity.API\Quickstart\Consent\ScopeViewModel.cs", "C#", 0, 0, 0, 0, 0, 0, 0, 0, 0, 0, 0, 0, 0, 0, 10, 0, 0, 2, 4, 16
"d:\workshops\eShop\src\Identity.API\Quickstart\Device\DeviceAuthorizationInputModel.cs", "C#", 0, 0, 0, 0, 0, 0, 0, 0, 0, 0, 0, 0, 0, 0, 5, 0, 0, 2, 4, 11
"d:\workshops\eShop\src\Identity.API\Quickstart\Device\DeviceAuthorizationViewModel.cs", "C#", 0, 0, 0, 0, 0, 0, 0, 0, 0, 0, 0, 0, 0, 0, 6, 0, 0, 2, 4, 12
"d:\workshops\eShop\src\Identity.API\Quickstart\Device\DeviceController.cs", "C#", 0, 0, 0, 0, 0, 0, 0, 0, 0, 0, 0, 0, 0, 0, 173, 0, 0, 10, 32, 215
"d:\workshops\eShop\src\Identity.API\Quickstart\Diagnostics\DiagnosticsController.cs", "C#", 0, 0, 0, 0, 0, 0, 0, 0, 0, 0, 0, 0, 0, 0, 16, 0, 0, 2, 5, 23
"d:\workshops\eShop\src\Identity.API\Quickstart\Diagnostics\DiagnosticsViewModel.cs", "C#", 0, 0, 0, 0, 0, 0, 0, 0, 0, 0, 0, 0, 0, 0, 19, 0, 0, 2, 8, 29
"d:\workshops\eShop\src\Identity.API\Quickstart\Extensions.cs", "C#", 0, 0, 0, 0, 0, 0, 0, 0, 0, 0, 0, 0, 0, 0, 15, 0, 0, 4, 4, 23
"d:\workshops\eShop\src\Identity.API\Quickstart\Grants\GrantsController.cs", "C#", 0, 0, 0, 0, 0, 0, 0, 0, 0, 0, 0, 0, 0, 0, 63, 0, 0, 11, 12, 86
"d:\workshops\eShop\src\Identity.API\Quickstart\Grants\GrantsViewModel.cs", "C#", 0, 0, 0, 0, 0, 0, 0, 0, 0, 0, 0, 0, 0, 0, 17, 0, 0, 2, 5, 24
"d:\workshops\eShop\src\Identity.API\Quickstart\Home\ErrorViewModel.cs", "C#", 0, 0, 0, 0, 0, 0, 0, 0, 0, 0, 0, 0, 0, 0, 12, 0, 0, 2, 5, 19
"d:\workshops\eShop\src\Identity.API\Quickstart\Home\HomeController.cs", "C#", 0, 0, 0, 0, 0, 0, 0, 0, 0, 0, 0, 0, 0, 0, 43, 0, 0, 8, 8, 59
"d:\workshops\eShop\src\Identity.API\Quickstart\SecurityHeadersAttribute.cs", "C#", 0, 0, 0, 0, 0, 0, 0, 0, 0, 0, 0, 0, 0, 0, 33, 0, 0, 12, 8, 53
"d:\workshops\eShop\src\Identity.API\Services\EFLoginService.cs", "C#", 0, 0, 0, 0, 0, 0, 0, 0, 0, 0, 0, 0, 0, 0, 29, 0, 0, 0, 6, 35
"d:\workshops\eShop\src\Identity.API\Services\ILoginService.cs", "C#", 0, 0, 0, 0, 0, 0, 0, 0, 0, 0, 0, 0, 0, 0, 10, 0, 0, 0, 4, 14
"d:\workshops\eShop\src\Identity.API\Services\IRedirectService.cs", "C#", 0, 0, 0, 0, 0, 0, 0, 0, 0, 0, 0, 0, 0, 0, 7, 0, 0, 0, 1, 8
"d:\workshops\eShop\src\Identity.API\Services\ProfileService.cs", "C#", 0, 0, 0, 0, 0, 0, 0, 0, 0, 0, 0, 0, 0, 0, 93, 0, 0, 0, 26, 119
"d:\workshops\eShop\src\Identity.API\Services\RedirectService.cs", "C#", 0, 0, 0, 0, 0, 0, 0, 0, 0, 0, 0, 0, 0, 0, 24, 0, 0, 0, 6, 30
"d:\workshops\eShop\src\Identity.API\UsersSeed.cs", "C#", 0, 0, 0, 0, 0, 0, 0, 0, 0, 0, 0, 0, 0, 0, 87, 0, 0, 0, 12, 99
"d:\workshops\eShop\src\Identity.API\Views\Account\AccessDenied.cshtml", "ASP.NET Razor", 0, 0, 0, 0, 0, 0, 0, 0, 0, 0, 0, 0, 0, 0, 0, 6, 0, 0, 1, 7
"d:\workshops\eShop\src\Identity.API\Views\Account\LoggedOut.cshtml", "ASP.NET Razor", 0, 0, 0, 0, 0, 0, 0, 0, 0, 0, 0, 0, 0, 0, 0, 29, 0, 0, 6, 35
"d:\workshops\eShop\src\Identity.API\Views\Account\Login.cshtml", "ASP.NET Razor", 0, 0, 0, 0, 0, 0, 0, 0, 0, 0, 0, 0, 0, 0, 0, 44, 0, 0, 3, 47
"d:\workshops\eShop\src\Identity.API\Views\Account\Logout.cshtml", "ASP.NET Razor", 0, 0, 0, 0, 0, 0, 0, 0, 0, 0, 0, 0, 0, 0, 0, 13, 0, 0, 3, 16
"d:\workshops\eShop\src\Identity.API\Views\Consent\Index.cshtml", "ASP.NET Razor", 0, 0, 0, 0, 0, 0, 0, 0, 0, 0, 0, 0, 0, 0, 0, 97, 0, 0, 8, 105
"d:\workshops\eShop\src\Identity.API\Views\Device\Success.cshtml", "ASP.NET Razor", 0, 0, 0, 0, 0, 0, 0, 0, 0, 0, 0, 0, 0, 0, 0, 6, 0, 0, 2, 8
"d:\workshops\eShop\src\Identity.API\Views\Device\UserCodeCapture.cshtml", "ASP.NET Razor", 0, 0, 0, 0, 0, 0, 0, 0, 0, 0, 0, 0, 0, 0, 0, 19, 0, 0, 5, 24
"d:\workshops\eShop\src\Identity.API\Views\Device\UserCodeConfirmation.cshtml", "ASP.NET Razor", 0, 0, 0, 0, 0, 0, 0, 0, 0, 0, 0, 0, 0, 0, 0, 101, 0, 0, 8, 109
"d:\workshops\eShop\src\Identity.API\Views\Diagnostics\Index.cshtml", "ASP.NET Razor", 0, 0, 0, 0, 0, 0, 0, 0, 0, 0, 0, 0, 0, 0, 0, 57, 0, 0, 8, 65
"d:\workshops\eShop\src\Identity.API\Views\Grants\Index.cshtml", "ASP.NET Razor", 0, 0, 0, 0, 0, 0, 0, 0, 0, 0, 0, 0, 0, 0, 0, 83, 0, 0, 4, 87
"d:\workshops\eShop\src\Identity.API\Views\Home\Index.cshtml", "ASP.NET Razor", 0, 0, 0, 0, 0, 0, 0, 0, 0, 0, 0, 0, 0, 0, 0, 29, 0, 0, 4, 33
"d:\workshops\eShop\src\Identity.API\Views\Shared\Error.cshtml", "ASP.NET Razor", 0, 0, 0, 0, 0, 0, 0, 0, 0, 0, 0, 0, 0, 0, 0, 34, 0, 0, 7, 41
"d:\workshops\eShop\src\Identity.API\Views\Shared\Redirect.cshtml", "ASP.NET Razor", 0, 0, 0, 0, 0, 0, 0, 0, 0, 0, 0, 0, 0, 0, 0, 9, 0, 0, 3, 12
"d:\workshops\eShop\src\Identity.API\Views\Shared\_Layout.cshtml", "ASP.NET Razor", 0, 0, 0, 0, 0, 0, 0, 0, 0, 0, 0, 0, 0, 0, 0, 43, 0, 0, 9, 52
"d:\workshops\eShop\src\Identity.API\Views\Shared\_ScopeListItem.cshtml", "ASP.NET Razor", 0, 0, 0, 0, 0, 0, 0, 0, 0, 0, 0, 0, 0, 0, 0, 33, 0, 0, 1, 34
"d:\workshops\eShop\src\Identity.API\Views\Shared\_ValidationSummary.cshtml", "ASP.NET Razor", 0, 0, 0, 0, 0, 0, 0, 0, 0, 0, 0, 0, 0, 0, 0, 7, 0, 0, 0, 7
"d:\workshops\eShop\src\Identity.API\Views\_ViewImports.cshtml", "ASP.NET Razor", 0, 0, 0, 0, 0, 0, 0, 0, 0, 0, 0, 0, 0, 0, 0, 2, 0, 0, 1, 3
"d:\workshops\eShop\src\Identity.API\Views\_ViewStart.cshtml", "ASP.NET Razor", 0, 0, 0, 0, 0, 0, 0, 0, 0, 0, 0, 0, 0, 0, 0, 3, 0, 0, 1, 4
"d:\workshops\eShop\src\Identity.API\appsettings.Development.json", "JSON", 5, 0, 0, 0, 0, 0, 0, 0, 0, 0, 0, 0, 0, 0, 0, 0, 0, 0, 0, 5
"d:\workshops\eShop\src\Identity.API\appsettings.Production.json", "JSON", 16, 0, 0, 0, 0, 0, 0, 0, 0, 0, 0, 0, 0, 0, 0, 0, 0, 0, 0, 16
"d:\workshops\eShop\src\Identity.API\appsettings.json", "JSON", 12, 0, 0, 0, 0, 0, 0, 0, 0, 0, 0, 0, 0, 0, 0, 0, 0, 0, 1, 13
"d:\workshops\eShop\src\Identity.API\bundleconfig.json", "JSON", 19, 0, 0, 0, 0, 0, 0, 0, 0, 0, 0, 0, 0, 0, 0, 0, 0, 5, 1, 25
"d:\workshops\eShop\src\Identity.API\libman.json", "JSON", 34, 0, 0, 0, 0, 0, 0, 0, 0, 0, 0, 0, 0, 0, 0, 0, 0, 0, 0, 34
"d:\workshops\eShop\src\Identity.API\wwwroot\_references.js", "JavaScript", 0, 0, 0, 0, 0, 0, 0, 0, 0, 0, 0, 0, 0, 0, 0, 0, 0, 6, 1, 7
"d:\workshops\eShop\src\Identity.API\wwwroot\css\site.css", "PostCSS", 0, 0, 0, 0, 0, 0, 0, 0, 0, 0, 0, 0, 0, 923, 0, 0, 0, 27, 186, 1136
"d:\workshops\eShop\src\Identity.API\wwwroot\fonts\Montserrat-Bold.svg", "XML", 0, 0, 0, 1933, 0, 0, 0, 0, 0, 0, 0, 0, 0, 0, 0, 0, 0, 0, 1, 1934
"d:\workshops\eShop\src\Identity.API\wwwroot\fonts\Montserrat-Regular.svg", "XML", 0, 0, 0, 1743, 0, 0, 0, 0, 0, 0, 0, 0, 0, 0, 0, 0, 0, 0, 1, 1744
"d:\workshops\eShop\src\Identity.API\wwwroot\fonts\Oswald-Bold.svg", "XML", 0, 0, 0, 3184, 0, 0, 0, 0, 0, 0, 0, 0, 0, 0, 0, 0, 0, 0, 1, 3185
"d:\workshops\eShop\src\Identity.API\wwwroot\fonts\Oswald-ExtraLight.svg", "XML", 0, 0, 0, 2860, 0, 0, 0, 0, 0, 0, 0, 0, 0, 0, 0, 0, 0, 0, 1, 2861
"d:\workshops\eShop\src\Identity.API\wwwroot\fonts\Oswald-Light.svg", "XML", 0, 0, 0, 2902, 0, 0, 0, 0, 0, 0, 0, 0, 0, 0, 0, 0, 0, 0, 1, 2903
"d:\workshops\eShop\src\Identity.API\wwwroot\fonts\Oswald-Medium.svg", "XML", 0, 0, 0, 3232, 0, 0, 0, 0, 0, 0, 0, 0, 0, 0, 0, 0, 0, 0, 1, 3233
"d:\workshops\eShop\src\Identity.API\wwwroot\fonts\Oswald-Regular.svg", "XML", 0, 0, 0, 2720, 0, 0, 0, 0, 0, 0, 0, 0, 0, 0, 0, 0, 0, 0, 1, 2721
"d:\workshops\eShop\src\Identity.API\wwwroot\fonts\Oswald-SemiBold.svg", "XML", 0, 0, 0, 3197, 0, 0, 0, 0, 0, 0, 0, 0, 0, 0, 0, 0, 0, 0, 1, 3198
"d:\workshops\eShop\src\Identity.API\wwwroot\images\arrow-right.svg", "XML", 0, 0, 0, 1, 0, 0, 0, 0, 0, 0, 0, 0, 0, 0, 0, 0, 0, 0, 0, 1
"d:\workshops\eShop\src\Identity.API\wwwroot\images\banner1.svg", "XML", 0, 0, 0, 1, 0, 0, 0, 0, 0, 0, 0, 0, 0, 0, 0, 0, 0, 0, 0, 1
"d:\workshops\eShop\src\Identity.API\wwwroot\images\banner2.svg", "XML", 0, 0, 0, 1, 0, 0, 0, 0, 0, 0, 0, 0, 0, 0, 0, 0, 0, 0, 0, 1
"d:\workshops\eShop\src\Identity.API\wwwroot\images\banner3.svg", "XML", 0, 0, 0, 1, 0, 0, 0, 0, 0, 0, 0, 0, 0, 0, 0, 0, 0, 0, 0, 1
"d:\workshops\eShop\src\Identity.API\wwwroot\images\banner4.svg", "XML", 0, 0, 0, 1, 0, 0, 0, 0, 0, 0, 0, 0, 0, 0, 0, 0, 0, 0, 0, 1
"d:\workshops\eShop\src\Identity.API\wwwroot\images\check.svg", "XML", 0, 0, 0, 7, 0, 0, 0, 0, 0, 0, 0, 0, 0, 0, 0, 0, 0, 0, 1, 8
"d:\workshops\eShop\src\Identity.API\wwwroot\images\logo-footer.svg", "XML", 0, 0, 0, 31, 0, 0, 0, 0, 0, 0, 0, 0, 0, 0, 0, 0, 0, 0, 1, 32
"d:\workshops\eShop\src\Identity.API\wwwroot\images\logo-header.svg", "XML", 0, 0, 0, 18, 0, 0, 0, 0, 0, 0, 0, 0, 0, 0, 0, 0, 0, 0, 0, 18
"d:\workshops\eShop\src\Identity.API\wwwroot\images\logo.svg", "XML", 0, 0, 0, 13, 0, 0, 0, 0, 0, 0, 0, 0, 0, 0, 0, 0, 0, 1, 0, 14
"d:\workshops\eShop\src\Identity.API\wwwroot\images\logo_color.svg", "XML", 0, 0, 0, 13, 0, 0, 0, 0, 0, 0, 0, 0, 0, 0, 0, 0, 0, 1, 0, 14
"d:\workshops\eShop\src\Identity.API\wwwroot\images\main_banner_text.svg", "XML", 0, 0, 0, 6, 0, 0, 0, 0, 0, 0, 0, 0, 0, 0, 0, 0, 0, 0, 0, 6
"d:\workshops\eShop\src\Identity.API\wwwroot\images\refresh.svg", "XML", 0, 0, 0, 43, 0, 0, 0, 0, 0, 0, 0, 0, 0, 0, 0, 0, 0, 1, 1, 45
"d:\workshops\eShop\src\Identity.API\wwwroot\js\signin-redirect.js", "JavaScript", 0, 0, 0, 0, 0, 0, 0, 0, 0, 0, 0, 0, 1, 0, 0, 0, 0, 0, 1, 2
"d:\workshops\eShop\src\Identity.API\wwwroot\js\signout-redirect.js", "JavaScript", 0, 0, 0, 0, 0, 0, 0, 0, 0, 0, 0, 0, 6, 0, 0, 0, 0, 0, 1, 7
"d:\workshops\eShop\src\Identity.API\wwwroot\js\site.js", "JavaScript", 0, 0, 0, 0, 0, 0, 0, 0, 0, 0, 0, 0, 0, 0, 0, 0, 0, 1, 1, 2
"d:\workshops\eShop\src\Identity.API\wwwroot\js\site.min.js", "JavaScript", 0, 0, 0, 0, 0, 0, 0, 0, 0, 0, 0, 0, 0, 0, 0, 0, 0, 0, 1, 1
"d:\workshops\eShop\src\IntegrationEventLogEF\EventStateEnum.cs", "C#", 0, 0, 0, 0, 0, 0, 0, 0, 0, 0, 0, 0, 0, 0, 8, 0, 0, 0, 3, 11
"d:\workshops\eShop\src\IntegrationEventLogEF\GlobalUsings.cs", "C#", 0, 0, 0, 0, 0, 0, 0, 0, 0, 0, 0, 0, 0, 0, 8, 0, 0, 0, 1, 9
"d:\workshops\eShop\src\IntegrationEventLogEF\IntegrationEventLogEF.csproj", "XML", 0, 0, 0, 13, 0, 0, 0, 0, 0, 0, 0, 0, 0, 0, 0, 0, 0, 0, 4, 17
"d:\workshops\eShop\src\IntegrationEventLogEF\IntegrationEventLogEntry.cs", "C#", 0, 0, 0, 0, 0, 0, 0, 0, 0, 0, 0, 0, 0, 0, 36, 0, 0, 0, 5, 41
"d:\workshops\eShop\src\IntegrationEventLogEF\IntegrationLogExtensions.cs", "C#", 0, 0, 0, 0, 0, 0, 0, 0, 0, 0, 0, 0, 0, 0, 12, 0, 0, 0, 3, 15
"d:\workshops\eShop\src\IntegrationEventLogEF\Services\IIntegrationEventLogService.cs", "C#", 0, 0, 0, 0, 0, 0, 0, 0, 0, 0, 0, 0, 0, 0, 9, 0, 0, 0, 2, 11
"d:\workshops\eShop\src\IntegrationEventLogEF\Services\IntegrationEventLogService.cs", "C#", 0, 0, 0, 0, 0, 0, 0, 0, 0, 0, 0, 0, 0, 0, 72, 0, 0, 0, 20, 92
"d:\workshops\eShop\src\IntegrationEventLogEF\Utilities\ResilientTransaction.cs", "C#", 0, 0, 0, 0, 0, 0, 0, 0, 0, 0, 0, 0, 0, 0, 18, 0, 0, 2, 4, 24
"d:\workshops\eShop\src\OrderProcessor\BackgroundTaskOptions.cs", "C#", 0, 0, 0, 0, 0, 0, 0, 0, 0, 0, 0, 0, 0, 0, 6, 0, 0, 0, 3, 9
"d:\workshops\eShop\src\OrderProcessor\Events\GracePeriodConfirmedIntegrationEvent.cs", "C#", 0, 0, 0, 0, 0, 0, 0, 0, 0, 0, 0, 0, 0, 0, 10, 0, 0, 0, 3, 13
"d:\workshops\eShop\src\OrderProcessor\Extensions\Extensions.cs", "C#", 0, 0, 0, 0, 0, 0, 0, 0, 0, 0, 0, 0, 0, 0, 19, 0, 0, 0, 8, 27
"d:\workshops\eShop\src\OrderProcessor\GlobalUsings.cs", "C#", 0, 0, 0, 0, 0, 0, 0, 0, 0, 0, 0, 0, 0, 0, 7, 0, 0, 0, 1, 8
"d:\workshops\eShop\src\OrderProcessor\OrderProcessor.csproj", "XML", 0, 0, 0, 14, 0, 0, 0, 0, 0, 0, 0, 0, 0, 0, 0, 0, 0, 0, 4, 18
"d:\workshops\eShop\src\OrderProcessor\Program.cs", "C#", 0, 0, 0, 0, 0, 0, 0, 0, 0, 0, 0, 0, 0, 0, 6, 0, 0, 0, 5, 11
"d:\workshops\eShop\src\OrderProcessor\Properties\launchSettings.json", "JSON", 11, 0, 0, 0, 0, 0, 0, 0, 0, 0, 0, 0, 0, 0, 0, 0, 0, 0, 0, 11
"d:\workshops\eShop\src\OrderProcessor\Services\GracePeriodManagerService.cs", "C#", 0, 0, 0, 0, 0, 0, 0, 0, 0, 0, 0, 0, 0, 0, 78, 0, 0, 0, 18, 96
"d:\workshops\eShop\src\OrderProcessor\appsettings.Development.json", "JSON", 12, 0, 0, 0, 0, 0, 0, 0, 0, 0, 0, 0, 0, 0, 0, 0, 0, 0, 1, 13
"d:\workshops\eShop\src\OrderProcessor\appsettings.Production.json", "JSON", 20, 0, 0, 0, 0, 0, 0, 0, 0, 0, 0, 0, 0, 0, 0, 0, 0, 0, 0, 20
"d:\workshops\eShop\src\OrderProcessor\appsettings.json", "JSON", 18, 0, 0, 0, 0, 0, 0, 0, 0, 0, 0, 0, 0, 0, 0, 0, 0, 0, 0, 18
"d:\workshops\eShop\src\Ordering.API\Apis\Filters\ValidRequestIdFilter.cs", "C#", 0, 0, 0, 0, 0, 0, 0, 0, 0, 0, 0, 0, 0, 0, 39, 0, 0, 0, 8, 47
"d:\workshops\eShop\src\Ordering.API\Apis\OrderServices.cs", "C#", 0, 0, 0, 0, 0, 0, 0, 0, 0, 0, 0, 0, 0, 0, 11, 0, 0, 0, 1, 12
"d:\workshops\eShop\src\Ordering.API\Apis\OrdersApi.cs", "C#", 0, 0, 0, 0, 0, 0, 0, 0, 0, 0, 0, 0, 0, 0, 144, 0, 0, 1, 29, 174
"d:\workshops\eShop\src\Ordering.API\Application\Behaviors\LoggingBehavior.cs", "C#", 0, 0, 0, 0, 0, 0, 0, 0, 0, 0, 0, 0, 0, 0, 13, 0, 0, 0, 4, 17
"d:\workshops\eShop\src\Ordering.API\Application\Behaviors\TransactionBehavior.cs", "C#", 0, 0, 0, 0, 0, 0, 0, 0, 0, 0, 0, 0, 0, 0, 49, 0, 0, 0, 16, 65
"d:\workshops\eShop\src\Ordering.API\Application\Behaviors\ValidatorBehavior.cs", "C#", 0, 0, 0, 0, 0, 0, 0, 0, 0, 0, 0, 0, 0, 0, 29, 0, 0, 0, 10, 39
"d:\workshops\eShop\src\Ordering.API\Application\Commands\CancelOrderCommand.cs", "C#", 0, 0, 0, 0, 0, 0, 0, 0, 0, 0, 0, 0, 0, 0, 2, 0, 0, 0, 3, 5
"d:\workshops\eShop\src\Ordering.API\Application\Commands\CancelOrderCommandHandler.cs", "C#", 0, 0, 0, 0, 0, 0, 0, 0, 0, 0, 0, 0, 0, 0, 33, 0, 0, 8, 8, 49
"d:\workshops\eShop\src\Ordering.API\Application\Commands\CreateOrderCommand.cs", "C#", 0, 0, 0, 0, 0, 0, 0, 0, 0, 0, 0, 0, 0, 0, 58, 0, 0, 8, 20, 86
"d:\workshops\eShop\src\Ordering.API\Application\Commands\CreateOrderCommandHandler.cs", "C#", 0, 0, 0, 0, 0, 0, 0, 0, 0, 0, 0, 0, 0, 0, 51, 0, 0, 8, 13, 72
"d:\workshops\eShop\src\Ordering.API\Application\Commands\CreateOrderDraftCommand.cs", "C#", 0, 0, 0, 0, 0, 0, 0, 0, 0, 0, 0, 0, 0, 0, 3, 0, 0, 0, 2, 5
"d:\workshops\eShop\src\Ordering.API\Application\Commands\CreateOrderDraftCommandHandler.cs", "C#", 0, 0, 0, 0, 0, 0, 0, 0, 0, 0, 0, 0, 0, 0, 47, 0, 0, 1, 12, 60
"d:\workshops\eShop\src\Ordering.API\Application\Commands\IdentifiedCommand.cs", "C#", 0, 0, 0, 0, 0, 0, 0, 0, 0, 0, 0, 0, 0, 0, 12, 0, 0, 0, 2, 14
"d:\workshops\eShop\src\Ordering.API\Application\Commands\IdentifiedCommandHandler.cs", "C#", 0, 0, 0, 0, 0, 0, 0, 0, 0, 0, 0, 0, 0, 0, 76, 0, 0, 17, 13, 106
"d:\workshops\eShop\src\Ordering.API\Application\Commands\SetAwaitingValidationOrderStatusCommand.cs", "C#", 0, 0, 0, 0, 0, 0, 0, 0, 0, 0, 0, 0, 0, 0, 2, 0, 0, 0, 2, 4
"d:\workshops\eShop\src\Ordering.API\Application\Commands\SetAwaitingValidationOrderStatusCommandHandler.cs", "C#", 0, 0, 0, 0, 0, 0, 0, 0, 0, 0, 0, 0, 0, 0, 33, 0, 0, 8, 8, 49
"d:\workshops\eShop\src\Ordering.API\Application\Commands\SetPaidOrderStatusCommand.cs", "C#", 0, 0, 0, 0, 0, 0, 0, 0, 0, 0, 0, 0, 0, 0, 2, 0, 0, 0, 2, 4
"d:\workshops\eShop\src\Ordering.API\Application\Commands\SetPaidOrderStatusCommandHandler.cs", "C#", 0, 0, 0, 0, 0, 0, 0, 0, 0, 0, 0, 0, 0, 0, 34, 0, 0, 9, 9, 52
"d:\workshops\eShop\src\Ordering.API\Application\Commands\SetStockConfirmedOrderStatusCommand.cs", "C#", 0, 0, 0, 0, 0, 0, 0, 0, 0, 0, 0, 0, 0, 0, 2, 0, 0, 0, 2, 4
"d:\workshops\eShop\src\Ordering.API\Application\Commands\SetStockConfirmedOrderStatusCommandHandler.cs", "C#", 0, 0, 0, 0, 0, 0, 0, 0, 0, 0, 0, 0, 0, 0, 34, 0, 0, 9, 9, 52
"d:\workshops\eShop\src\Ordering.API\Application\Commands\SetStockRejectedOrderStatusCommand.cs", "C#", 0, 0, 0, 0, 0, 0, 0, 0, 0, 0, 0, 0, 0, 0, 2, 0, 0, 0, 2, 4
"d:\workshops\eShop\src\Ordering.API\Application\Commands\SetStockRejectedOrderStatusCommandHandler.cs", "C#", 0, 0, 0, 0, 0, 0, 0, 0, 0, 0, 0, 0, 0, 0, 34, 0, 0, 9, 10, 53
"d:\workshops\eShop\src\Ordering.API\Application\Commands\ShipOrderCommand.cs", "C#", 0, 0, 0, 0, 0, 0, 0, 0, 0, 0, 0, 0, 0, 0, 2, 0, 0, 0, 2, 4
"d:\workshops\eShop\src\Ordering.API\Application\Commands\ShipOrderCommandHandler.cs", "C#", 0, 0, 0, 0, 0, 0, 0, 0, 0, 0, 0, 0, 0, 0, 33, 0, 0, 8, 8, 49
"d:\workshops\eShop\src\Ordering.API\Application\DomainEventHandlers\OrderCancelledDomainEventHandler.cs", "C#", 0, 0, 0, 0, 0, 0, 0, 0, 0, 0, 0, 0, 0, 0, 28, 0, 0, 0, 6, 34
"d:\workshops\eShop\src\Ordering.API\Application\DomainEventHandlers\OrderShippedDomainEventHandler.cs", "C#", 0, 0, 0, 0, 0, 0, 0, 0, 0, 0, 0, 0, 0, 0, 28, 0, 0, 0, 6, 34
"d:\workshops\eShop\src\Ordering.API\Application\DomainEventHandlers\OrderStatusChangedToAwaitingValidationDomainEventHandler.cs", "C#", 0, 0, 0, 0, 0, 0, 0, 0, 0, 0, 0, 0, 0, 0, 30, 0, 0, 0, 7, 37
"d:\workshops\eShop\src\Ordering.API\Application\DomainEventHandlers\OrderStatusChangedToPaidDomainEventHandler.cs", "C#", 0, 0, 0, 0, 0, 0, 0, 0, 0, 0, 0, 0, 0, 0, 34, 0, 0, 0, 8, 42
"d:\workshops\eShop\src\Ordering.API\Application\DomainEventHandlers\OrderStatusChangedToStockConfirmedDomainEventHandler.cs", "C#", 0, 0, 0, 0, 0, 0, 0, 0, 0, 0, 0, 0, 0, 0, 28, 0, 0, 0, 6, 34
"d:\workshops\eShop\src\Ordering.API\Application\DomainEventHandlers\UpdateOrderWhenBuyerAndPaymentMethodVerifiedDomainEventHandler.cs", "C#", 0, 0, 0, 0, 0, 0, 0, 0, 0, 0, 0, 0, 0, 0, 19, 0, 0, 3, 4, 26
"d:\workshops\eShop\src\Ordering.API\Application\DomainEventHandlers\ValidateOrAddBuyerAggregateWhenOrderStartedDomainEventHandler.cs", "C#", 0, 0, 0, 0, 0, 0, 0, 0, 0, 0, 0, 0, 0, 0, 43, 0, 0, 2, 10, 55
"d:\workshops\eShop\src\Ordering.API\Application\IntegrationEvents\EventHandling\GracePeriodConfirmedIntegrationEventHandler.cs", "C#", 0, 0, 0, 0, 0, 0, 0, 0, 0, 0, 0, 0, 0, 0, 18, 0, 0, 8, 5, 31
"d:\workshops\eShop\src\Ordering.API\Application\IntegrationEvents\EventHandling\OrderPaymentFailedIntegrationEventHandler.cs", "C#", 0, 0, 0, 0, 0, 0, 0, 0, 0, 0, 0, 0, 0, 0, 19, 0, 0, 0, 5, 24
"d:\workshops\eShop\src\Ordering.API\Application\IntegrationEvents\EventHandling\OrderPaymentSucceededIntegrationEventHandler.cs", "C#", 0, 0, 0, 0, 0, 0, 0, 0, 0, 0, 0, 0, 0, 0, 19, 0, 0, 0, 5, 24
"d:\workshops\eShop\src\Ordering.API\Application\IntegrationEvents\EventHandling\OrderStockConfirmedIntegrationEventHandler.cs", "C#", 0, 0, 0, 0, 0, 0, 0, 0, 0, 0, 0, 0, 0, 0, 19, 0, 0, 0, 5, 24
"d:\workshops\eShop\src\Ordering.API\Application\IntegrationEvents\EventHandling\OrderStockRejectedIntegrationEventHandler.cs", "C#", 0, 0, 0, 0, 0, 0, 0, 0, 0, 0, 0, 0, 0, 0, 22, 0, 0, 0, 5, 27
"d:\workshops\eShop\src\Ordering.API\Application\IntegrationEvents\Events\GracePeriodConfirmedIntegrationEvent.cs", "C#", 0, 0, 0, 0, 0, 0, 0, 0, 0, 0, 0, 0, 0, 0, 7, 0, 0, 0, 4, 11
"d:\workshops\eShop\src\Ordering.API\Application\IntegrationEvents\Events\OrderPaymentFailedIntegrationEvent .cs", "C#", 0, 0, 0, 0, 0, 0, 0, 0, 0, 0, 0, 0, 0, 0, 6, 0, 0, 0, 3, 9
"d:\workshops\eShop\src\Ordering.API\Application\IntegrationEvents\Events\OrderPaymentSucceededIntegrationEvent.cs", "C#", 0, 0, 0, 0, 0, 0, 0, 0, 0, 0, 0, 0, 0, 0, 6, 0, 0, 0, 3, 9
"d:\workshops\eShop\src\Ordering.API\Application\IntegrationEvents\Events\OrderStartedIntegrationEvent.cs", "C#", 0, 0, 0, 0, 0, 0, 0, 0, 0, 0, 0, 0, 0, 0, 7, 0, 0, 3, 3, 13
"d:\workshops\eShop\src\Ordering.API\Application\IntegrationEvents\Events\OrderStatusChangedToAwaitingValidationIntegrationEvent.cs", "C#", 0, 0, 0, 0, 0, 0, 0, 0, 0, 0, 0, 0, 0, 0, 29, 0, 0, 0, 5, 34
"d:\workshops\eShop\src\Ordering.API\Application\IntegrationEvents\Events\OrderStatusChangedToCancelledIntegrationEvent.cs", "C#", 0, 0, 0, 0, 0, 0, 0, 0, 0, 0, 0, 0, 0, 0, 16, 0, 0, 0, 3, 19
"d:\workshops\eShop\src\Ordering.API\Application\IntegrationEvents\Events\OrderStatusChangedToPaidIntegrationEvent.cs", "C#", 0, 0, 0, 0, 0, 0, 0, 0, 0, 0, 0, 0, 0, 0, 19, 0, 0, 0, 4, 23
"d:\workshops\eShop\src\Ordering.API\Application\IntegrationEvents\Events\OrderStatusChangedToShippedIntegrationEvent.cs", "C#", 0, 0, 0, 0, 0, 0, 0, 0, 0, 0, 0, 0, 0, 0, 16, 0, 0, 0, 3, 19
"d:\workshops\eShop\src\Ordering.API\Application\IntegrationEvents\Events\OrderStatusChangedToStockConfirmedIntegrationEvent.cs", "C#", 0, 0, 0, 0, 0, 0, 0, 0, 0, 0, 0, 0, 0, 0, 16, 0, 0, 0, 3, 19
"d:\workshops\eShop\src\Ordering.API\Application\IntegrationEvents\Events\OrderStatusChangedTosubmittedIntegrationEvent.cs", "C#", 0, 0, 0, 0, 0, 0, 0, 0, 0, 0, 0, 0, 0, 0, 16, 0, 0, 0, 3, 19
"d:\workshops\eShop\src\Ordering.API\Application\IntegrationEvents\Events\OrderStockConfirmedIntegrationEvent.cs", "C#", 0, 0, 0, 0, 0, 0, 0, 0, 0, 0, 0, 0, 0, 0, 6, 0, 0, 0, 3, 9
"d:\workshops\eShop\src\Ordering.API\Application\IntegrationEvents\Events\OrderStockRejectedIntegrationEvent.cs", "C#", 0, 0, 0, 0, 0, 0, 0, 0, 0, 0, 0, 0, 0, 0, 22, 0, 0, 0, 6, 28
"d:\workshops\eShop\src\Ordering.API\Application\IntegrationEvents\IOrderingIntegrationEventService.cs", "C#", 0, 0, 0, 0, 0, 0, 0, 0, 0, 0, 0, 0, 0, 0, 6, 0, 0, 0, 2, 8
"d:\workshops\eShop\src\Ordering.API\Application\IntegrationEvents\OrderingIntegrationEventService.cs", "C#", 0, 0, 0, 0, 0, 0, 0, 0, 0, 0, 0, 0, 0, 0, 35, 0, 0, 0, 8, 43
"d:\workshops\eShop\src\Ordering.API\Application\Models\BasketItem.cs", "C#", 0, 0, 0, 0, 0, 0, 0, 0, 0, 0, 0, 0, 0, 0, 11, 0, 0, 0, 3, 14
"d:\workshops\eShop\src\Ordering.API\Application\Models\CustomerBasket.cs", "C#", 0, 0, 0, 0, 0, 0, 0, 0, 0, 0, 0, 0, 0, 0, 11, 0, 0, 0, 3, 14
"d:\workshops\eShop\src\Ordering.API\Application\Queries\IOrderQueries.cs", "C#", 0, 0, 0, 0, 0, 0, 0, 0, 0, 0, 0, 0, 0, 0, 8, 0, 0, 0, 5, 13
"d:\workshops\eShop\src\Ordering.API\Application\Queries\OrderHistoryQuery.cs", "C#", 0, 0, 0, 0, 0, 0, 0, 0, 0, 0, 0, 0, 0, 0, 9, 0, 0, 0, 6, 15
"d:\workshops\eShop\src\Ordering.API\Application\Queries\OrderQueries.cs", "C#", 0, 0, 0, 0, 0, 0, 0, 0, 0, 0, 0, 0, 0, 0, 70, 0, 0, 0, 13, 83
"d:\workshops\eShop\src\Ordering.API\Application\Queries\OrderViewModel.cs", "C#", 0, 0, 0, 0, 0, 0, 0, 0, 0, 0, 0, 0, 0, 0, 34, 0, 0, 0, 5, 39
"d:\workshops\eShop\src\Ordering.API\Application\Validations\CancelOrderCommandValidator.cs", "C#", 0, 0, 0, 0, 0, 0, 0, 0, 0, 0, 0, 0, 0, 0, 12, 0, 0, 0, 3, 15
"d:\workshops\eShop\src\Ordering.API\Application\Validations\CreateOrderCommandValidator.cs", "C#", 0, 0, 0, 0, 0, 0, 0, 0, 0, 0, 0, 0, 0, 0, 30, 0, 0, 0, 4, 34
"d:\workshops\eShop\src\Ordering.API\Application\Validations\IdentifiedCommandValidator.cs", "C#", 0, 0, 0, 0, 0, 0, 0, 0, 0, 0, 0, 0, 0, 0, 12, 0, 0, 0, 3, 15
"d:\workshops\eShop\src\Ordering.API\Application\Validations\ShipOrderCommandValidator.cs", "C#", 0, 0, 0, 0, 0, 0, 0, 0, 0, 0, 0, 0, 0, 0, 12, 0, 0, 0, 3, 15
"d:\workshops\eShop\src\Ordering.API\Extensions\BasketItemExtensions.cs", "C#", 0, 0, 0, 0, 0, 0, 0, 0, 0, 0, 0, 0, 0, 0, 22, 0, 0, 0, 3, 25
"d:\workshops\eShop\src\Ordering.API\Extensions\Extensions.cs", "C#", 0, 0, 0, 0, 0, 0, 0, 0, 0, 0, 0, 0, 0, 0, 41, 0, 0, 4, 14, 59
"d:\workshops\eShop\src\Ordering.API\Extensions\LinqSelectExtensions.cs", "C#", 0, 0, 0, 0, 0, 0, 0, 0, 0, 0, 0, 0, 0, 0, 40, 0, 0, 0, 6, 46
"d:\workshops\eShop\src\Ordering.API\Extensions\OrderingApiTrace.cs", "C#", 0, 0, 0, 0, 0, 0, 0, 0, 0, 0, 0, 0, 0, 0, 10, 0, 0, 0, 4, 14
"d:\workshops\eShop\src\Ordering.API\GlobalUsings.cs", "C#", 0, 0, 0, 0, 0, 0, 0, 0, 0, 0, 0, 0, 0, 0, 30, 0, 0, 0, 1, 31
"d:\workshops\eShop\src\Ordering.API\Infrastructure\OrderingContextSeed.cs", "C#", 0, 0, 0, 0, 0, 0, 0, 0, 0, 0, 0, 0, 0, 0, 20, 0, 0, 0, 6, 26
"d:\workshops\eShop\src\Ordering.API\Infrastructure\Services\IIdentityService.cs", "C#", 0, 0, 0, 0, 0, 0, 0, 0, 0, 0, 0, 0, 0, 0, 6, 0, 0, 0, 4, 10
"d:\workshops\eShop\src\Ordering.API\Infrastructure\Services\IdentityService.cs", "C#", 0, 0, 0, 0, 0, 0, 0, 0, 0, 0, 0, 0, 0, 0, 8, 0, 0, 0, 3, 11
"d:\workshops\eShop\src\Ordering.API\Ordering.API.csproj", "XML", 0, 0, 0, 38, 0, 0, 0, 0, 0, 0, 0, 0, 0, 0, 0, 0, 0, 0, 7, 45
"d:\workshops\eShop\src\Ordering.API\Program.Testing.cs", "C#", 0, 0, 0, 0, 0, 0, 0, 0, 0, 0, 0, 0, 0, 0, 1, 0, 0, 5, 1, 7
"d:\workshops\eShop\src\Ordering.API\Program.cs", "C#", 0, 0, 0, 0, 0, 0, 0, 0, 0, 0, 0, 0, 0, 0, 13, 0, 0, 0, 9, 22
"d:\workshops\eShop\src\Ordering.API\Properties\launchSettings.json", "JSON", 12, 0, 0, 0, 0, 0, 0, 0, 0, 0, 0, 0, 0, 0, 0, 0, 0, 0, 0, 12
"d:\workshops\eShop\src\Ordering.API\appsettings.Development.json", "JSON", 5, 0, 0, 0, 0, 0, 0, 0, 0, 0, 0, 0, 0, 0, 0, 0, 0, 0, 0, 5
"d:\workshops\eShop\src\Ordering.API\appsettings.Production.json", "JSON", 36, 0, 0, 0, 0, 0, 0, 0, 0, 0, 0, 0, 0, 0, 0, 0, 0, 0, 0, 36
"d:\workshops\eShop\src\Ordering.API\appsettings.json", "JSON", 35, 0, 0, 0, 0, 0, 0, 0, 0, 0, 0, 0, 0, 0, 0, 0, 0, 0, 1, 36
"d:\workshops\eShop\src\Ordering.Domain\AggregatesModel\BuyerAggregate\Buyer.cs", "C#", 0, 0, 0, 0, 0, 0, 0, 0, 0, 0, 0, 0, 0, 0, 36, 0, 0, 0, 16, 52
"d:\workshops\eShop\src\Ordering.Domain\AggregatesModel\BuyerAggregate\CardType.cs", "C#", 0, 0, 0, 0, 0, 0, 0, 0, 0, 0, 0, 0, 0, 0, 6, 0, 0, 0, 2, 8
"d:\workshops\eShop\src\Ordering.Domain\AggregatesModel\BuyerAggregate\IBuyerRepository.cs", "C#", 0, 0, 0, 0, 0, 0, 0, 0, 0, 0, 0, 0, 0, 0, 8, 0, 0, 2, 4, 14
"d:\workshops\eShop\src\Ordering.Domain\AggregatesModel\BuyerAggregate\PaymentMethod.cs", "C#", 0, 0, 0, 0, 0, 0, 0, 0, 0, 0, 0, 0, 0, 0, 35, 0, 0, 0, 9, 44
"d:\workshops\eShop\src\Ordering.Domain\AggregatesModel\OrderAggregate\Address.cs", "C#", 0, 0, 0, 0, 0, 0, 0, 0, 0, 0, 0, 0, 0, 0, 27, 0, 0, 1, 6, 34
"d:\workshops\eShop\src\Ordering.Domain\AggregatesModel\OrderAggregate\IOrderRepository.cs", "C#", 0, 0, 0, 0, 0, 0, 0, 0, 0, 0, 0, 0, 0, 0, 7, 0, 0, 2, 5, 14
"d:\workshops\eShop\src\Ordering.Domain\AggregatesModel\OrderAggregate\Order.cs", "C#", 0, 0, 0, 0, 0, 0, 0, 0, 0, 0, 0, 0, 0, 0, 137, 0, 0, 14, 36, 187
"d:\workshops\eShop\src\Ordering.Domain\AggregatesModel\OrderAggregate\OrderItem.cs", "C#", 0, 0, 0, 0, 0, 0, 0, 0, 0, 0, 0, 0, 0, 0, 47, 0, 0, 0, 17, 64
"d:\workshops\eShop\src\Ordering.Domain\AggregatesModel\OrderAggregate\OrderStatus.cs", "C#", 0, 0, 0, 0, 0, 0, 0, 0, 0, 0, 0, 0, 0, 0, 12, 0, 0, 0, 3, 15
"d:\workshops\eShop\src\Ordering.Domain\Events\BuyerPaymentMethodVerifiedDomainEvent.cs", "C#", 0, 0, 0, 0, 0, 0, 0, 0, 0, 0, 0, 0, 0, 0, 14, 0, 0, 0, 3, 17
"d:\workshops\eShop\src\Ordering.Domain\Events\OrderCancelledDomainEvent.cs", "C#", 0, 0, 0, 0, 0, 0, 0, 0, 0, 0, 0, 0, 0, 0, 9, 0, 0, 0, 4, 13
"d:\workshops\eShop\src\Ordering.Domain\Events\OrderShippedDomainEvent.cs", "C#", 0, 0, 0, 0, 0, 0, 0, 0, 0, 0, 0, 0, 0, 0, 9, 0, 0, 0, 3, 12
"d:\workshops\eShop\src\Ordering.Domain\Events\OrderStartedDomainEvent.cs", "C#", 0, 0, 0, 0, 0, 0, 0, 0, 0, 0, 0, 0, 0, 0, 10, 0, 0, 3, 3, 16
"d:\workshops\eShop\src\Ordering.Domain\Events\OrderStatusChangedToAwaitingValidationDomainEvent.cs", "C#", 0, 0, 0, 0, 0, 0, 0, 0, 0, 0, 0, 0, 0, 0, 13, 0, 0, 3, 3, 19
"d:\workshops\eShop\src\Ordering.Domain\Events\OrderStatusChangedToPaidDomainEvent.cs", "C#", 0, 0, 0, 0, 0, 0, 0, 0, 0, 0, 0, 0, 0, 0, 13, 0, 0, 3, 3, 19
"d:\workshops\eShop\src\Ordering.Domain\Events\OrderStatusChangedToStockConfirmedDomainEvent.cs", "C#", 0, 0, 0, 0, 0, 0, 0, 0, 0, 0, 0, 0, 0, 0, 8, 0, 0, 3, 3, 14
"d:\workshops\eShop\src\Ordering.Domain\Exceptions\OrderingDomainException.cs", "C#", 0, 0, 0, 0, 0, 0, 0, 0, 0, 0, 0, 0, 0, 0, 12, 0, 0, 3, 4, 19
"d:\workshops\eShop\src\Ordering.Domain\GlobalUsings.cs", "C#", 0, 0, 0, 0, 0, 0, 0, 0, 0, 0, 0, 0, 0, 0, 7, 0, 0, 0, 1, 8
"d:\workshops\eShop\src\Ordering.Domain\Ordering.Domain.csproj", "XML", 0, 0, 0, 9, 0, 0, 0, 0, 0, 0, 0, 0, 0, 0, 0, 0, 0, 0, 4, 13
"d:\workshops\eShop\src\Ordering.Domain\SeedWork\Entity.cs", "C#", 0, 0, 0, 0, 0, 0, 0, 0, 0, 0, 0, 0, 0, 0, 72, 0, 0, 0, 16, 88
"d:\workshops\eShop\src\Ordering.Domain\SeedWork\IAggregateRoot.cs", "C#", 0, 0, 0, 0, 0, 0, 0, 0, 0, 0, 0, 0, 0, 0, 2, 0, 0, 0, 4, 6
"d:\workshops\eShop\src\Ordering.Domain\SeedWork\IRepository.cs", "C#", 0, 0, 0, 0, 0, 0, 0, 0, 0, 0, 0, 0, 0, 0, 5, 0, 0, 0, 2, 7
"d:\workshops\eShop\src\Ordering.Domain\SeedWork\IUnitOfWork.cs", "C#", 0, 0, 0, 0, 0, 0, 0, 0, 0, 0, 0, 0, 0, 0, 6, 0, 0, 0, 2, 8
"d:\workshops\eShop\src\Ordering.Domain\SeedWork\ValueObject.cs", "C#", 0, 0, 0, 0, 0, 0, 0, 0, 0, 0, 0, 0, 0, 0, 36, 0, 0, 0, 9, 45
"d:\workshops\eShop\src\Ordering.Infrastructure\EntityConfigurations\BuyerEntityTypeConfiguration.cs", "C#", 0, 0, 0, 0, 0, 0, 0, 0, 0, 0, 0, 0, 0, 0, 18, 0, 0, 0, 7, 25
"d:\workshops\eShop\src\Ordering.Infrastructure\EntityConfigurations\CardTypeEntityTypeConfiguration.cs", "C#", 0, 0, 0, 0, 0, 0, 0, 0, 0, 0, 0, 0, 0, 0, 14, 0, 0, 0, 4, 18
"d:\workshops\eShop\src\Ordering.Infrastructure\EntityConfigurations\ClientRequestEntityTypeConfiguration.cs", "C#", 0, 0, 0, 0, 0, 0, 0, 0, 0, 0, 0, 0, 0, 0, 9, 0, 0, 0, 2, 11
"d:\workshops\eShop\src\Ordering.Infrastructure\EntityConfigurations\OrderEntityTypeConfiguration.cs", "C#", 0, 0, 0, 0, 0, 0, 0, 0, 0, 0, 0, 0, 0, 0, 27, 0, 0, 1, 9, 37
"d:\workshops\eShop\src\Ordering.Infrastructure\EntityConfigurations\OrderItemEntityTypeConfiguration.cs", "C#", 0, 0, 0, 0, 0, 0, 0, 0, 0, 0, 0, 0, 0, 0, 13, 0, 0, 0, 5, 18
"d:\workshops\eShop\src\Ordering.Infrastructure\EntityConfigurations\PaymentMethodEntityTypeConfiguration.cs", "C#", 0, 0, 0, 0, 0, 0, 0, 0, 0, 0, 0, 0, 0, 0, 36, 0, 0, 0, 11, 47
"d:\workshops\eShop\src\Ordering.Infrastructure\GlobalUsings.cs", "C#", 0, 0, 0, 0, 0, 0, 0, 0, 0, 0, 0, 0, 0, 0, 12, 0, 0, 0, 1, 13
"d:\workshops\eShop\src\Ordering.Infrastructure\Idempotency\ClientRequest.cs", "C#", 0, 0, 0, 0, 0, 0, 0, 0, 0, 0, 0, 0, 0, 0, 9, 0, 0, 0, 3, 12
"d:\workshops\eShop\src\Ordering.Infrastructure\Idempotency\IRequestManager.cs", "C#", 0, 0, 0, 0, 0, 0, 0, 0, 0, 0, 0, 0, 0, 0, 6, 0, 0, 0, 3, 9
"d:\workshops\eShop\src\Ordering.Infrastructure\Idempotency\RequestManager.cs", "C#", 0, 0, 0, 0, 0, 0, 0, 0, 0, 0, 0, 0, 0, 0, 29, 0, 0, 0, 10, 39
"d:\workshops\eShop\src\Ordering.Infrastructure\MediatorExtension.cs", "C#", 0, 0, 0, 0, 0, 0, 0, 0, 0, 0, 0, 0, 0, 0, 17, 0, 0, 0, 5, 22
"d:\workshops\eShop\src\Ordering.Infrastructure\Migrations\20230925222426_Initial.Designer.cs", "C#", 0, 0, 0, 0, 0, 0, 0, 0, 0, 0, 0, 0, 0, 0, 246, 0, 0, 2, 85, 333
"d:\workshops\eShop\src\Ordering.Infrastructure\Migrations\20230925222426_Initial.cs", "C#", 0, 0, 0, 0, 0, 0, 0, 0, 0, 0, 0, 0, 0, 0, 247, 0, 0, 3, 32, 282
"d:\workshops\eShop\src\Ordering.Infrastructure\Migrations\20231021004633_FixOrderitemseqSchema.Designer.cs", "C#", 0, 0, 0, 0, 0, 0, 0, 0, 0, 0, 0, 0, 0, 0, 244, 0, 0, 2, 84, 330
"d:\workshops\eShop\src\Ordering.Infrastructure\Migrations\20231021004633_FixOrderitemseqSchema.cs", "C#", 0, 0, 0, 0, 0, 0, 0, 0, 0, 0, 0, 0, 0, 0, 58, 0, 0, 3, 8, 69
"d:\workshops\eShop\src\Ordering.Infrastructure\Migrations\20231026091055_Outbox.Designer.cs", "C#", 0, 0, 0, 0, 0, 0, 0, 0, 0, 0, 0, 0, 0, 0, 266, 0, 0, 2, 93, 361
"d:\workshops\eShop\src\Ordering.Infrastructure\Migrations\20231026091055_Outbox.cs", "C#", 0, 0, 0, 0, 0, 0, 0, 0, 0, 0, 0, 0, 0, 0, 35, 0, 0, 3, 4, 42
"d:\workshops\eShop\src\Ordering.Infrastructure\Migrations\20240106121712_UseEnumForOrderStatus.Designer.cs", "C#", 0, 0, 0, 0, 0, 0, 0, 0, 0, 0, 0, 0, 0, 0, 249, 0, 0, 2, 86, 337
"d:\workshops\eShop\src\Ordering.Infrastructure\Migrations\20240106121712_UseEnumForOrderStatus.cs", "C#", 0, 0, 0, 0, 0, 0, 0, 0, 0, 0, 0, 0, 0, 0, 93, 0, 0, 5, 15, 113
"d:\workshops\eShop\src\Ordering.Infrastructure\Migrations\OrderingContextModelSnapshot.cs", "C#", 0, 0, 0, 0, 0, 0, 0, 0, 0, 0, 0, 0, 0, 0, 247, 0, 0, 1, 86, 334
"d:\workshops\eShop\src\Ordering.Infrastructure\Ordering.Infrastructure.csproj", "XML", 0, 0, 0, 13, 0, 0, 0, 0, 0, 0, 0, 0, 0, 0, 0, 0, 0, 0, 5, 18
"d:\workshops\eShop\src\Ordering.Infrastructure\OrderingContext.cs", "C#", 0, 0, 0, 0, 0, 0, 0, 0, 0, 0, 0, 0, 0, 0, 78, 0, 0, 13, 19, 110
"d:\workshops\eShop\src\Ordering.Infrastructure\Repositories\BuyerRepository.cs", "C#", 0, 0, 0, 0, 0, 0, 0, 0, 0, 0, 0, 0, 0, 0, 43, 0, 0, 0, 10, 53
"d:\workshops\eShop\src\Ordering.Infrastructure\Repositories\OrderRepository.cs", "C#", 0, 0, 0, 0, 0, 0, 0, 0, 0, 0, 0, 0, 0, 0, 29, 0, 0, 0, 10, 39
"d:\workshops\eShop\src\PaymentProcessor\GlobalUsings.cs", "C#", 0, 0, 0, 0, 0, 0, 0, 0, 0, 0, 0, 0, 0, 0, 7, 0, 0, 0, 1, 8
"d:\workshops\eShop\src\PaymentProcessor\IntegrationEvents\EventHandling\OrderStatusChangedToStockConfirmedIntegrationEventHandler.cs", "C#", 0, 0, 0, 0, 0, 0, 0, 0, 0, 0, 0, 0, 0, 0, 23, 0, 0, 5, 7, 35
"d:\workshops\eShop\src\PaymentProcessor\IntegrationEvents\Events\OrderPaymentFailedIntegrationEvent.cs", "C#", 0, 0, 0, 0, 0, 0, 0, 0, 0, 0, 0, 0, 0, 0, 2, 0, 0, 0, 2, 4
"d:\workshops\eShop\src\PaymentProcessor\IntegrationEvents\Events\OrderPaymentSucceededIntegrationEvent.cs", "C#", 0, 0, 0, 0, 0, 0, 0, 0, 0, 0, 0, 0, 0, 0, 2, 0, 0, 0, 2, 4
"d:\workshops\eShop\src\PaymentProcessor\IntegrationEvents\Events\OrderStatusChangedToStockConfirmedIntegrationEvent.cs", "C#", 0, 0, 0, 0, 0, 0, 0, 0, 0, 0, 0, 0, 0, 0, 2, 0, 0, 0, 2, 4
"d:\workshops\eShop\src\PaymentProcessor\PaymentOptions.cs", "C#", 0, 0, 0, 0, 0, 0, 0, 0, 0, 0, 0, 0, 0, 0, 5, 0, 0, 0, 3, 8
"d:\workshops\eShop\src\PaymentProcessor\PaymentProcessor.csproj", "XML", 0, 0, 0, 9, 0, 0, 0, 0, 0, 0, 0, 0, 0, 0, 0, 0, 0, 0, 4, 13
"d:\workshops\eShop\src\PaymentProcessor\Program.cs", "C#", 0, 0, 0, 0, 0, 0, 0, 0, 0, 0, 0, 0, 0, 0, 9, 0, 0, 0, 7, 16
"d:\workshops\eShop\src\PaymentProcessor\Properties\launchSettings.json", "JSON", 12, 0, 0, 0, 0, 0, 0, 0, 0, 0, 0, 0, 0, 0, 0, 0, 0, 0, 0, 12
"d:\workshops\eShop\src\PaymentProcessor\appsettings.Development.json", "JSON", 12, 0, 0, 0, 0, 0, 0, 0, 0, 0, 0, 0, 0, 0, 0, 0, 0, 0, 1, 13
"d:\workshops\eShop\src\PaymentProcessor\appsettings.Production.json", "JSON", 18, 0, 0, 0, 0, 0, 0, 0, 0, 0, 0, 0, 0, 0, 0, 0, 0, 0, 0, 18
"d:\workshops\eShop\src\PaymentProcessor\appsettings.json", "JSON", 17, 0, 0, 0, 0, 0, 0, 0, 0, 0, 0, 0, 0, 0, 0, 0, 0, 0, 0, 17
"d:\workshops\eShop\src\Shared\ActivityExtensions.cs", "C#", 0, 0, 0, 0, 0, 0, 0, 0, 0, 0, 0, 0, 0, 0, 15, 0, 0, 1, 3, 19
"d:\workshops\eShop\src\Shared\MigrateDbContextExtensions.cs", "C#", 0, 0, 0, 0, 0, 0, 0, 0, 0, 0, 0, 0, 0, 0, 74, 0, 0, 1, 19, 94
"d:\workshops\eShop\src\WebAppComponents\Catalog\CatalogItem.cs", "C#", 0, 0, 0, 0, 0, 0, 0, 0, 0, 0, 0, 0, 0, 0, 14, 0, 0, 0, 3, 17
"d:\workshops\eShop\src\WebAppComponents\Catalog\CatalogListItem.razor", "ASP.NET Razor", 0, 0, 0, 0, 0, 0, 0, 0, 0, 0, 0, 0, 0, 0, 0, 19, 0, 0, 4, 23
"d:\workshops\eShop\src\WebAppComponents\Catalog\CatalogListItem.razor.css", "PostCSS", 0, 0, 0, 0, 0, 0, 0, 0, 0, 0, 0, 0, 0, 54, 0, 0, 0, 0, 9, 63
"d:\workshops\eShop\src\WebAppComponents\Catalog\CatalogSearch.razor", "ASP.NET Razor", 0, 0, 0, 0, 0, 0, 0, 0, 0, 0, 0, 0, 0, 0, 0, 69, 0, 0, 7, 76
"d:\workshops\eShop\src\WebAppComponents\Catalog\CatalogSearch.razor.css", "PostCSS", 0, 0, 0, 0, 0, 0, 0, 0, 0, 0, 0, 0, 0, 93, 0, 0, 0, 0, 15, 108
"d:\workshops\eShop\src\WebAppComponents\Item\ItemHelper.cs", "C#", 0, 0, 0, 0, 0, 0, 0, 0, 0, 0, 0, 0, 0, 0, 7, 0, 0, 0, 3, 10
"d:\workshops\eShop\src\WebAppComponents\Services\CatalogService.cs", "C#", 0, 0, 0, 0, 0, 0, 0, 0, 0, 0, 0, 0, 0, 0, 56, 0, 0, 0, 12, 68
"d:\workshops\eShop\src\WebAppComponents\Services\ICatalogService.cs", "C#", 0, 0, 0, 0, 0, 0, 0, 0, 0, 0, 0, 0, 0, 0, 15, 0, 0, 0, 2, 17
"d:\workshops\eShop\src\WebAppComponents\Services\IProductImageUrlProvider.cs", "C#", 0, 0, 0, 0, 0, 0, 0, 0, 0, 0, 0, 0, 0, 0, 8, 0, 0, 0, 4, 12
"d:\workshops\eShop\src\WebAppComponents\WebAppComponents.csproj", "XML", 0, 0, 0, 14, 0, 0, 0, 0, 0, 0, 0, 0, 0, 0, 0, 0, 0, 0, 6, 20
"d:\workshops\eShop\src\WebAppComponents\_Imports.razor", "ASP.NET Razor", 0, 0, 0, 0, 0, 0, 0, 0, 0, 0, 0, 0, 0, 0, 0, 2, 0, 0, 1, 3
"d:\workshops\eShop\src\WebApp\Components\App.razor", "ASP.NET Razor", 0, 0, 0, 0, 0, 0, 0, 0, 0, 0, 0, 0, 0, 0, 0, 17, 0, 0, 4, 21
"d:\workshops\eShop\src\WebApp\Components\Chatbot\ChatState.cs", "C#", 0, 0, 0, 0, 0, 0, 0, 0, 0, 0, 0, 0, 0, 0, 158, 0, 0, 2, 19, 179
"d:\workshops\eShop\src\WebApp\Components\Chatbot\Chatbot.razor", "ASP.NET Razor", 0, 0, 0, 0, 0, 0, 0, 0, 0, 0, 0, 0, 0, 0, 0, 82, 0, 0, 11, 93
"d:\workshops\eShop\src\WebApp\Components\Chatbot\Chatbot.razor.css", "PostCSS", 0, 0, 0, 0, 0, 0, 0, 0, 0, 0, 0, 0, 0, 124, 0, 0, 0, 0, 15, 139
"d:\workshops\eShop\src\WebApp\Components\Chatbot\Chatbot.razor.js", "JavaScript", 0, 0, 0, 0, 0, 0, 0, 0, 0, 0, 0, 0, 11, 0, 0, 0, 0, 0, 2, 13
"d:\workshops\eShop\src\WebApp\Components\Chatbot\MessageProcessor.cs", "C#", 0, 0, 0, 0, 0, 0, 0, 0, 0, 0, 0, 0, 0, 0, 25, 0, 0, 3, 8, 36
"d:\workshops\eShop\src\WebApp\Components\Chatbot\ShowChatbotButton.razor", "ASP.NET Razor", 0, 0, 0, 0, 0, 0, 0, 0, 0, 0, 0, 0, 0, 0, 0, 10, 0, 0, 4, 14
"d:\workshops\eShop\src\WebApp\Components\Chatbot\ShowChatbotButton.razor.css", "PostCSS", 0, 0, 0, 0, 0, 0, 0, 0, 0, 0, 0, 0, 0, 28, 0, 0, 0, 0, 3, 31
"d:\workshops\eShop\src\WebApp\Components\Layout\CartMenu.razor", "ASP.NET Razor", 0, 0, 0, 0, 0, 0, 0, 0, 0, 0, 0, 0, 0, 0, 0, 44, 0, 0, 9, 53
"d:\workshops\eShop\src\WebApp\Components\Layout\CartMenu.razor.css", "PostCSS", 0, 0, 0, 0, 0, 0, 0, 0, 0, 0, 0, 0, 0, 19, 0, 0, 0, 0, 1, 20
"d:\workshops\eShop\src\WebApp\Components\Layout\FooterBar.razor", "ASP.NET Razor", 0, 0, 0, 0, 0, 0, 0, 0, 0, 0, 0, 0, 0, 0, 0, 8, 0, 0, 0, 8
"d:\workshops\eShop\src\WebApp\Components\Layout\FooterBar.razor.css", "PostCSS", 0, 0, 0, 0, 0, 0, 0, 0, 0, 0, 0, 0, 0, 32, 0, 0, 0, 0, 6, 38
"d:\workshops\eShop\src\WebApp\Components\Layout\HeaderBar.razor", "ASP.NET Razor", 0, 0, 0, 0, 0, 0, 0, 0, 0, 0, 0, 0, 0, 0, 0, 29, 0, 0, 5, 34
"d:\workshops\eShop\src\WebApp\Components\Layout\HeaderBar.razor.css", "PostCSS", 0, 0, 0, 0, 0, 0, 0, 0, 0, 0, 0, 0, 0, 126, 0, 0, 0, 0, 25, 151
"d:\workshops\eShop\src\WebApp\Components\Layout\MainLayout.razor", "ASP.NET Razor", 0, 0, 0, 0, 0, 0, 0, 0, 0, 0, 0, 0, 0, 0, 0, 11, 0, 0, 3, 14
"d:\workshops\eShop\src\WebApp\Components\Layout\MainLayout.razor.css", "PostCSS", 0, 0, 0, 0, 0, 0, 0, 0, 0, 0, 0, 0, 0, 17, 0, 0, 0, 0, 2, 19
"d:\workshops\eShop\src\WebApp\Components\Layout\UserMenu.razor", "ASP.NET Razor", 0, 0, 0, 0, 0, 0, 0, 0, 0, 0, 0, 0, 0, 0, 0, 30, 0, 0, 4, 34
"d:\workshops\eShop\src\WebApp\Components\Layout\UserMenu.razor.css", "PostCSS", 0, 0, 0, 0, 0, 0, 0, 0, 0, 0, 0, 0, 0, 32, 0, 0, 0, 0, 6, 38
"d:\workshops\eShop\src\WebApp\Components\Pages\Cart\CartPage.razor", "ASP.NET Razor", 0, 0, 0, 0, 0, 0, 0, 0, 0, 0, 0, 0, 0, 0, 0, 104, 0, 0, 13, 117
"d:\workshops\eShop\src\WebApp\Components\Pages\Cart\CartPage.razor.css", "PostCSS", 0, 0, 0, 0, 0, 0, 0, 0, 0, 0, 0, 0, 0, 142, 0, 0, 0, 0, 21, 163
"d:\workshops\eShop\src\WebApp\Components\Pages\Catalog\Catalog.razor", "ASP.NET Razor", 0, 0, 0, 0, 0, 0, 0, 0, 0, 0, 0, 0, 0, 0, 0, 51, 0, 0, 12, 63
"d:\workshops\eShop\src\WebApp\Components\Pages\Catalog\Catalog.razor.css", "PostCSS", 0, 0, 0, 0, 0, 0, 0, 0, 0, 0, 0, 0, 0, 122, 0, 0, 0, 0, 19, 141
"d:\workshops\eShop\src\WebApp\Components\Pages\Checkout\Checkout.razor", "ASP.NET Razor", 0, 0, 0, 0, 0, 0, 0, 0, 0, 0, 0, 0, 0, 0, 0, 115, 0, 0, 16, 131
"d:\workshops\eShop\src\WebApp\Components\Pages\Checkout\Checkout.razor.css", "PostCSS", 0, 0, 0, 0, 0, 0, 0, 0, 0, 0, 0, 0, 0, 73, 0, 0, 0, 0, 10, 83
"d:\workshops\eShop\src\WebApp\Components\Pages\Item\ItemPage.razor", "ASP.NET Razor", 0, 0, 0, 0, 0, 0, 0, 0, 0, 0, 0, 0, 0, 0, 0, 99, 0, 0, 12, 111
"d:\workshops\eShop\src\WebApp\Components\Pages\Item\ItemPage.razor.css", "PostCSS", 0, 0, 0, 0, 0, 0, 0, 0, 0, 0, 0, 0, 0, 63, 0, 0, 0, 0, 12, 75
"d:\workshops\eShop\src\WebApp\Components\Pages\User\LogIn.razor", "ASP.NET Razor", 0, 0, 0, 0, 0, 0, 0, 0, 0, 0, 0, 0, 0, 0, 0, 18, 0, 0, 4, 22
"d:\workshops\eShop\src\WebApp\Components\Pages\User\LogOut.razor", "ASP.NET Razor", 0, 0, 0, 0, 0, 0, 0, 0, 0, 0, 0, 0, 0, 0, 0, 1, 0, 4, 1, 6
"d:\workshops\eShop\src\WebApp\Components\Pages\User\OrderDetails.razor", "ASP.NET Razor", 0, 0, 0, 0, 0, 0, 0, 0, 0, 0, 0, 0, 0, 0, 0, 117, 0, 0, 15, 132
"d:\workshops\eShop\src\WebApp\Components\Pages\User\OrderDetails.razor.css", "PostCSS", 0, 0, 0, 0, 0, 0, 0, 0, 0, 0, 0, 0, 0, 85, 0, 0, 0, 0, 18, 103
"d:\workshops\eShop\src\WebApp\Components\Pages\User\Orders.razor", "ASP.NET Razor", 0, 0, 0, 0, 0, 0, 0, 0, 0, 0, 0, 0, 0, 0, 0, 54, 0, 0, 5, 59
"d:\workshops\eShop\src\WebApp\Components\Pages\User\Orders.razor.css", "PostCSS", 0, 0, 0, 0, 0, 0, 0, 0, 0, 0, 0, 0, 0, 65, 0, 0, 0, 0, 11, 76
"d:\workshops\eShop\src\WebApp\Components\Pages\User\OrdersRefreshOnStatusChange.razor", "ASP.NET Razor", 0, 0, 0, 0, 0, 0, 0, 0, 0, 0, 0, 0, 0, 0, 0, 38, 0, 0, 4, 42
"d:\workshops\eShop\src\WebApp\Components\Routes.razor", "ASP.NET Razor", 0, 0, 0, 0, 0, 0, 0, 0, 0, 0, 0, 0, 0, 0, 0, 6, 0, 0, 1, 7
"d:\workshops\eShop\src\WebApp\Components\_Imports.razor", "ASP.NET Razor", 0, 0, 0, 0, 0, 0, 0, 0, 0, 0, 0, 0, 0, 0, 0, 15, 0, 0, 0, 15
"d:\workshops\eShop\src\WebApp\Extensions\Extensions.cs", "C#", 0, 0, 0, 0, 0, 0, 0, 0, 0, 0, 0, 0, 0, 0, 103, 0, 0, 4, 18, 125
"d:\workshops\eShop\src\WebApp\GlobalUsings.cs", "C#", 0, 0, 0, 0, 0, 0, 0, 0, 0, 0, 0, 0, 0, 0, 3, 0, 0, 0, 1, 4
"d:\workshops\eShop\src\WebApp\Program.cs", "C#", 0, 0, 0, 0, 0, 0, 0, 0, 0, 0, 0, 0, 0, 0, 19, 0, 0, 2, 14, 35
"d:\workshops\eShop\src\WebApp\Properties\launchSettings.json", "JSON", 23, 0, 0, 0, 0, 0, 0, 0, 0, 0, 0, 0, 0, 0, 0, 0, 0, 0, 1, 24
"d:\workshops\eShop\src\WebApp\Services\BasketCheckoutInfo.cs", "C#", 0, 0, 0, 0, 0, 0, 0, 0, 0, 0, 0, 0, 0, 0, 22, 0, 0, 0, 13, 35
"d:\workshops\eShop\src\WebApp\Services\BasketItem.cs", "C#", 0, 0, 0, 0, 0, 0, 0, 0, 0, 0, 0, 0, 0, 0, 10, 0, 0, 0, 2, 12
"d:\workshops\eShop\src\WebApp\Services\BasketService.cs", "C#", 0, 0, 0, 0, 0, 0, 0, 0, 0, 0, 0, 0, 0, 0, 40, 0, 0, 0, 10, 50
"d:\workshops\eShop\src\WebApp\Services\BasketState.cs", "C#", 0, 0, 0, 0, 0, 0, 0, 0, 0, 0, 0, 0, 0, 0, 147, 0, 0, 3, 23, 173
"d:\workshops\eShop\src\WebApp\Services\IBasketState.cs", "C#", 0, 0, 0, 0, 0, 0, 0, 0, 0, 0, 0, 0, 0, 0, 9, 0, 0, 0, 3, 12
"d:\workshops\eShop\src\WebApp\Services\LogOutService.cs", "C#", 0, 0, 0, 0, 0, 0, 0, 0, 0, 0, 0, 0, 0, 0, 12, 0, 0, 0, 3, 15
"d:\workshops\eShop\src\WebApp\Services\OrderDetailsRecord.cs", "C#", 0, 0, 0, 0, 0, 0, 0, 0, 0, 0, 0, 0, 0, 0, 18, 0, 0, 0, 3, 21
"d:\workshops\eShop\src\WebApp\Services\OrderStatus\IntegrationEvents\EventHandling\OrderStatusChangedToAwaitingValidationIntegrationEventHandler.cs", "C#", 0, 0, 0, 0, 0, 0, 0, 0, 0, 0, 0, 0, 0, 0, 13, 0, 0, 0, 3, 16
"d:\workshops\eShop\src\WebApp\Services\OrderStatus\IntegrationEvents\EventHandling\OrderStatusChangedToCancelledIntegrationEventHandler.cs", "C#", 0, 0, 0, 0, 0, 0, 0, 0, 0, 0, 0, 0, 0, 0, 13, 0, 0, 0, 3, 16
"d:\workshops\eShop\src\WebApp\Services\OrderStatus\IntegrationEvents\EventHandling\OrderStatusChangedToPaidIntegrationEventHandler.cs", "C#", 0, 0, 0, 0, 0, 0, 0, 0, 0, 0, 0, 0, 0, 0, 13, 0, 0, 0, 3, 16
"d:\workshops\eShop\src\WebApp\Services\OrderStatus\IntegrationEvents\EventHandling\OrderStatusChangedToShippedIntegrationEventHandler.cs", "C#", 0, 0, 0, 0, 0, 0, 0, 0, 0, 0, 0, 0, 0, 0, 13, 0, 0, 0, 3, 16
"d:\workshops\eShop\src\WebApp\Services\OrderStatus\IntegrationEvents\EventHandling\OrderStatusChangedToStockConfirmedIntegrationEventHandler.cs", "C#", 0, 0, 0, 0, 0, 0, 0, 0, 0, 0, 0, 0, 0, 0, 13, 0, 0, 0, 3, 16
"d:\workshops\eShop\src\WebApp\Services\OrderStatus\IntegrationEvents\EventHandling\OrderStatusChangedToSubmittedIntegrationEventHandler.cs", "C#", 0, 0, 0, 0, 0, 0, 0, 0, 0, 0, 0, 0, 0, 0, 13, 0, 0, 0, 3, 16
"d:\workshops\eShop\src\WebApp\Services\OrderStatus\IntegrationEvents\Events\OrderStatusChangedToAwaitingValidationIntegrationEvent.cs", "C#", 0, 0, 0, 0, 0, 0, 0, 0, 0, 0, 0, 0, 0, 0, 17, 0, 0, 0, 5, 22
"d:\workshops\eShop\src\WebApp\Services\OrderStatus\IntegrationEvents\Events\OrderStatusChangedToCancelledIntegrationEvent.cs", "C#", 0, 0, 0, 0, 0, 0, 0, 0, 0, 0, 0, 0, 0, 0, 17, 0, 0, 0, 5, 22
"d:\workshops\eShop\src\WebApp\Services\OrderStatus\IntegrationEvents\Events\OrderStatusChangedToPaidIntegrationEvent.cs", "C#", 0, 0, 0, 0, 0, 0, 0, 0, 0, 0, 0, 0, 0, 0, 17, 0, 0, 0, 4, 21
"d:\workshops\eShop\src\WebApp\Services\OrderStatus\IntegrationEvents\Events\OrderStatusChangedToShippedIntegrationEvent.cs", "C#", 0, 0, 0, 0, 0, 0, 0, 0, 0, 0, 0, 0, 0, 0, 17, 0, 0, 0, 5, 22
"d:\workshops\eShop\src\WebApp\Services\OrderStatus\IntegrationEvents\Events\OrderStatusChangedToStockConfirmedIntegrationEvent.cs", "C#", 0, 0, 0, 0, 0, 0, 0, 0, 0, 0, 0, 0, 0, 0, 17, 0, 0, 0, 4, 21
"d:\workshops\eShop\src\WebApp\Services\OrderStatus\IntegrationEvents\Events\OrderStatusChangedToSubmittedIntegrationEvent.cs", "C#", 0, 0, 0, 0, 0, 0, 0, 0, 0, 0, 0, 0, 0, 0, 17, 0, 0, 0, 4, 21
"d:\workshops\eShop\src\WebApp\Services\OrderStatus\OrderStatusNotificationService.cs", "C#", 0, 0, 0, 0, 0, 0, 0, 0, 0, 0, 0, 0, 0, 0, 52, 0, 0, 1, 10, 63
"d:\workshops\eShop\src\WebApp\Services\OrderingService.cs", "C#", 0, 0, 0, 0, 0, 0, 0, 0, 0, 0, 0, 0, 0, 0, 25, 0, 0, 0, 6, 31
"d:\workshops\eShop\src\WebApp\Services\ProductImageUrlProvider.cs", "C#", 0, 0, 0, 0, 0, 0, 0, 0, 0, 0, 0, 0, 0, 0, 7, 0, 0, 0, 3, 10
"d:\workshops\eShop\src\WebApp\WebApp.csproj", "XML", 0, 0, 0, 27, 0, 0, 0, 0, 0, 0, 0, 0, 0, 0, 0, 0, 0, 1, 7, 35
"d:\workshops\eShop\src\WebApp\appsettings.Development.json", "JSON", 8, 0, 0, 0, 0, 0, 0, 0, 0, 0, 0, 0, 0, 0, 0, 0, 0, 0, 1, 9
"d:\workshops\eShop\src\WebApp\appsettings.Production.json", "JSON", 16, 0, 0, 0, 0, 0, 0, 0, 0, 0, 0, 0, 0, 0, 0, 0, 0, 0, 0, 16
"d:\workshops\eShop\src\WebApp\appsettings.json", "JSON", 13, 0, 0, 0, 0, 0, 0, 0, 0, 0, 0, 0, 0, 0, 0, 0, 0, 0, 1, 14
"d:\workshops\eShop\src\WebApp\wwwroot\css\app.css", "PostCSS", 0, 0, 0, 0, 0, 0, 0, 0, 0, 0, 0, 0, 0, 229, 0, 0, 0, 26, 36, 291
"d:\workshops\eShop\src\WebApp\wwwroot\css\normalize.css", "PostCSS", 0, 0, 0, 0, 0, 0, 0, 0, 0, 0, 0, 0, 0, 146, 0, 0, 0, 126, 72, 344
"d:\workshops\eShop\src\WebApp\wwwroot\icons\arrow-left.svg", "XML", 0, 0, 0, 5, 0, 0, 0, 0, 0, 0, 0, 0, 0, 0, 0, 0, 0, 0, 1, 6
"d:\workshops\eShop\src\WebApp\wwwroot\icons\cart.svg", "XML", 0, 0, 0, 7, 0, 0, 0, 0, 0, 0, 0, 0, 0, 0, 0, 0, 0, 0, 1, 8
"d:\workshops\eShop\src\WebApp\wwwroot\icons\close.svg", "XML", 0, 0, 0, 6, 0, 0, 0, 0, 0, 0, 0, 0, 0, 0, 0, 0, 0, 0, 1, 7
"d:\workshops\eShop\src\WebApp\wwwroot\icons\filters.svg", "XML", 0, 0, 0, 5, 0, 0, 0, 0, 0, 0, 0, 0, 0, 0, 0, 0, 0, 0, 1, 6
"d:\workshops\eShop\src\WebApp\wwwroot\icons\trash.svg", "XML", 0, 0, 0, 6, 0, 0, 0, 0, 0, 0, 0, 0, 0, 0, 0, 0, 0, 0, 1, 7
"d:\workshops\eShop\src\WebApp\wwwroot\icons\user.svg", "XML", 0, 0, 0, 4, 0, 0, 0, 0, 0, 0, 0, 0, 0, 0, 0, 0, 0, 0, 1, 5
"d:\workshops\eShop\src\WebApp\wwwroot\images\logo-footer.svg", "XML", 0, 0, 0, 41, 0, 0, 0, 0, 0, 0, 0, 0, 0, 0, 0, 0, 0, 1, 2, 44
"d:\workshops\eShop\src\WebApp\wwwroot\images\logo-header.svg", "XML", 0, 0, 0, 38, 0, 0, 0, 0, 0, 0, 0, 0, 0, 0, 0, 0, 0, 1, 2, 41
"d:\workshops\eShop\src\WebhookClient\Components\App.razor", "ASP.NET Razor", 0, 0, 0, 0, 0, 0, 0, 0, 0, 0, 0, 0, 0, 0, 0, 15, 0, 0, 4, 19
"d:\workshops\eShop\src\WebhookClient\Components\App.razor.css", "PostCSS", 0, 0, 0, 0, 0, 0, 0, 0, 0, 0, 0, 0, 0, 6, 0, 0, 0, 0, 1, 7
"d:\workshops\eShop\src\WebhookClient\Components\Layout\MainLayout.razor", "ASP.NET Razor", 0, 0, 0, 0, 0, 0, 0, 0, 0, 0, 0, 0, 0, 0, 0, 13, 0, 0, 4, 17
"d:\workshops\eShop\src\WebhookClient\Components\Layout\MainLayout.razor.css", "PostCSS", 0, 0, 0, 0, 0, 0, 0, 0, 0, 0, 0, 0, 0, 44, 0, 0, 0, 0, 8, 52
"d:\workshops\eShop\src\WebhookClient\Components\Layout\UserMenu.razor", "ASP.NET Razor", 0, 0, 0, 0, 0, 0, 0, 0, 0, 0, 0, 0, 0, 0, 0, 22, 0, 0, 3, 25
"d:\workshops\eShop\src\WebhookClient\Components\Layout\UserMenu.razor.css", "PostCSS", 0, 0, 0, 0, 0, 0, 0, 0, 0, 0, 0, 0, 0, 3, 0, 0, 0, 0, 1, 4
"d:\workshops\eShop\src\WebhookClient\Components\Pages\AddWebhook.razor", "ASP.NET Razor", 0, 0, 0, 0, 0, 0, 0, 0, 0, 0, 0, 0, 0, 0, 0, 55, 0, 0, 11, 66
"d:\workshops\eShop\src\WebhookClient\Components\Pages\Error.razor", "ASP.NET Razor", 0, 0, 0, 0, 0, 0, 0, 0, 0, 0, 0, 0, 0, 0, 0, 29, 0, 0, 8, 37
"d:\workshops\eShop\src\WebhookClient\Components\Pages\Home\Home.razor", "ASP.NET Razor", 0, 0, 0, 0, 0, 0, 0, 0, 0, 0, 0, 0, 0, 0, 0, 17, 0, 0, 6, 23
"d:\workshops\eShop\src\WebhookClient\Components\Pages\Home\Home.razor.css", "PostCSS", 0, 0, 0, 0, 0, 0, 0, 0, 0, 0, 0, 0, 0, 6, 0, 0, 0, 0, 2, 8
"d:\workshops\eShop\src\WebhookClient\Components\Pages\Home\ReceivedMessages.razor", "ASP.NET Razor", 0, 0, 0, 0, 0, 0, 0, 0, 0, 0, 0, 0, 0, 0, 0, 48, 0, 0, 7, 55
"d:\workshops\eShop\src\WebhookClient\Components\Pages\Home\RegisteredHooks.razor", "ASP.NET Razor", 0, 0, 0, 0, 0, 0, 0, 0, 0, 0, 0, 0, 0, 0, 0, 24, 0, 0, 4, 28
"d:\workshops\eShop\src\WebhookClient\Components\Pages\LogIn.razor", "ASP.NET Razor", 0, 0, 0, 0, 0, 0, 0, 0, 0, 0, 0, 0, 0, 0, 0, 12, 0, 0, 1, 13
"d:\workshops\eShop\src\WebhookClient\Components\Routes.razor", "ASP.NET Razor", 0, 0, 0, 0, 0, 0, 0, 0, 0, 0, 0, 0, 0, 0, 0, 6, 0, 0, 1, 7
"d:\workshops\eShop\src\WebhookClient\Components\_Imports.razor", "ASP.NET Razor", 0, 0, 0, 0, 0, 0, 0, 0, 0, 0, 0, 0, 0, 0, 0, 9, 0, 0, 1, 10
"d:\workshops\eShop\src\WebhookClient\Endpoints\AuthenticationEndpoints.cs", "C#", 0, 0, 0, 0, 0, 0, 0, 0, 0, 0, 0, 0, 0, 0, 18, 0, 0, 0, 4, 22
"d:\workshops\eShop\src\WebhookClient\Endpoints\WebhookEndpoints.cs", "C#", 0, 0, 0, 0, 0, 0, 0, 0, 0, 0, 0, 0, 0, 0, 46, 0, 0, 0, 12, 58
"d:\workshops\eShop\src\WebhookClient\Extensions\Extensions.cs", "C#", 0, 0, 0, 0, 0, 0, 0, 0, 0, 0, 0, 0, 0, 0, 52, 0, 0, 5, 10, 67
"d:\workshops\eShop\src\WebhookClient\GlobalUsings.cs", "C#", 0, 0, 0, 0, 0, 0, 0, 0, 0, 0, 0, 0, 0, 0, 5, 0, 0, 0, 1, 6
"d:\workshops\eShop\src\WebhookClient\Program.cs", "C#", 0, 0, 0, 0, 0, 0, 0, 0, 0, 0, 0, 0, 0, 0, 17, 0, 0, 2, 13, 32
"d:\workshops\eShop\src\WebhookClient\Properties\launchSettings.json", "JSON", 38, 0, 0, 0, 0, 0, 0, 0, 0, 0, 0, 0, 0, 0, 0, 0, 0, 0, 1, 39
"d:\workshops\eShop\src\WebhookClient\Services\HooksRepository.cs", "C#", 0, 0, 0, 0, 0, 0, 0, 0, 0, 0, 0, 0, 0, 0, 37, 0, 0, 2, 10, 49
"d:\workshops\eShop\src\WebhookClient\Services\WebHookReceived.cs", "C#", 0, 0, 0, 0, 0, 0, 0, 0, 0, 0, 0, 0, 0, 0, 7, 0, 0, 0, 4, 11
"d:\workshops\eShop\src\WebhookClient\Services\WebHooksClient.cs", "C#", 0, 0, 0, 0, 0, 0, 0, 0, 0, 0, 0, 0, 0, 0, 12, 0, 0, 0, 3, 15
"d:\workshops\eShop\src\WebhookClient\Services\WebhookClientOptions.cs", "C#", 0, 0, 0, 0, 0, 0, 0, 0, 0, 0, 0, 0, 0, 0, 7, 0, 0, 0, 2, 9
"d:\workshops\eShop\src\WebhookClient\Services\WebhookData.cs", "C#", 0, 0, 0, 0, 0, 0, 0, 0, 0, 0, 0, 0, 0, 0, 8, 0, 0, 0, 5, 13
"d:\workshops\eShop\src\WebhookClient\Services\WebhookResponse.cs", "C#", 0, 0, 0, 0, 0, 0, 0, 0, 0, 0, 0, 0, 0, 0, 7, 0, 0, 0, 2, 9
"d:\workshops\eShop\src\WebhookClient\Services\WebhookSubscriptionRequest.cs", "C#", 0, 0, 0, 0, 0, 0, 0, 0, 0, 0, 0, 0, 0, 0, 8, 0, 0, 0, 2, 10
"d:\workshops\eShop\src\WebhookClient\Services\WebhookType.cs", "C#", 0, 0, 0, 0, 0, 0, 0, 0, 0, 0, 0, 0, 0, 0, 7, 0, 0, 0, 2, 9
"d:\workshops\eShop\src\WebhookClient\WebhookClient.csproj", "XML", 0, 0, 0, 14, 0, 0, 0, 0, 0, 0, 0, 0, 0, 0, 0, 0, 0, 0, 4, 18
"d:\workshops\eShop\src\WebhookClient\appsettings.Development.json", "JSON", 8, 0, 0, 0, 0, 0, 0, 0, 0, 0, 0, 0, 0, 0, 0, 0, 0, 0, 1, 9
"d:\workshops\eShop\src\WebhookClient\appsettings.json", "JSON", 12, 0, 0, 0, 0, 0, 0, 0, 0, 0, 0, 0, 0, 0, 0, 0, 0, 0, 1, 13
"d:\workshops\eShop\src\WebhookClient\wwwroot\app.css", "PostCSS", 0, 0, 0, 0, 0, 0, 0, 0, 0, 0, 0, 0, 0, 97, 0, 0, 0, 0, 22, 119
"d:\workshops\eShop\src\Webhooks.API\Apis\WebHooksApi.cs", "C#", 0, 0, 0, 0, 0, 0, 0, 0, 0, 0, 0, 0, 0, 0, 85, 0, 0, 1, 16, 102
"d:\workshops\eShop\src\Webhooks.API\Exceptions\WebhooksDomainException.cs", "C#", 0, 0, 0, 0, 0, 0, 0, 0, 0, 0, 0, 0, 0, 0, 4, 0, 0, 0, 2, 6
"d:\workshops\eShop\src\Webhooks.API\Extensions\Extensions.cs", "C#", 0, 0, 0, 0, 0, 0, 0, 0, 0, 0, 0, 0, 0, 0, 20, 0, 0, 0, 6, 26
"d:\workshops\eShop\src\Webhooks.API\Extensions\RouteHandlerBuilderExtensions.cs", "C#", 0, 0, 0, 0, 0, 0, 0, 0, 0, 0, 0, 0, 0, 0, 41, 0, 0, 0, 9, 50
"d:\workshops\eShop\src\Webhooks.API\GlobalUsings.cs", "C#", 0, 0, 0, 0, 0, 0, 0, 0, 0, 0, 0, 0, 0, 0, 12, 0, 0, 0, 1, 13
"d:\workshops\eShop\src\Webhooks.API\Infrastructure\WebhooksContext.cs", "C#", 0, 0, 0, 0, 0, 0, 0, 0, 0, 0, 0, 0, 0, 0, 13, 0, 0, 5, 3, 21
"d:\workshops\eShop\src\Webhooks.API\IntegrationEvents\OrderStatusChangedToPaidIntegrationEvent.cs", "C#", 0, 0, 0, 0, 0, 0, 0, 0, 0, 0, 0, 0, 0, 0, 2, 0, 0, 0, 2, 4
"d:\workshops\eShop\src\Webhooks.API\IntegrationEvents\OrderStatusChangedToPaidIntegrationEventHandler.cs", "C#", 0, 0, 0, 0, 0, 0, 0, 0, 0, 0, 0, 0, 0, 0, 14, 0, 0, 0, 5, 19
"d:\workshops\eShop\src\Webhooks.API\IntegrationEvents\OrderStatusChangedToShippedIntegrationEvent.cs", "C#", 0, 0, 0, 0, 0, 0, 0, 0, 0, 0, 0, 0, 0, 0, 2, 0, 0, 0, 2, 4
"d:\workshops\eShop\src\Webhooks.API\IntegrationEvents\OrderStatusChangedToShippedIntegrationEventHandler.cs", "C#", 0, 0, 0, 0, 0, 0, 0, 0, 0, 0, 0, 0, 0, 0, 14, 0, 0, 0, 5, 19
"d:\workshops\eShop\src\Webhooks.API\IntegrationEvents\OrderStockItem.cs", "C#", 0, 0, 0, 0, 0, 0, 0, 0, 0, 0, 0, 0, 0, 0, 2, 0, 0, 0, 2, 4
"d:\workshops\eShop\src\Webhooks.API\IntegrationEvents\ProductPriceChangedIntegrationEvent.cs", "C#", 0, 0, 0, 0, 0, 0, 0, 0, 0, 0, 0, 0, 0, 0, 2, 0, 0, 0, 2, 4
"d:\workshops\eShop\src\Webhooks.API\IntegrationEvents\ProductPriceChangedIntegrationEventHandler.cs", "C#", 0, 0, 0, 0, 0, 0, 0, 0, 0, 0, 0, 0, 0, 0, 8, 0, 0, 0, 2, 10
"d:\workshops\eShop\src\Webhooks.API\Migrations\20230925222606_Initial.Designer.cs", "C#", 0, 0, 0, 0, 0, 0, 0, 0, 0, 0, 0, 0, 0, 0, 44, 0, 0, 2, 13, 59
"d:\workshops\eShop\src\Webhooks.API\Migrations\20230925222606_Initial.cs", "C#", 0, 0, 0, 0, 0, 0, 0, 0, 0, 0, 0, 0, 0, 0, 34, 0, 0, 3, 4, 41
"d:\workshops\eShop\src\Webhooks.API\Migrations\WebhooksContextModelSnapshot.cs", "C#", 0, 0, 0, 0, 0, 0, 0, 0, 0, 0, 0, 0, 0, 0, 46, 0, 0, 1, 15, 62
"d:\workshops\eShop\src\Webhooks.API\Model\WebhookData.cs", "C#", 0, 0, 0, 0, 0, 0, 0, 0, 0, 0, 0, 0, 0, 0, 13, 0, 0, 0, 5, 18
"d:\workshops\eShop\src\Webhooks.API\Model\WebhookSubscription.cs", "C#", 0, 0, 0, 0, 0, 0, 0, 0, 0, 0, 0, 0, 0, 0, 12, 0, 0, 0, 3, 15
"d:\workshops\eShop\src\Webhooks.API\Model\WebhookSubscriptionRequest.cs", "C#", 0, 0, 0, 0, 0, 0, 0, 0, 0, 0, 0, 0, 0, 0, 24, 0, 0, 0, 6, 30
"d:\workshops\eShop\src\Webhooks.API\Model\WebhookType.cs", "C#", 0, 0, 0, 0, 0, 0, 0, 0, 0, 0, 0, 0, 0, 0, 7, 0, 0, 0, 2, 9
"d:\workshops\eShop\src\Webhooks.API\Program.cs", "C#", 0, 0, 0, 0, 0, 0, 0, 0, 0, 0, 0, 0, 0, 0, 12, 0, 0, 0, 9, 21
"d:\workshops\eShop\src\Webhooks.API\Properties\launchSettings.json", "JSON", 12, 0, 0, 0, 0, 0, 0, 0, 0, 0, 0, 0, 0, 0, 0, 0, 0, 0, 0, 12
"d:\workshops\eShop\src\Webhooks.API\Services\GrantUrlTesterService.cs", "C#", 0, 0, 0, 0, 0, 0, 0, 0, 0, 0, 0, 0, 0, 0, 37, 0, 0, 0, 10, 47
"d:\workshops\eShop\src\Webhooks.API\Services\IGrantUrlTesterService.cs", "C#", 0, 0, 0, 0, 0, 0, 0, 0, 0, 0, 0, 0, 0, 0, 5, 0, 0, 0, 2, 7
"d:\workshops\eShop\src\Webhooks.API\Services\IWebhooksRetriever.cs", "C#", 0, 0, 0, 0, 0, 0, 0, 0, 0, 0, 0, 0, 0, 0, 5, 0, 0, 0, 3, 8
"d:\workshops\eShop\src\Webhooks.API\Services\IWebhooksSender.cs", "C#", 0, 0, 0, 0, 0, 0, 0, 0, 0, 0, 0, 0, 0, 0, 5, 0, 0, 0, 2, 7
"d:\workshops\eShop\src\Webhooks.API\Services\WebhooksRetriever.cs", "C#", 0, 0, 0, 0, 0, 0, 0, 0, 0, 0, 0, 0, 0, 0, 8, 0, 0, 0, 2, 10
"d:\workshops\eShop\src\Webhooks.API\Services\WebhooksSender.cs", "C#", 0, 0, 0, 0, 0, 0, 0, 0, 0, 0, 0, 0, 0, 0, 29, 0, 0, 0, 7, 36
"d:\workshops\eShop\src\Webhooks.API\Webhooks.API.csproj", "XML", 0, 0, 0, 22, 0, 0, 0, 0, 0, 0, 0, 0, 0, 0, 0, 0, 0, 0, 6, 28
"d:\workshops\eShop\src\Webhooks.API\appsettings.Development.json", "JSON", 12, 0, 0, 0, 0, 0, 0, 0, 0, 0, 0, 0, 0, 0, 0, 0, 0, 0, 1, 13
"d:\workshops\eShop\src\Webhooks.API\appsettings.Production.json", "JSON", 38, 0, 0, 0, 0, 0, 0, 0, 0, 0, 0, 0, 0, 0, 0, 0, 0, 0, 0, 38
"d:\workshops\eShop\src\Webhooks.API\appsettings.json", "JSON", 37, 0, 0, 0, 0, 0, 0, 0, 0, 0, 0, 0, 0, 0, 0, 0, 0, 0, 1, 38
"d:\workshops\eShop\src\eShop.AppHost\Extensions.cs", "C#", 0, 0, 0, 0, 0, 0, 0, 0, 0, 0, 0, 0, 0, 0, 203, 0, 0, 12, 37, 252
"d:\workshops\eShop\src\eShop.AppHost\Program.cs", "C#", 0, 0, 0, 0, 0, 0, 0, 0, 0, 0, 0, 0, 0, 0, 90, 0, 0, 10, 26, 126
"d:\workshops\eShop\src\eShop.AppHost\Properties\launchSettings.json", "JSON", 17, 0, 0, 0, 0, 0, 0, 0, 0, 0, 0, 0, 0, 0, 0, 0, 0, 0, 1, 18
"d:\workshops\eShop\src\eShop.AppHost\appsettings.json", "JSON", 11, 0, 0, 0, 0, 0, 0, 0, 0, 0, 0, 0, 0, 0, 0, 0, 0, 1, 1, 13
"d:\workshops\eShop\src\eShop.AppHost\eShop.AppHost.csproj", "XML", 0, 0, 0, 28, 0, 0, 0, 0, 0, 0, 0, 0, 0, 0, 0, 0, 0, 0, 5, 33
"d:\workshops\eShop\src\eShop.ServiceDefaults\AuthenticationExtensions.cs", "C#", 0, 0, 0, 0, 0, 0, 0, 0, 0, 0, 0, 0, 0, 0, 35, 0, 0, 9, 13, 57
"d:\workshops\eShop\src\eShop.ServiceDefaults\ClaimsPrincipalExtensions.cs", "C#", 0, 0, 0, 0, 0, 0, 0, 0, 0, 0, 0, 0, 0, 0, 9, 0, 0, 0, 4, 13
"d:\workshops\eShop\src\eShop.ServiceDefaults\ConfigurationExtensions.cs", "C#", 0, 0, 0, 0, 0, 0, 0, 0, 0, 0, 0, 0, 0, 0, 6, 0, 0, 0, 2, 8
"d:\workshops\eShop\src\eShop.ServiceDefaults\Extensions.cs", "C#", 0, 0, 0, 0, 0, 0, 0, 0, 0, 0, 0, 0, 0, 0, 111, 0, 0, 23, 30, 164
"d:\workshops\eShop\src\eShop.ServiceDefaults\HttpClientExtensions.cs", "C#", 0, 0, 0, 0, 0, 0, 0, 0, 0, 0, 0, 0, 0, 0, 40, 0, 0, 0, 13, 53
"d:\workshops\eShop\src\eShop.ServiceDefaults\OpenApi.Extensions.cs", "C#", 0, 0, 0, 0, 0, 0, 0, 0, 0, 0, 0, 0, 0, 0, 62, 0, 0, 3, 13, 78
"d:\workshops\eShop\src\eShop.ServiceDefaults\OpenApiOptionsExtensions.cs", "C#", 0, 0, 0, 0, 0, 0, 0, 0, 0, 0, 0, 0, 0, 0, 180, 0, 0, 2, 26, 208
"d:\workshops\eShop\src\eShop.ServiceDefaults\eShop.ServiceDefaults.csproj", "XML", 0, 0, 0, 24, 0, 0, 0, 0, 0, 0, 0, 0, 0, 0, 0, 0, 0, 0, 4, 28
"d:\workshops\eShop\tests\Basket.UnitTests\Basket.UnitTests.csproj", "XML", 0, 0, 0, 21, 0, 0, 0, 0, 0, 0, 0, 0, 0, 0, 0, 0, 0, 0, 5, 26
"d:\workshops\eShop\tests\Basket.UnitTests\BasketServiceTests.cs", "C#", 0, 0, 0, 0, 0, 0, 0, 0, 0, 0, 0, 0, 0, 0, 53, 0, 0, 0, 12, 65
"d:\workshops\eShop\tests\Basket.UnitTests\GlobalUsings.cs", "C#", 0, 0, 0, 0, 0, 0, 0, 0, 0, 0, 0, 0, 0, 0, 9, 0, 0, 0, 2, 11
"d:\workshops\eShop\tests\Basket.UnitTests\Helpers\TestServerCallContext.cs", "C#", 0, 0, 0, 0, 0, 0, 0, 0, 0, 0, 0, 0, 0, 0, 50, 0, 0, 0, 12, 62
"d:\workshops\eShop\tests\Catalog.FunctionalTests\Catalog.FunctionalTests.csproj", "XML", 0, 0, 0, 18, 0, 0, 0, 0, 0, 0, 0, 0, 0, 0, 0, 0, 0, 0, 5, 23
"d:\workshops\eShop\tests\Catalog.FunctionalTests\CatalogApiFixture.cs", "C#", 0, 0, 0, 0, 0, 0, 0, 0, 0, 0, 0, 0, 0, 0, 49, 0, 0, 0, 10, 59
"d:\workshops\eShop\tests\Catalog.FunctionalTests\CatalogApiTests.cs", "C#", 0, 0, 0, 0, 0, 0, 0, 0, 0, 0, 0, 0, 0, 0, 307, 0, 0, 47, 70, 424
"d:\workshops\eShop\tests\Catalog.FunctionalTests\GlobalUsings.cs", "C#", 0, 0, 0, 0, 0, 0, 0, 0, 0, 0, 0, 0, 0, 0, 10, 0, 0, 0, 1, 11
"d:\workshops\eShop\tests\ClientApp.UnitTests\ClientApp.UnitTests.csproj", "XML", 0, 0, 0, 19, 0, 0, 0, 0, 0, 0, 0, 0, 0, 0, 0, 0, 0, 0, 6, 25
"d:\workshops\eShop\tests\ClientApp.UnitTests\GlobalUsings.cs", "C#", 0, 0, 0, 0, 0, 0, 0, 0, 0, 0, 0, 0, 0, 0, 9, 0, 0, 0, 2, 11
"d:\workshops\eShop\tests\ClientApp.UnitTests\Mocks\MockDialogService.cs", "C#", 0, 0, 0, 0, 0, 0, 0, 0, 0, 0, 0, 0, 0, 0, 8, 0, 0, 0, 3, 11
"d:\workshops\eShop\tests\ClientApp.UnitTests\Mocks\MockNavigationService.cs", "C#", 0, 0, 0, 0, 0, 0, 0, 0, 0, 0, 0, 0, 0, 0, 16, 0, 0, 0, 5, 21
"d:\workshops\eShop\tests\ClientApp.UnitTests\Mocks\MockSettingsService.cs", "C#", 0, 0, 0, 0, 0, 0, 0, 0, 0, 0, 0, 0, 0, 0, 161, 0, 0, 0, 32, 193
"d:\workshops\eShop\tests\ClientApp.UnitTests\Mocks\MockViewModel.cs", "C#", 0, 0, 0, 0, 0, 0, 0, 0, 0, 0, 0, 0, 0, 0, 22, 0, 0, 0, 7, 29
"d:\workshops\eShop\tests\ClientApp.UnitTests\Services\BasketServiceTests.cs", "C#", 0, 0, 0, 0, 0, 0, 0, 0, 0, 0, 0, 0, 0, 0, 12, 0, 0, 0, 2, 14
"d:\workshops\eShop\tests\ClientApp.UnitTests\Services\CatalogServiceTests.cs", "C#", 0, 0, 0, 0, 0, 0, 0, 0, 0, 0, 0, 0, 0, 0, 26, 0, 0, 0, 7, 33
"d:\workshops\eShop\tests\ClientApp.UnitTests\Services\OrdersServiceTests.cs", "C#", 0, 0, 0, 0, 0, 0, 0, 0, 0, 0, 0, 0, 0, 0, 25, 0, 0, 0, 8, 33
"d:\workshops\eShop\tests\ClientApp.UnitTests\TestingExtensions.cs", "C#", 0, 0, 0, 0, 0, 0, 0, 0, 0, 0, 0, 0, 0, 0, 15, 0, 0, 0, 5, 20
"d:\workshops\eShop\tests\ClientApp.UnitTests\ViewModels\CatalogItemViewModelTests.cs", "C#", 0, 0, 0, 0, 0, 0, 0, 0, 0, 0, 0, 0, 0, 0, 49, 0, 0, 0, 14, 63
"d:\workshops\eShop\tests\ClientApp.UnitTests\ViewModels\CatalogViewModelTests.cs", "C#", 0, 0, 0, 0, 0, 0, 0, 0, 0, 0, 0, 0, 0, 0, 118, 0, 0, 0, 31, 149
"d:\workshops\eShop\tests\ClientApp.UnitTests\ViewModels\MainViewModelTests.cs", "C#", 0, 0, 0, 0, 0, 0, 0, 0, 0, 0, 0, 0, 0, 0, 23, 0, 0, 0, 6, 29
"d:\workshops\eShop\tests\ClientApp.UnitTests\ViewModels\MockViewModelTests.cs", "C#", 0, 0, 0, 0, 0, 0, 0, 0, 0, 0, 0, 0, 0, 0, 97, 0, 0, 0, 22, 119
"d:\workshops\eShop\tests\ClientApp.UnitTests\ViewModels\OrderViewModelTests.cs", "C#", 0, 0, 0, 0, 0, 0, 0, 0, 0, 0, 0, 0, 0, 0, 58, 0, 0, 0, 16, 74
"d:\workshops\eShop\tests\Directory.Build.props", "XML", 0, 0, 0, 8, 0, 0, 0, 0, 0, 0, 0, 0, 0, 0, 0, 0, 0, 2, 3, 13
"d:\workshops\eShop\tests\Identity.FunctionalTests\GlobalUsings.cs", "C#", 0, 0, 0, 0, 0, 0, 0, 0, 0, 0, 0, 0, 0, 0, 9, 0, 0, 0, 1, 10
"d:\workshops\eShop\tests\Identity.FunctionalTests\Identity.FunctionalTests.csproj", "XML", 0, 0, 0, 18, 0, 0, 0, 0, 0, 0, 0, 0, 0, 0, 0, 0, 0, 0, 4, 22
"d:\workshops\eShop\tests\Identity.FunctionalTests\IdentityApiFixture.cs", "C#", 0, 0, 0, 0, 0, 0, 0, 0, 0, 0, 0, 0, 0, 0, 53, 0, 0, 1, 11, 65
"d:\workshops\eShop\tests\Identity.FunctionalTests\IdentityApiTests.cs", "C#", 0, 0, 0, 0, 0, 0, 0, 0, 0, 0, 0, 0, 0, 0, 31, 0, 0, 0, 10, 41
"d:\workshops\eShop\tests\OrderProcessor.FunctionalTests\GlobalUsings.cs", "C#", 0, 0, 0, 0, 0, 0, 0, 0, 0, 0, 0, 0, 0, 0, 8, 0, 0, 0, 1, 9
"d:\workshops\eShop\tests\OrderProcessor.FunctionalTests\OrderProcessor.FunctionalTests.csproj", "XML", 0, 0, 0, 19, 0, 0, 0, 0, 0, 0, 0, 0, 0, 0, 0, 0, 0, 0, 4, 23
"d:\workshops\eShop\tests\OrderProcessor.FunctionalTests\OrderProcessorApiFixture.cs", "C#", 0, 0, 0, 0, 0, 0, 0, 0, 0, 0, 0, 0, 0, 0, 54, 0, 0, 1, 11, 66
"d:\workshops\eShop\tests\OrderProcessor.FunctionalTests\OrderProcessorApiTests.cs", "C#", 0, 0, 0, 0, 0, 0, 0, 0, 0, 0, 0, 0, 0, 0, 15, 0, 0, 0, 5, 20
"d:\workshops\eShop\tests\Ordering.FunctionalTests\AutoAuthorizeMiddleware.cs", "C#", 0, 0, 0, 0, 0, 0, 0, 0, 0, 0, 0, 0, 0, 0, 19, 0, 0, 0, 8, 27
"d:\workshops\eShop\tests\Ordering.FunctionalTests\GlobalUsings.cs", "C#", 0, 0, 0, 0, 0, 0, 0, 0, 0, 0, 0, 0, 0, 0, 13, 0, 0, 0, 1, 14
"d:\workshops\eShop\tests\Ordering.FunctionalTests\Ordering.FunctionalTests.csproj", "XML", 0, 0, 0, 21, 0, 0, 0, 0, 0, 0, 0, 0, 0, 0, 0, 0, 0, 0, 4, 25
"d:\workshops\eShop\tests\Ordering.FunctionalTests\OrderingApiFixture.cs", "C#", 0, 0, 0, 0, 0, 0, 0, 0, 0, 0, 0, 0, 0, 0, 67, 0, 0, 0, 11, 78
"d:\workshops\eShop\tests\Ordering.FunctionalTests\OrderingApiTests.cs", "C#", 0, 0, 0, 0, 0, 0, 0, 0, 0, 0, 0, 0, 0, 0, 236, 0, 0, 27, 41, 304
"d:\workshops\eShop\tests\Ordering.UnitTests\Application\IdentifiedCommandHandlerTest.cs", "C#", 0, 0, 0, 0, 0, 0, 0, 0, 0, 0, 0, 0, 0, 0, 58, 0, 0, 6, 14, 78
"d:\workshops\eShop\tests\Ordering.UnitTests\Application\NewOrderCommandHandlerTest.cs", "C#", 0, 0, 0, 0, 0, 0, 0, 0, 0, 0, 0, 0, 0, 0, 65, 0, 0, 3, 16, 84
"d:\workshops\eShop\tests\Ordering.UnitTests\Application\OrderingContextPoolingCompatibilityTests.cs", "C#", 0, 0, 0, 0, 0, 0, 0, 0, 0, 0, 0, 0, 0, 0, 17, 0, 0, 0, 5, 22
"d:\workshops\eShop\tests\Ordering.UnitTests\Application\OrdersWebApiTest.cs", "C#", 0, 0, 0, 0, 0, 0, 0, 0, 0, 0, 0, 0, 0, 0, 123, 0, 0, 21, 29, 173
"d:\workshops\eShop\tests\Ordering.UnitTests\Application\SetStockRejectedOrderStatusCommandTest.cs", "C#", 0, 0, 0, 0, 0, 0, 0, 0, 0, 0, 0, 0, 0, 0, 20, 0, 0, 4, 8, 32
"d:\workshops\eShop\tests\Ordering.UnitTests\Application\ValidRequestIdFilterTests.cs", "C#", 0, 0, 0, 0, 0, 0, 0, 0, 0, 0, 0, 0, 0, 0, 34, 0, 0, 6, 9, 49
"d:\workshops\eShop\tests\Ordering.UnitTests\Builders.cs", "C#", 0, 0, 0, 0, 0, 0, 0, 0, 0, 0, 0, 0, 0, 0, 40, 0, 0, 0, 7, 47
"d:\workshops\eShop\tests\Ordering.UnitTests\Domain\BuyerAggregateTest.cs", "C#", 0, 0, 0, 0, 0, 0, 0, 0, 0, 0, 0, 0, 0, 0, 91, 0, 0, 19, 21, 131
"d:\workshops\eShop\tests\Ordering.UnitTests\Domain\OrderAggregateTest.cs", "C#", 0, 0, 0, 0, 0, 0, 0, 0, 0, 0, 0, 0, 0, 0, 132, 0, 0, 22, 25, 179
"d:\workshops\eShop\tests\Ordering.UnitTests\Domain\SeedWork\ValueObjectTests.cs", "C#", 0, 0, 0, 0, 0, 0, 0, 0, 0, 0, 0, 0, 0, 0, 170, 0, 0, 4, 24, 198
"d:\workshops\eShop\tests\Ordering.UnitTests\GlobalUsings.cs", "C#", 0, 0, 0, 0, 0, 0, 0, 0, 0, 0, 0, 0, 0, 0, 20, 0, 0, 0, 2, 22
"d:\workshops\eShop\tests\Ordering.UnitTests\Ordering.UnitTests.csproj", "XML", 0, 0, 0, 21, 0, 0, 0, 0, 0, 0, 0, 0, 0, 0, 0, 0, 0, 0, 5, 26
"d:\workshops\eShop\tests\PaymentProcessor.FunctionalTests\GlobalUsings.cs", "C#", 0, 0, 0, 0, 0, 0, 0, 0, 0, 0, 0, 0, 0, 0, 9, 0, 0, 0, 1, 10
"d:\workshops\eShop\tests\PaymentProcessor.FunctionalTests\PaymentProcessor.FunctionalTests.csproj", "XML", 0, 0, 0, 18, 0, 0, 0, 0, 0, 0, 0, 0, 0, 0, 0, 0, 0, 0, 4, 22
"d:\workshops\eShop\tests\PaymentProcessor.FunctionalTests\PaymentProcessorApiFixture.cs", "C#", 0, 0, 0, 0, 0, 0, 0, 0, 0, 0, 0, 0, 0, 0, 45, 0, 0, 1, 9, 55
"d:\workshops\eShop\tests\PaymentProcessor.FunctionalTests\PaymentProcessorApiTests.cs", "C#", 0, 0, 0, 0, 0, 0, 0, 0, 0, 0, 0, 0, 0, 0, 15, 0, 0, 0, 5, 20
"d:\workshops\eShop\tests\README.md", "Markdown", 0, 0, 0, 0, 3, 0, 0, 0, 0, 0, 0, 0, 0, 0, 0, 0, 0, 0, 2, 5
"d:\workshops\eShop\tests\Webhooks.FunctionalTests\AutoAuthorizeMiddleware.cs", "C#", 0, 0, 0, 0, 0, 0, 0, 0, 0, 0, 0, 0, 0, 0, 19, 0, 0, 0, 8, 27
"d:\workshops\eShop\tests\Webhooks.FunctionalTests\GlobalUsings.cs", "C#", 0, 0, 0, 0, 0, 0, 0, 0, 0, 0, 0, 0, 0, 0, 15, 0, 0, 0, 1, 16
"d:\workshops\eShop\tests\Webhooks.FunctionalTests\Webhooks.FunctionalTests.csproj", "XML", 0, 0, 0, 19, 0, 0, 0, 0, 0, 0, 0, 0, 0, 0, 0, 0, 0, 0, 4, 23
"d:\workshops\eShop\tests\Webhooks.FunctionalTests\WebhooksApiFixture.cs", "C#", 0, 0, 0, 0, 0, 0, 0, 0, 0, 0, 0, 0, 0, 0, 76, 0, 0, 5, 11, 92
"d:\workshops\eShop\tests\Webhooks.FunctionalTests\WebhooksApiTests.cs", "C#", 0, 0, 0, 0, 0, 0, 0, 0, 0, 0, 0, 0, 0, 0, 109, 0, 0, 8, 31, 148
"Total", "-", 4229, 7003, 3, 23389, 532608, 2437, 156, 3370, 3762, 16798, 171, 190, 568, 3412, 20607, 2064, 2015, 6521, 205840, 835143